url,file,category,date_published,wp_origin,status,issue_class,n_md_images,component_images,portrait_lone,portrait_lone_small,portrait_grid,landscape,img_missing,img_malformed,img_unsupported,img_unreadable,notes
https://www.beauticate.com/beauty-style/beauty-tips/10-products-to-help-you-master-multitasking/,content/beauty-style/beauty-tips/10-products-to-help-you-master-multitasking/10-products-to-help-you-master-multitasking.mdx,beauty-style,2017-03-01,True,broken,portrait-render,7,0,6,6,0,1,0,0,0,0,6 small/tall portrait(s) as plain markdown → render tiny & left-flush (portrait-standard violation); 1 landscape plain-md image(s) → fill body measure (acceptable); position-correctness: not verifiable (WordPress source CDN offline)
https://www.beauticate.com/beauty-style/beauty-tips/2016s-fastest-growing-beauty-product-might-surprise-you/,content/beauty-style/beauty-tips/2016s-fastest-growing-beauty-product-might-surprise-you/2016s-fastest-growing-beauty-product-might-surprise-you.mdx,beauty-style,2016-12-12,True,correct,clean,1,0,0,0,0,1,0,0,0,0,1 landscape plain-md image(s) → fill body measure (acceptable); position-correctness: not verifiable (WordPress source CDN offline)
https://www.beauticate.com/beauty-style/beauty-tips/2019-beauty-trends-pinterest/,content/beauty-style/beauty-tips/2019-beauty-trends-pinterest/2019-beauty-trends-pinterest.mdx,beauty-style,2019-02-11,True,broken,portrait-render,14,0,13,13,0,1,0,0,0,0,13 small/tall portrait(s) as plain markdown → render tiny & left-flush (portrait-standard violation); 1 landscape plain-md image(s) → fill body measure (acceptable); position-correctness: not verifiable (WordPress source CDN offline)
https://www.beauticate.com/beauty-style/beauty-tips/2020s-best-beauty-advent-calendars-and-christmas-crackers/,content/beauty-style/beauty-tips/2020s-best-beauty-advent-calendars-and-christmas-crackers/2020s-best-beauty-advent-calendars-and-christmas-crackers.mdx,beauty-style,2020-11-27,True,correct,clean,9,0,0,0,3,1,0,0,0,0,3 portrait(s) inside consecutive-image grid (cover-cropped gallery); 1 landscape plain-md image(s) → fill body measure (acceptable); position-correctness: not verifiable (WordPress source CDN offline)
https://www.beauticate.com/beauty-style/beauty-tips/5-celeb-beauty-looks-to-copy-this-weekend-as-seen-on-instagram-2/,content/beauty-style/beauty-tips/5-celeb-beauty-looks-to-copy-this-weekend-as-seen-on-instagram-2/5-celeb-beauty-looks-to-copy-this-weekend-as-seen-on-instagram-2.mdx,beauty-style,2018-05-24,True,broken,portrait-render,6,0,2,2,2,1,0,0,0,0,2 small/tall portrait(s) as plain markdown → render tiny & left-flush (portrait-standard violation); 2 portrait(s) inside consecutive-image grid (cover-cropped gallery); 1 landscape plain-md image(s) → fill body measure (acceptable); position-correctness: not verifiable (WordPress source CDN offline)
https://www.beauticate.com/beauty-style/beauty-tips/5-times-taylor-swift-nailed-beauty-in-new-video/,content/beauty-style/beauty-tips/5-times-taylor-swift-nailed-beauty-in-new-video/5-times-taylor-swift-nailed-beauty-in-new-video.mdx,beauty-style,2017-08-29,True,broken,portrait-render,22,0,18,18,0,2,0,0,0,0,18 small/tall portrait(s) as plain markdown → render tiny & left-flush (portrait-standard violation); 2 landscape plain-md image(s) → fill body measure (acceptable); position-correctness: not verifiable (WordPress source CDN offline)
https://www.beauticate.com/beauty-style/beauty-tips/6-celebrity-instagram-accounts-you-need-to-follow-for-party-beauty-inspo/,content/beauty-style/beauty-tips/6-celebrity-instagram-accounts-you-need-to-follow-for-party-beauty-inspo/6-celebrity-instagram-accounts-you-need-to-follow-for-party-beauty-inspo.mdx,beauty-style,2016-12-31,True,correct,clean,1,0,0,0,0,1,0,0,0,0,1 landscape plain-md image(s) → fill body measure (acceptable); position-correctness: not verifiable (WordPress source CDN offline)
https://www.beauticate.com/beauty-style/beauty-tips/6-common-awkward-beauty-blunders-and-how-to-avoid-them/,content/beauty-style/beauty-tips/6-common-awkward-beauty-blunders-and-how-to-avoid-them/6-common-awkward-beauty-blunders-and-how-to-avoid-them.mdx,beauty-style,2017-07-11,True,correct,clean,1,0,0,0,0,1,0,0,0,0,1 landscape plain-md image(s) → fill body measure (acceptable); position-correctness: not verifiable (WordPress source CDN offline)
https://www.beauticate.com/beauty-style/beauty-tips/6-spring-beauty-buys-were-coveting/,content/beauty-style/beauty-tips/6-spring-beauty-buys-were-coveting/6-spring-beauty-buys-were-coveting.mdx,beauty-style,2015-09-08,True,broken,portrait-render,7,0,3,3,0,2,0,0,0,0,3 small/tall portrait(s) as plain markdown → render tiny & left-flush (portrait-standard violation); 2 landscape plain-md image(s) → fill body measure (acceptable); position-correctness: not verifiable (WordPress source CDN offline)
https://www.beauticate.com/beauty-style/beauty-tips/6-ways-to-make-your-coffee-work-harder/,content/beauty-style/beauty-tips/6-ways-to-make-your-coffee-work-harder/6-ways-to-make-your-coffee-work-harder.mdx,beauty-style,2017-07-11,True,correct,clean,1,0,0,0,0,1,0,0,0,0,1 landscape plain-md image(s) → fill body measure (acceptable); position-correctness: not verifiable (WordPress source CDN offline)
https://www.beauticate.com/beauty-style/beauty-tips/6-ways-to-pick-pocket-parisienne-preening/,content/beauty-style/beauty-tips/6-ways-to-pick-pocket-parisienne-preening/6-ways-to-pick-pocket-parisienne-preening.mdx,beauty-style,2014-07-11,True,broken,portrait-render,10,0,6,6,0,4,0,0,0,0,6 small/tall portrait(s) as plain markdown → render tiny & left-flush (portrait-standard violation); 4 landscape plain-md image(s) → fill body measure (acceptable); position-correctness: not verifiable (WordPress source CDN offline)
https://www.beauticate.com/beauty-style/beauty-tips/7-christmas-essentials-sigourneys-edit/,content/beauty-style/beauty-tips/7-christmas-essentials-sigourneys-edit/7-christmas-essentials-sigourneys-edit.mdx,beauty-style,2014-12-11,True,broken,portrait-render,8,0,3,3,0,4,0,0,0,0,3 small/tall portrait(s) as plain markdown → render tiny & left-flush (portrait-standard violation); 4 landscape plain-md image(s) → fill body measure (acceptable); position-correctness: not verifiable (WordPress source CDN offline)
https://www.beauticate.com/beauty-style/beauty-tips/a-very-beauticate-christmas-guide/,content/beauty-style/beauty-tips/a-very-beauticate-christmas-guide/a-very-beauticate-christmas-guide.mdx,beauty-style,2015-12-07,True,correct,clean,6,0,0,0,0,1,0,0,0,0,1 landscape plain-md image(s) → fill body measure (acceptable); position-correctness: not verifiable (WordPress source CDN offline)
https://www.beauticate.com/beauty-style/beauty-tips/abigail-oneill-hydrotherapy/,content/beauty-style/beauty-tips/abigail-oneill-hydrotherapy/abigail-oneill-hydrotherapy.mdx,beauty-style,2018-11-19,True,broken,portrait-render,4,0,1,1,2,1,0,0,0,0,1 small/tall portrait(s) as plain markdown → render tiny & left-flush (portrait-standard violation); 2 portrait(s) inside consecutive-image grid (cover-cropped gallery); 1 landscape plain-md image(s) → fill body measure (acceptable); position-correctness: not verifiable (WordPress source CDN offline)
https://www.beauticate.com/beauty-style/beauty-tips/alessandra-ambrosio-unveils-a-sexy-new-do/,content/beauty-style/beauty-tips/alessandra-ambrosio-unveils-a-sexy-new-do/alessandra-ambrosio-unveils-a-sexy-new-do.mdx,beauty-style,2016-12-15,True,correct,clean,1,0,0,0,0,1,0,0,0,0,1 landscape plain-md image(s) → fill body measure (acceptable); position-correctness: not verifiable (WordPress source CDN offline)
https://www.beauticate.com/beauty-style/beauty-tips/an-insomniacs-guide-to-beauty-before-bed/,content/beauty-style/beauty-tips/an-insomniacs-guide-to-beauty-before-bed/an-insomniacs-guide-to-beauty-before-bed.mdx,beauty-style,2021-03-10,True,correct,clean,6,0,0,0,1,0,0,0,0,0,1 portrait(s) inside consecutive-image grid (cover-cropped gallery); position-correctness: not verifiable (WordPress source CDN offline)
https://www.beauticate.com/beauty-style/beauty-tips/april-fools-2017-pranks-we-fell-for/,content/beauty-style/beauty-tips/april-fools-2017-pranks-we-fell-for/april-fools-2017-pranks-we-fell-for.mdx,beauty-style,2017-04-03,True,correct,clean,2,0,0,0,0,2,0,0,0,0,2 landscape plain-md image(s) → fill body measure (acceptable); position-correctness: not verifiable (WordPress source CDN offline)
https://www.beauticate.com/beauty-style/beauty-tips/arizona-muse-has-yet-to-disappoint/,content/beauty-style/beauty-tips/arizona-muse-has-yet-to-disappoint/arizona-muse-has-yet-to-disappoint.mdx,beauty-style,2017-06-22,True,correct,clean,1,0,0,0,0,1,0,0,0,0,1 landscape plain-md image(s) → fill body measure (acceptable); position-correctness: not verifiable (WordPress source CDN offline)
https://www.beauticate.com/beauty-style/beauty-tips/australias-next-top-model-winner-is/,content/beauty-style/beauty-tips/australias-next-top-model-winner-is/australias-next-top-model-winner-is.mdx,beauty-style,2016-11-22,True,correct,clean,1,0,0,0,0,1,0,0,0,0,1 landscape plain-md image(s) → fill body measure (acceptable); position-correctness: not verifiable (WordPress source CDN offline)
https://www.beauticate.com/beauty-style/beauty-tips/avoid-beach-disaster/,content/beauty-style/beauty-tips/avoid-beach-disaster/avoid-beach-disaster.mdx,beauty-style,2013-12-27,True,broken,portrait-render,5,0,1,1,3,1,0,0,0,0,1 small/tall portrait(s) as plain markdown → render tiny & left-flush (portrait-standard violation); 3 portrait(s) inside consecutive-image grid (cover-cropped gallery); 1 landscape plain-md image(s) → fill body measure (acceptable); position-correctness: not verifiable (WordPress source CDN offline)
https://www.beauticate.com/beauty-style/beauty-tips/baby-news-for-vs-model-revealed-moments-after-show/,content/beauty-style/beauty-tips/baby-news-for-vs-model-revealed-moments-after-show/baby-news-for-vs-model-revealed-moments-after-show.mdx,beauty-style,2016-12-01,True,correct,clean,1,0,0,0,0,1,0,0,0,0,1 landscape plain-md image(s) → fill body measure (acceptable); position-correctness: not verifiable (WordPress source CDN offline)
https://www.beauticate.com/beauty-style/beauty-tips/bad-news-for-white-wine-drinkers/,content/beauty-style/beauty-tips/bad-news-for-white-wine-drinkers/bad-news-for-white-wine-drinkers.mdx,beauty-style,2016-12-08,True,correct,clean,1,0,0,0,0,1,0,0,0,0,1 landscape plain-md image(s) → fill body measure (acceptable); position-correctness: not verifiable (WordPress source CDN offline)
https://www.beauticate.com/beauty-style/beauty-tips/beauticate-collective-editors-experts/,content/beauty-style/beauty-tips/beauticate-collective-editors-experts/beauticate-collective-editors-experts.mdx,beauty-style,2026-05-15,True,broken,portrait-render,15,0,12,12,0,0,0,0,0,0,12 small/tall portrait(s) as plain markdown → render tiny & left-flush (portrait-standard violation); position-correctness: not verifiable (WordPress source CDN offline)
https://www.beauticate.com/beauty-style/beauty-tips/beauty-and-dessert-have-just-merged-and-were-loving-it/,content/beauty-style/beauty-tips/beauty-and-dessert-have-just-merged-and-were-loving-it/beauty-and-dessert-have-just-merged-and-were-loving-it.mdx,beauty-style,2017-11-21,True,correct,clean,1,0,0,0,0,1,0,0,0,0,1 landscape plain-md image(s) → fill body measure (acceptable); position-correctness: not verifiable (WordPress source CDN offline)
https://www.beauticate.com/beauty-style/beauty-tips/beauty-products-to-sleep-better/,content/beauty-style/beauty-tips/beauty-products-to-sleep-better/beauty-products-to-sleep-better.mdx,beauty-style,2018-10-15,True,broken,portrait-render,6,0,1,1,3,1,0,0,0,0,1 small/tall portrait(s) as plain markdown → render tiny & left-flush (portrait-standard violation); 3 portrait(s) inside consecutive-image grid (cover-cropped gallery); 1 landscape plain-md image(s) → fill body measure (acceptable); position-correctness: not verifiable (WordPress source CDN offline)
https://www.beauticate.com/beauty-style/beauty-tips/beauty-to-the-rescue-5-buys-to-do-a-world-of-good/,content/beauty-style/beauty-tips/beauty-to-the-rescue-5-buys-to-do-a-world-of-good/beauty-to-the-rescue-5-buys-to-do-a-world-of-good.mdx,beauty-style,2020-09-15,True,broken,portrait-render,5,0,2,2,3,0,0,0,0,0,2 small/tall portrait(s) as plain markdown → render tiny & left-flush (portrait-standard violation); 3 portrait(s) inside consecutive-image grid (cover-cropped gallery); position-correctness: not verifiable (WordPress source CDN offline)
https://www.beauticate.com/beauty-style/beauty-tips/behind-the-scenes-with-chanel-and-lily-rose-depp/,content/beauty-style/beauty-tips/behind-the-scenes-with-chanel-and-lily-rose-depp/behind-the-scenes-with-chanel-and-lily-rose-depp.mdx,beauty-style,2017-03-17,True,correct,clean,3,0,0,0,0,3,0,0,0,0,3 landscape plain-md image(s) → fill body measure (acceptable); position-correctness: not verifiable (WordPress source CDN offline)
https://www.beauticate.com/beauty-style/beauty-tips/bella-hadid-just-topped-all-2016-hair-trends-with-this-new-do/,content/beauty-style/beauty-tips/bella-hadid-just-topped-all-2016-hair-trends-with-this-new-do/bella-hadid-just-topped-all-2016-hair-trends-with-this-new-do.mdx,beauty-style,2016-12-07,True,correct,clean,1,0,0,0,0,1,0,0,0,0,1 landscape plain-md image(s) → fill body measure (acceptable); position-correctness: not verifiable (WordPress source CDN offline)
https://www.beauticate.com/beauty-style/beauty-tips/benefits-of-rice-water-for-face-you-can-diy-this-royal-beauty-treatment/,content/beauty-style/beauty-tips/benefits-of-rice-water-for-face-you-can-diy-this-royal-beauty-treatment/benefits-of-rice-water-for-face-you-can-diy-this-royal-beauty-treatment.mdx,beauty-style,2020-09-30,True,broken,portrait-render,3,0,3,3,0,0,0,0,0,0,3 small/tall portrait(s) as plain markdown → render tiny & left-flush (portrait-standard violation); position-correctness: not verifiable (WordPress source CDN offline)
https://www.beauticate.com/beauty-style/beauty-tips/best-new-beauty-gadgets/,content/beauty-style/beauty-tips/best-new-beauty-gadgets/best-new-beauty-gadgets.mdx,beauty-style,2018-02-21,True,correct,clean,3,0,0,0,3,0,0,0,0,0,3 portrait(s) inside consecutive-image grid (cover-cropped gallery); position-correctness: not verifiable (WordPress source CDN offline)
https://www.beauticate.com/beauty-style/beauty-tips/bondi-sands-is-launching-tan-for-guys-and-its-amazing/,content/beauty-style/beauty-tips/bondi-sands-is-launching-tan-for-guys-and-its-amazing/bondi-sands-is-launching-tan-for-guys-and-its-amazing.mdx,beauty-style,2017-02-07,True,correct,clean,1,0,0,0,0,1,0,0,0,0,1 landscape plain-md image(s) → fill body measure (acceptable); position-correctness: not verifiable (WordPress source CDN offline)
https://www.beauticate.com/beauty-style/beauty-tips/bored-of-your-deodorant-these-beauties-will-help-elevate-your-morning-routine/,content/beauty-style/beauty-tips/bored-of-your-deodorant-these-beauties-will-help-elevate-your-morning-routine/bored-of-your-deodorant-these-beauties-will-help-elevate-your-morning-routine.mdx,beauty-style,2022-04-13,True,correct,clean,4,0,0,0,0,0,0,0,0,0,position-correctness: not verifiable (WordPress source CDN offline)
https://www.beauticate.com/beauty-style/beauty-tips/bridal-beauty-routine-these-are-the-specific-details-of-how-i-prepped-for-my-wedding/,content/beauty-style/beauty-tips/bridal-beauty-routine-these-are-the-specific-details-of-how-i-prepped-for-my-wedding/bridal-beauty-routine-these-are-the-specific-details-of-how-i-prepped-for-my-wedding.mdx,beauty-style,2020-11-24,True,correct,clean,5,0,0,0,2,2,0,0,0,0,2 portrait(s) inside consecutive-image grid (cover-cropped gallery); 2 landscape plain-md image(s) → fill body measure (acceptable); position-correctness: not verifiable (WordPress source CDN offline)
https://www.beauticate.com/beauty-style/beauty-tips/bridal-beauty-sigourneys-edit/,content/beauty-style/beauty-tips/bridal-beauty-sigourneys-edit/bridal-beauty-sigourneys-edit.mdx,beauty-style,2015-08-17,True,broken,portrait-render,3,0,3,3,0,0,0,0,0,0,3 small/tall portrait(s) as plain markdown → render tiny & left-flush (portrait-standard violation); position-correctness: not verifiable (WordPress source CDN offline)
https://www.beauticate.com/beauty-style/beauty-tips/cara-delevingne-has-an-awesome-approach-towards-aging/,content/beauty-style/beauty-tips/cara-delevingne-has-an-awesome-approach-towards-aging/cara-delevingne-has-an-awesome-approach-towards-aging.mdx,beauty-style,2017-02-08,True,correct,clean,1,0,0,0,0,1,0,0,0,0,1 landscape plain-md image(s) → fill body measure (acceptable); position-correctness: not verifiable (WordPress source CDN offline)
https://www.beauticate.com/beauty-style/beauty-tips/cauliflower-fried-rice/,content/beauty-style/beauty-tips/cauliflower-fried-rice/cauliflower-fried-rice.mdx,beauty-style,2014-10-01,True,broken,portrait-render,3,0,1,1,0,1,0,0,0,0,1 small/tall portrait(s) as plain markdown → render tiny & left-flush (portrait-standard violation); 1 landscape plain-md image(s) → fill body measure (acceptable); position-correctness: not verifiable (WordPress source CDN offline)
https://www.beauticate.com/beauty-style/beauty-tips/celebrity-beauty-brands-are-they-actually-worth-the-hype-2/,content/beauty-style/beauty-tips/celebrity-beauty-brands-are-they-actually-worth-the-hype-2/celebrity-beauty-brands-are-they-actually-worth-the-hype-2.mdx,beauty-style,2018-07-31,True,broken,portrait-render,6,0,2,2,3,1,0,0,0,0,2 small/tall portrait(s) as plain markdown → render tiny & left-flush (portrait-standard violation); 3 portrait(s) inside consecutive-image grid (cover-cropped gallery); 1 landscape plain-md image(s) → fill body measure (acceptable); position-correctness: not verifiable (WordPress source CDN offline)
https://www.beauticate.com/beauty-style/beauty-tips/chloe-morello-launches-two-big-beauty-collaborations/,content/beauty-style/beauty-tips/chloe-morello-launches-two-big-beauty-collaborations/chloe-morello-launches-two-big-beauty-collaborations.mdx,beauty-style,2016-11-25,True,correct,clean,1,0,0,0,0,1,0,0,0,0,1 landscape plain-md image(s) → fill body measure (acceptable); position-correctness: not verifiable (WordPress source CDN offline)
https://www.beauticate.com/beauty-style/beauty-tips/christmas-2022/,content/beauty-style/beauty-tips/christmas-2022/christmas-2022.mdx,beauty-style,2022-11-30,True,broken,portrait-render,40,0,39,38,0,0,0,0,0,0,38 small/tall portrait(s) as plain markdown → render tiny & left-flush (portrait-standard violation); position-correctness: not verifiable (WordPress source CDN offline)
https://www.beauticate.com/beauty-style/beauty-tips/christmas-beauty-products-you-can-hang-from-your-tree/,content/beauty-style/beauty-tips/christmas-beauty-products-you-can-hang-from-your-tree/christmas-beauty-products-you-can-hang-from-your-tree.mdx,beauty-style,2017-12-20,True,broken,portrait-render,7,0,6,6,0,1,0,0,0,0,6 small/tall portrait(s) as plain markdown → render tiny & left-flush (portrait-standard violation); 1 landscape plain-md image(s) → fill body measure (acceptable); position-correctness: not verifiable (WordPress source CDN offline)
https://www.beauticate.com/beauty-style/beauty-tips/christmas-practical-gift-guide-for-everyone-on-your-list/,content/beauty-style/beauty-tips/christmas-practical-gift-guide-for-everyone-on-your-list/christmas-practical-gift-guide-for-everyone-on-your-list.mdx,beauty-style,2017-12-12,True,broken,portrait-render,20,0,19,19,0,1,0,0,0,0,19 small/tall portrait(s) as plain markdown → render tiny & left-flush (portrait-standard violation); 1 landscape plain-md image(s) → fill body measure (acceptable); position-correctness: not verifiable (WordPress source CDN offline)
https://www.beauticate.com/beauty-style/beauty-tips/define-your-brows-like-a-beauty-icon/,content/beauty-style/beauty-tips/define-your-brows-like-a-beauty-icon/define-your-brows-like-a-beauty-icon.mdx,beauty-style,2014-02-27,True,broken,portrait-render,16,0,13,13,0,1,0,0,0,0,13 small/tall portrait(s) as plain markdown → render tiny & left-flush (portrait-standard violation); 1 landscape plain-md image(s) → fill body measure (acceptable); position-correctness: not verifiable (WordPress source CDN offline)
https://www.beauticate.com/beauty-style/beauty-tips/drake-loves-this-beauty-product-so-much-he-got-a-tattoo-of-it/,content/beauty-style/beauty-tips/drake-loves-this-beauty-product-so-much-he-got-a-tattoo-of-it/drake-loves-this-beauty-product-so-much-he-got-a-tattoo-of-it.mdx,beauty-style,2017-04-03,True,correct,clean,1,0,0,0,0,1,0,0,0,0,1 landscape plain-md image(s) → fill body measure (acceptable); position-correctness: not verifiable (WordPress source CDN offline)
https://www.beauticate.com/beauty-style/beauty-tips/eight-beauty-habits-every-woman-should-have-sigourneys-edit/,content/beauty-style/beauty-tips/eight-beauty-habits-every-woman-should-have-sigourneys-edit/eight-beauty-habits-every-woman-should-have-sigourneys-edit.mdx,beauty-style,2017-09-28,True,broken,portrait-render,24,0,23,23,0,1,0,0,0,0,23 small/tall portrait(s) as plain markdown → render tiny & left-flush (portrait-standard violation); 1 landscape plain-md image(s) → fill body measure (acceptable); position-correctness: not verifiable (WordPress source CDN offline)
https://www.beauticate.com/beauty-style/beauty-tips/essential-beauty-products-for-this-wedding-season/,content/beauty-style/beauty-tips/essential-beauty-products-for-this-wedding-season/essential-beauty-products-for-this-wedding-season.mdx,beauty-style,2023-09-18,True,broken,portrait-render,27,0,18,18,2,5,0,0,0,0,18 small/tall portrait(s) as plain markdown → render tiny & left-flush (portrait-standard violation); 2 portrait(s) inside consecutive-image grid (cover-cropped gallery); 5 landscape plain-md image(s) → fill body measure (acceptable); position-correctness: not verifiable (WordPress source CDN offline)
https://www.beauticate.com/beauty-style/beauty-tips/everything-i-know-about-suncare-i-learnt-from-my-mum/,content/beauty-style/beauty-tips/everything-i-know-about-suncare-i-learnt-from-my-mum/everything-i-know-about-suncare-i-learnt-from-my-mum.mdx,beauty-style,2018-01-23,True,broken,portrait-render,11,0,9,9,2,0,0,0,0,0,9 small/tall portrait(s) as plain markdown → render tiny & left-flush (portrait-standard violation); 2 portrait(s) inside consecutive-image grid (cover-cropped gallery); position-correctness: not verifiable (WordPress source CDN offline)
https://www.beauticate.com/beauty-style/beauty-tips/fashion-force-strong-women-ruled-at-mbfwa/,content/beauty-style/beauty-tips/fashion-force-strong-women-ruled-at-mbfwa/fashion-force-strong-women-ruled-at-mbfwa.mdx,beauty-style,2015-04-20,True,broken,portrait-render,9,0,8,8,0,1,0,0,0,0,8 small/tall portrait(s) as plain markdown → render tiny & left-flush (portrait-standard violation); 1 landscape plain-md image(s) → fill body measure (acceptable); position-correctness: not verifiable (WordPress source CDN offline)
https://www.beauticate.com/beauty-style/beauty-tips/fathers-day-gift-guide/,content/beauty-style/beauty-tips/fathers-day-gift-guide/fathers-day-gift-guide.mdx,beauty-style,2017-08-30,True,broken,portrait-render,15,0,14,14,0,1,0,0,0,0,14 small/tall portrait(s) as plain markdown → render tiny & left-flush (portrait-standard violation); 1 landscape plain-md image(s) → fill body measure (acceptable); position-correctness: not verifiable (WordPress source CDN offline)
https://www.beauticate.com/beauty-style/beauty-tips/fenty-beauty-just-launched-proving-that-rihanna-does-it-best/,content/beauty-style/beauty-tips/fenty-beauty-just-launched-proving-that-rihanna-does-it-best/fenty-beauty-just-launched-proving-that-rihanna-does-it-best.mdx,beauty-style,2017-09-11,True,correct,clean,1,0,0,0,0,1,0,0,0,0,1 landscape plain-md image(s) → fill body measure (acceptable); position-correctness: not verifiable (WordPress source CDN offline)
https://www.beauticate.com/beauty-style/beauty-tips/five-quick-tips-to-switch-up-your-routine-for-summer-sigourneys-edit/,content/beauty-style/beauty-tips/five-quick-tips-to-switch-up-your-routine-for-summer-sigourneys-edit/five-quick-tips-to-switch-up-your-routine-for-summer-sigourneys-edit.mdx,beauty-style,2016-11-22,True,broken,portrait-render,6,0,5,5,0,1,0,0,0,0,5 small/tall portrait(s) as plain markdown → render tiny & left-flush (portrait-standard violation); 1 landscape plain-md image(s) → fill body measure (acceptable); position-correctness: not verifiable (WordPress source CDN offline)
https://www.beauticate.com/beauty-style/beauty-tips/get-ready-with-ashley-hart/,content/beauty-style/beauty-tips/get-ready-with-ashley-hart/get-ready-with-ashley-hart.mdx,beauty-style,2017-10-16,True,broken,portrait-render,3,0,2,2,0,1,0,0,0,0,2 small/tall portrait(s) as plain markdown → render tiny & left-flush (portrait-standard violation); 1 landscape plain-md image(s) → fill body measure (acceptable); position-correctness: not verifiable (WordPress source CDN offline)
https://www.beauticate.com/beauty-style/beauty-tips/get-ready-with-elyse-taylor/,content/beauty-style/beauty-tips/get-ready-with-elyse-taylor/get-ready-with-elyse-taylor.mdx,beauty-style,2017-08-16,True,broken,portrait-render,6,0,5,5,0,1,0,0,0,0,5 small/tall portrait(s) as plain markdown → render tiny & left-flush (portrait-standard violation); 1 landscape plain-md image(s) → fill body measure (acceptable); position-correctness: not verifiable (WordPress source CDN offline)
https://www.beauticate.com/beauty-style/beauty-tips/get-ready-with-jessica-gomes/,content/beauty-style/beauty-tips/get-ready-with-jessica-gomes/get-ready-with-jessica-gomes.mdx,beauty-style,2017-05-30,True,broken,portrait-render,6,0,3,3,2,1,0,0,0,0,3 small/tall portrait(s) as plain markdown → render tiny & left-flush (portrait-standard violation); 2 portrait(s) inside consecutive-image grid (cover-cropped gallery); 1 landscape plain-md image(s) → fill body measure (acceptable); position-correctness: not verifiable (WordPress source CDN offline)
https://www.beauticate.com/beauty-style/beauty-tips/get-ready-with-miranda-kerr/,content/beauty-style/beauty-tips/get-ready-with-miranda-kerr/get-ready-with-miranda-kerr.mdx,beauty-style,2017-11-16,True,broken,portrait-render,6,0,1,1,4,1,0,0,0,0,1 small/tall portrait(s) as plain markdown → render tiny & left-flush (portrait-standard violation); 4 portrait(s) inside consecutive-image grid (cover-cropped gallery); 1 landscape plain-md image(s) → fill body measure (acceptable); position-correctness: not verifiable (WordPress source CDN offline)
https://www.beauticate.com/beauty-style/beauty-tips/get-ready-with-sigourney/,content/beauty-style/beauty-tips/get-ready-with-sigourney/get-ready-with-sigourney.mdx,beauty-style,2016-10-12,True,broken,portrait-render,12,0,10,10,0,2,0,0,0,0,10 small/tall portrait(s) as plain markdown → render tiny & left-flush (portrait-standard violation); 2 landscape plain-md image(s) → fill body measure (acceptable); position-correctness: not verifiable (WordPress source CDN offline)
https://www.beauticate.com/beauty-style/beauty-tips/get-your-a-game-on-5-of-the-best-pre-party-pick-me-ups/,content/beauty-style/beauty-tips/get-your-a-game-on-5-of-the-best-pre-party-pick-me-ups/get-your-a-game-on-5-of-the-best-pre-party-pick-me-ups.mdx,beauty-style,2015-12-02,True,broken,portrait-render,6,0,4,4,0,2,0,0,0,0,4 small/tall portrait(s) as plain markdown → render tiny & left-flush (portrait-standard violation); 2 landscape plain-md image(s) → fill body measure (acceptable); position-correctness: not verifiable (WordPress source CDN offline)
https://www.beauticate.com/beauty-style/beauty-tips/gift-guide-every-beauty-lover/,content/beauty-style/beauty-tips/gift-guide-every-beauty-lover/gift-guide-every-beauty-lover.mdx,beauty-style,2018-12-04,True,broken,portrait-render,18,0,15,15,0,1,0,0,0,0,15 small/tall portrait(s) as plain markdown → render tiny & left-flush (portrait-standard violation); 1 landscape plain-md image(s) → fill body measure (acceptable); position-correctness: not verifiable (WordPress source CDN offline)
https://www.beauticate.com/beauty-style/beauty-tips/go-from-day-to-night-in-record-time/,content/beauty-style/beauty-tips/go-from-day-to-night-in-record-time/go-from-day-to-night-in-record-time.mdx,beauty-style,2014-06-12,True,correct,clean,3,0,0,0,3,0,0,0,0,0,3 portrait(s) inside consecutive-image grid (cover-cropped gallery); position-correctness: not verifiable (WordPress source CDN offline)
https://www.beauticate.com/beauty-style/beauty-tips/go-jazz-bar-glam-a-la-the-emmy-awards/,content/beauty-style/beauty-tips/go-jazz-bar-glam-a-la-the-emmy-awards/go-jazz-bar-glam-a-la-the-emmy-awards.mdx,beauty-style,2015-09-25,True,broken,portrait-render,9,0,5,5,3,1,0,0,0,0,5 small/tall portrait(s) as plain markdown → render tiny & left-flush (portrait-standard violation); 3 portrait(s) inside consecutive-image grid (cover-cropped gallery); 1 landscape plain-md image(s) → fill body measure (acceptable); position-correctness: not verifiable (WordPress source CDN offline)
https://www.beauticate.com/beauty-style/beauty-tips/go-tos-launch-2/,content/beauty-style/beauty-tips/go-tos-launch-2/go-tos-launch-2.mdx,beauty-style,2015-12-14,True,correct,clean,1,0,0,0,0,1,0,0,0,0,1 landscape plain-md image(s) → fill body measure (acceptable); position-correctness: not verifiable (WordPress source CDN offline)
https://www.beauticate.com/beauty-style/beauty-tips/go-tos-launch/,content/beauty-style/beauty-tips/go-tos-launch/go-tos-launch.mdx,beauty-style,2015-12-14,True,correct,clean,1,0,0,0,0,1,0,0,0,0,1 landscape plain-md image(s) → fill body measure (acceptable); position-correctness: not verifiable (WordPress source CDN offline)
https://www.beauticate.com/beauty-style/beauty-tips/great-aussie-products-we-love-and-how-we-use-them/,content/beauty-style/beauty-tips/great-aussie-products-we-love-and-how-we-use-them/great-aussie-products-we-love-and-how-we-use-them.mdx,beauty-style,2017-01-25,True,broken,portrait-render,24,0,12,12,4,4,0,0,0,0,12 small/tall portrait(s) as plain markdown → render tiny & left-flush (portrait-standard violation); 4 portrait(s) inside consecutive-image grid (cover-cropped gallery); 4 landscape plain-md image(s) → fill body measure (acceptable); position-correctness: not verifiable (WordPress source CDN offline)
https://www.beauticate.com/beauty-style/beauty-tips/gucci-created-totally-relatable-memes-for-their-new-campaign/,content/beauty-style/beauty-tips/gucci-created-totally-relatable-memes-for-their-new-campaign/gucci-created-totally-relatable-memes-for-their-new-campaign.mdx,beauty-style,2017-03-29,True,correct,clean,10,0,0,0,1,2,0,0,0,0,1 portrait(s) inside consecutive-image grid (cover-cropped gallery); 2 landscape plain-md image(s) → fill body measure (acceptable); position-correctness: not verifiable (WordPress source CDN offline)
https://www.beauticate.com/beauty-style/beauty-tips/hailey-baldwin-glows-at-modelco-collab-launch/,content/beauty-style/beauty-tips/hailey-baldwin-glows-at-modelco-collab-launch/hailey-baldwin-glows-at-modelco-collab-launch.mdx,beauty-style,2016-12-05,True,correct,clean,2,0,0,0,0,2,0,0,0,0,2 landscape plain-md image(s) → fill body measure (acceptable); position-correctness: not verifiable (WordPress source CDN offline)
https://www.beauticate.com/beauty-style/beauty-tips/hangover-cures-that-actually-work/,content/beauty-style/beauty-tips/hangover-cures-that-actually-work/hangover-cures-that-actually-work.mdx,beauty-style,2017-07-14,True,correct,clean,1,0,0,0,0,1,0,0,0,0,1 landscape plain-md image(s) → fill body measure (acceptable); position-correctness: not verifiable (WordPress source CDN offline)
https://www.beauticate.com/beauty-style/beauty-tips/how-i-dealt-with-my-insomnia/,content/beauty-style/beauty-tips/how-i-dealt-with-my-insomnia/how-i-dealt-with-my-insomnia.mdx,beauty-style,2022-10-06,True,broken,portrait-render,20,0,17,17,0,2,0,0,0,0,17 small/tall portrait(s) as plain markdown → render tiny & left-flush (portrait-standard violation); 2 landscape plain-md image(s) → fill body measure (acceptable); position-correctness: not verifiable (WordPress source CDN offline)
https://www.beauticate.com/beauty-style/beauty-tips/how-olivia-newton-johns-beauty-brand-is-upholding-her-legacy/,content/beauty-style/beauty-tips/how-olivia-newton-johns-beauty-brand-is-upholding-her-legacy/how-olivia-newton-johns-beauty-brand-is-upholding-her-legacy.mdx,beauty-style,2022-10-05,True,broken,portrait-render,5,0,4,4,0,1,0,0,0,0,4 small/tall portrait(s) as plain markdown → render tiny & left-flush (portrait-standard violation); 1 landscape plain-md image(s) → fill body measure (acceptable); position-correctness: not verifiable (WordPress source CDN offline)
https://www.beauticate.com/beauty-style/beauty-tips/how-our-stunning-landscape-is-inspiring-the-latest-a-beauty/,content/beauty-style/beauty-tips/how-our-stunning-landscape-is-inspiring-the-latest-a-beauty/how-our-stunning-landscape-is-inspiring-the-latest-a-beauty.mdx,beauty-style,2020-02-26,True,broken,portrait-render,2,0,2,2,0,0,0,0,0,0,2 small/tall portrait(s) as plain markdown → render tiny & left-flush (portrait-standard violation); position-correctness: not verifiable (WordPress source CDN offline)
https://www.beauticate.com/beauty-style/beauty-tips/how-to-8-ways-to-groom-like-a-new-yorker/,content/beauty-style/beauty-tips/how-to-8-ways-to-groom-like-a-new-yorker/how-to-8-ways-to-groom-like-a-new-yorker.mdx,beauty-style,2017-07-07,True,correct,clean,5,0,0,0,3,1,0,0,0,0,3 portrait(s) inside consecutive-image grid (cover-cropped gallery); 1 landscape plain-md image(s) → fill body measure (acceptable); position-correctness: not verifiable (WordPress source CDN offline)
https://www.beauticate.com/beauty-style/beauty-tips/how-to-backstage-beautiful-fashion-week-pros-reveal-all/,content/beauty-style/beauty-tips/how-to-backstage-beautiful-fashion-week-pros-reveal-all/how-to-backstage-beautiful-fashion-week-pros-reveal-all.mdx,beauty-style,2014-04-10,True,broken,portrait-render,14,0,4,4,6,4,0,0,0,0,4 small/tall portrait(s) as plain markdown → render tiny & left-flush (portrait-standard violation); 6 portrait(s) inside consecutive-image grid (cover-cropped gallery); 4 landscape plain-md image(s) → fill body measure (acceptable); position-correctness: not verifiable (WordPress source CDN offline)
https://www.beauticate.com/beauty-style/beauty-tips/how-to-bastille-beauty-11-cult-french-icons/,content/beauty-style/beauty-tips/how-to-bastille-beauty-11-cult-french-icons/how-to-bastille-beauty-11-cult-french-icons.mdx,beauty-style,2014-07-11,True,broken,portrait-render,10,0,1,1,6,1,0,0,0,0,1 small/tall portrait(s) as plain markdown → render tiny & left-flush (portrait-standard violation); 6 portrait(s) inside consecutive-image grid (cover-cropped gallery); 1 landscape plain-md image(s) → fill body measure (acceptable); position-correctness: not verifiable (WordPress source CDN offline)
https://www.beauticate.com/beauty-style/beauty-tips/how-to-be-a-beauty-queen/,content/beauty-style/beauty-tips/how-to-be-a-beauty-queen/how-to-be-a-beauty-queen.mdx,beauty-style,2014-06-08,True,broken,portrait-render,10,0,9,9,0,1,0,0,0,0,9 small/tall portrait(s) as plain markdown → render tiny & left-flush (portrait-standard violation); 1 landscape plain-md image(s) → fill body measure (acceptable); position-correctness: not verifiable (WordPress source CDN offline)
https://www.beauticate.com/beauty-style/beauty-tips/how-to-be-a-princess/,content/beauty-style/beauty-tips/how-to-be-a-princess/how-to-be-a-princess.mdx,beauty-style,2014-04-24,True,broken,portrait-render,23,0,10,10,12,1,0,0,0,0,10 small/tall portrait(s) as plain markdown → render tiny & left-flush (portrait-standard violation); 12 portrait(s) inside consecutive-image grid (cover-cropped gallery); 1 landscape plain-md image(s) → fill body measure (acceptable); position-correctness: not verifiable (WordPress source CDN offline)
https://www.beauticate.com/beauty-style/beauty-tips/how-to-be-runway-ready/,content/beauty-style/beauty-tips/how-to-be-runway-ready/how-to-be-runway-ready.mdx,beauty-style,2014-04-16,True,broken,portrait-render,15,0,9,9,0,0,0,0,0,0,9 small/tall portrait(s) as plain markdown → render tiny & left-flush (portrait-standard violation); position-correctness: not verifiable (WordPress source CDN offline)
https://www.beauticate.com/beauty-style/beauty-tips/how-to-beauty-by-bacall/,content/beauty-style/beauty-tips/how-to-beauty-by-bacall/how-to-beauty-by-bacall.mdx,beauty-style,2014-08-17,True,broken,portrait-render,10,0,7,7,0,3,0,0,0,0,7 small/tall portrait(s) as plain markdown → render tiny & left-flush (portrait-standard violation); 3 landscape plain-md image(s) → fill body measure (acceptable); position-correctness: not verifiable (WordPress source CDN offline)
https://www.beauticate.com/beauty-style/beauty-tips/how-to-channel-cult-movie-beauty-moments/,content/beauty-style/beauty-tips/how-to-channel-cult-movie-beauty-moments/how-to-channel-cult-movie-beauty-moments.mdx,beauty-style,2014-06-03,True,broken,portrait-render,17,0,13,13,0,1,0,0,0,0,13 small/tall portrait(s) as plain markdown → render tiny & left-flush (portrait-standard violation); 1 landscape plain-md image(s) → fill body measure (acceptable); position-correctness: not verifiable (WordPress source CDN offline)
https://www.beauticate.com/beauty-style/beauty-tips/how-to-channel-your-inner-mean-girl/,content/beauty-style/beauty-tips/how-to-channel-your-inner-mean-girl/how-to-channel-your-inner-mean-girl.mdx,beauty-style,2015-03-17,True,broken,portrait-render,10,0,8,8,0,1,0,0,0,0,8 small/tall portrait(s) as plain markdown → render tiny & left-flush (portrait-standard violation); 1 landscape plain-md image(s) → fill body measure (acceptable); position-correctness: not verifiable (WordPress source CDN offline)
https://www.beauticate.com/beauty-style/beauty-tips/how-to-channel-your-inner-met-gala-goddess-like-fashions-hall-of-famers/,content/beauty-style/beauty-tips/how-to-channel-your-inner-met-gala-goddess-like-fashions-hall-of-famers/how-to-channel-your-inner-met-gala-goddess-like-fashions-hall-of-famers.mdx,beauty-style,2015-05-06,True,broken,portrait-render,12,0,10,10,0,1,0,0,0,0,10 small/tall portrait(s) as plain markdown → render tiny & left-flush (portrait-standard violation); 1 landscape plain-md image(s) → fill body measure (acceptable); position-correctness: not verifiable (WordPress source CDN offline)
https://www.beauticate.com/beauty-style/beauty-tips/how-to-do-barefaced-beauty-like-a-beatnik/,content/beauty-style/beauty-tips/how-to-do-barefaced-beauty-like-a-beatnik/how-to-do-barefaced-beauty-like-a-beatnik.mdx,beauty-style,2014-03-20,True,broken,portrait-render,16,0,15,15,0,1,0,0,0,0,15 small/tall portrait(s) as plain markdown → render tiny & left-flush (portrait-standard violation); 1 landscape plain-md image(s) → fill body measure (acceptable); position-correctness: not verifiable (WordPress source CDN offline)
https://www.beauticate.com/beauty-style/beauty-tips/how-to-easy-holiday-style-and-beauty/,content/beauty-style/beauty-tips/how-to-easy-holiday-style-and-beauty/how-to-easy-holiday-style-and-beauty.mdx,beauty-style,2014-11-26,True,broken,portrait-render,12,0,5,5,6,1,0,0,0,0,5 small/tall portrait(s) as plain markdown → render tiny & left-flush (portrait-standard violation); 6 portrait(s) inside consecutive-image grid (cover-cropped gallery); 1 landscape plain-md image(s) → fill body measure (acceptable); position-correctness: not verifiable (WordPress source CDN offline)
https://www.beauticate.com/beauty-style/beauty-tips/how-to-emulate-the-chicest-beauty-icons-of-the-80s/,content/beauty-style/beauty-tips/how-to-emulate-the-chicest-beauty-icons-of-the-80s/how-to-emulate-the-chicest-beauty-icons-of-the-80s.mdx,beauty-style,2014-05-20,True,broken,portrait-render,12,0,11,11,0,1,0,0,0,0,11 small/tall portrait(s) as plain markdown → render tiny & left-flush (portrait-standard violation); 1 landscape plain-md image(s) → fill body measure (acceptable); position-correctness: not verifiable (WordPress source CDN offline)
https://www.beauticate.com/beauty-style/beauty-tips/how-to-fashion-bloggers-on-their-beauty-faux-pas/,content/beauty-style/beauty-tips/how-to-fashion-bloggers-on-their-beauty-faux-pas/how-to-fashion-bloggers-on-their-beauty-faux-pas.mdx,beauty-style,2014-09-23,True,broken,portrait-render,6,0,4,4,1,0,0,0,0,0,4 small/tall portrait(s) as plain markdown → render tiny & left-flush (portrait-standard violation); 1 portrait(s) inside consecutive-image grid (cover-cropped gallery); position-correctness: not verifiable (WordPress source CDN offline)
https://www.beauticate.com/beauty-style/beauty-tips/how-to-get-a-list-teeth-asap/,content/beauty-style/beauty-tips/how-to-get-a-list-teeth-asap/how-to-get-a-list-teeth-asap.mdx,beauty-style,2016-08-26,True,correct,clean,1,0,0,0,0,1,0,0,0,0,1 landscape plain-md image(s) → fill body measure (acceptable); position-correctness: not verifiable (WordPress source CDN offline)
https://www.beauticate.com/beauty-style/beauty-tips/how-to-get-around-shipping-restrictions-and-more-online-shopping-hacks/,content/beauty-style/beauty-tips/how-to-get-around-shipping-restrictions-and-more-online-shopping-hacks/how-to-get-around-shipping-restrictions-and-more-online-shopping-hacks.mdx,beauty-style,2016-10-04,True,correct,clean,8,0,0,0,0,1,0,0,0,0,1 landscape plain-md image(s) → fill body measure (acceptable); position-correctness: not verifiable (WordPress source CDN offline)
https://www.beauticate.com/beauty-style/beauty-tips/how-to-get-fuller-brows-using-aloe-vera-seriously/,content/beauty-style/beauty-tips/how-to-get-fuller-brows-using-aloe-vera-seriously/how-to-get-fuller-brows-using-aloe-vera-seriously.mdx,beauty-style,2017-07-12,True,correct,clean,1,0,0,0,0,1,0,0,0,0,1 landscape plain-md image(s) → fill body measure (acceptable); position-correctness: not verifiable (WordPress source CDN offline)
https://www.beauticate.com/beauty-style/beauty-tips/how-to-get-your-natural-brows-to-look-their-best/,content/beauty-style/beauty-tips/how-to-get-your-natural-brows-to-look-their-best/how-to-get-your-natural-brows-to-look-their-best.mdx,beauty-style,2020-07-29,True,broken,portrait-render,7,0,2,2,3,0,0,0,0,0,2 small/tall portrait(s) as plain markdown → render tiny & left-flush (portrait-standard violation); 3 portrait(s) inside consecutive-image grid (cover-cropped gallery); position-correctness: not verifiable (WordPress source CDN offline)
https://www.beauticate.com/beauty-style/beauty-tips/how-to-insomnia-cure-tips/,content/beauty-style/beauty-tips/how-to-insomnia-cure-tips/how-to-insomnia-cure-tips.mdx,beauty-style,2019-02-27,True,broken,portrait-render,16,0,15,15,0,1,0,0,0,0,15 small/tall portrait(s) as plain markdown → render tiny & left-flush (portrait-standard violation); 1 landscape plain-md image(s) → fill body measure (acceptable); position-correctness: not verifiable (WordPress source CDN offline)
https://www.beauticate.com/beauty-style/beauty-tips/how-to-island-life/,content/beauty-style/beauty-tips/how-to-island-life/how-to-island-life.mdx,beauty-style,2014-09-05,True,correct,clean,6,0,0,0,0,1,0,0,0,0,1 landscape plain-md image(s) → fill body measure (acceptable); position-correctness: not verifiable (WordPress source CDN offline)
https://www.beauticate.com/beauty-style/beauty-tips/how-to-kate-middletons-beauty-secrets/,content/beauty-style/beauty-tips/how-to-kate-middletons-beauty-secrets/how-to-kate-middletons-beauty-secrets.mdx,beauty-style,2014-08-21,True,broken,portrait-render,5,0,3,3,0,1,0,0,0,0,3 small/tall portrait(s) as plain markdown → render tiny & left-flush (portrait-standard violation); 1 landscape plain-md image(s) → fill body measure (acceptable); position-correctness: not verifiable (WordPress source CDN offline)
https://www.beauticate.com/beauty-style/beauty-tips/how-to-make-the-most-of-your-time-at-the-beauty-salon/,content/beauty-style/beauty-tips/how-to-make-the-most-of-your-time-at-the-beauty-salon/how-to-make-the-most-of-your-time-at-the-beauty-salon.mdx,beauty-style,2016-01-27,True,correct,clean,1,0,0,0,0,1,0,0,0,0,1 landscape plain-md image(s) → fill body measure (acceptable); position-correctness: not verifiable (WordPress source CDN offline)
https://www.beauticate.com/beauty-style/beauty-tips/how-to-mothers-day/,content/beauty-style/beauty-tips/how-to-mothers-day/how-to-mothers-day.mdx,beauty-style,2014-05-07,True,correct,clean,21,0,0,0,21,0,0,0,0,0,21 portrait(s) inside consecutive-image grid (cover-cropped gallery); position-correctness: not verifiable (WordPress source CDN offline)
https://www.beauticate.com/beauty-style/beauty-tips/how-to-pack-your-beauty-kit-sigourneys-edit/,content/beauty-style/beauty-tips/how-to-pack-your-beauty-kit-sigourneys-edit/how-to-pack-your-beauty-kit-sigourneys-edit.mdx,beauty-style,2015-06-08,True,correct,clean,5,0,0,0,0,1,0,0,0,0,1 landscape plain-md image(s) → fill body measure (acceptable); position-correctness: not verifiable (WordPress source CDN offline)
https://www.beauticate.com/beauty-style/beauty-tips/how-to-pack-your-mbfwa-survival-kit/,content/beauty-style/beauty-tips/how-to-pack-your-mbfwa-survival-kit/how-to-pack-your-mbfwa-survival-kit.mdx,beauty-style,2014-04-05,True,broken,portrait-render,14,0,7,7,0,7,0,0,0,0,7 small/tall portrait(s) as plain markdown → render tiny & left-flush (portrait-standard violation); 7 landscape plain-md image(s) → fill body measure (acceptable); position-correctness: not verifiable (WordPress source CDN offline)
https://www.beauticate.com/beauty-style/beauty-tips/how-to-quit-dairy-and-still-have-a-life/,content/beauty-style/beauty-tips/how-to-quit-dairy-and-still-have-a-life/how-to-quit-dairy-and-still-have-a-life.mdx,beauty-style,2017-12-18,True,correct,clean,1,0,0,0,0,1,0,0,0,0,1 landscape plain-md image(s) → fill body measure (acceptable); position-correctness: not verifiable (WordPress source CDN offline)
https://www.beauticate.com/beauty-style/beauty-tips/how-to-recreate-the-look-of-love/,content/beauty-style/beauty-tips/how-to-recreate-the-look-of-love/how-to-recreate-the-look-of-love.mdx,beauty-style,2014-08-06,True,broken,portrait-render,11,0,10,10,0,1,0,0,0,0,10 small/tall portrait(s) as plain markdown → render tiny & left-flush (portrait-standard violation); 1 landscape plain-md image(s) → fill body measure (acceptable); position-correctness: not verifiable (WordPress source CDN offline)
https://www.beauticate.com/beauty-style/beauty-tips/how-to-remove-fake-tan-from-white-clothes/,content/beauty-style/beauty-tips/how-to-remove-fake-tan-from-white-clothes/how-to-remove-fake-tan-from-white-clothes.mdx,beauty-style,2017-01-11,True,correct,clean,1,0,0,0,0,1,0,0,0,0,1 landscape plain-md image(s) → fill body measure (acceptable); position-correctness: not verifiable (WordPress source CDN offline)
https://www.beauticate.com/beauty-style/beauty-tips/how-to-repair-lashes-naturally-our-expert-approved-guides/,content/beauty-style/beauty-tips/how-to-repair-lashes-naturally-our-expert-approved-guides/how-to-repair-lashes-naturally-our-expert-approved-guides.mdx,beauty-style,2021-03-23,True,correct,clean,2,0,0,0,0,2,0,0,0,0,2 landscape plain-md image(s) → fill body measure (acceptable); position-correctness: not verifiable (WordPress source CDN offline)
https://www.beauticate.com/beauty-style/beauty-tips/how-to-shop-for-beauty-online/,content/beauty-style/beauty-tips/how-to-shop-for-beauty-online/how-to-shop-for-beauty-online.mdx,beauty-style,2015-03-20,True,broken,portrait-render,11,0,6,6,4,1,0,0,0,0,6 small/tall portrait(s) as plain markdown → render tiny & left-flush (portrait-standard violation); 4 portrait(s) inside consecutive-image grid (cover-cropped gallery); 1 landscape plain-md image(s) → fill body measure (acceptable); position-correctness: not verifiable (WordPress source CDN offline)
https://www.beauticate.com/beauty-style/beauty-tips/how-to-shop-like-a-beauty-editor-1/,content/beauty-style/beauty-tips/how-to-shop-like-a-beauty-editor-1/how-to-shop-like-a-beauty-editor-1.mdx,beauty-style,2016-06-28,True,broken,portrait-render,7,0,6,6,0,1,0,0,0,0,6 small/tall portrait(s) as plain markdown → render tiny & left-flush (portrait-standard violation); 1 landscape plain-md image(s) → fill body measure (acceptable); position-correctness: not verifiable (WordPress source CDN offline)
https://www.beauticate.com/beauty-style/beauty-tips/how-to-skin-with-kelly-smythe/,content/beauty-style/beauty-tips/how-to-skin-with-kelly-smythe/how-to-skin-with-kelly-smythe.mdx,beauty-style,2014-05-08,True,correct,clean,6,0,0,0,0,6,0,0,0,0,6 landscape plain-md image(s) → fill body measure (acceptable); position-correctness: not verifiable (WordPress source CDN offline)
https://www.beauticate.com/beauty-style/beauty-tips/how-to-sleep-better-with-anna-robards/,content/beauty-style/beauty-tips/how-to-sleep-better-with-anna-robards/how-to-sleep-better-with-anna-robards.mdx,beauty-style,2023-09-08,True,broken,portrait-render,6,0,3,3,0,0,0,0,0,0,3 small/tall portrait(s) as plain markdown → render tiny & left-flush (portrait-standard violation); position-correctness: not verifiable (WordPress source CDN offline)
https://www.beauticate.com/beauty-style/beauty-tips/how-to-sleeping-beauty-9-products-that-work-while-you-sleep/,content/beauty-style/beauty-tips/how-to-sleeping-beauty-9-products-that-work-while-you-sleep/how-to-sleeping-beauty-9-products-that-work-while-you-sleep.mdx,beauty-style,2014-07-02,True,broken,portrait-render,10,0,5,5,0,1,0,0,0,0,5 small/tall portrait(s) as plain markdown → render tiny & left-flush (portrait-standard violation); 1 landscape plain-md image(s) → fill body measure (acceptable); position-correctness: not verifiable (WordPress source CDN offline)
https://www.beauticate.com/beauty-style/beauty-tips/how-to-take-sun-like-a-brazilian/,content/beauty-style/beauty-tips/how-to-take-sun-like-a-brazilian/how-to-take-sun-like-a-brazilian.mdx,beauty-style,2014-06-18,True,correct,clean,1,0,0,0,0,1,0,0,0,0,1 landscape plain-md image(s) → fill body measure (acceptable); position-correctness: not verifiable (WordPress source CDN offline)
https://www.beauticate.com/beauty-style/beauty-tips/how-to-thrill-everyone-on-your-christmas-list/,content/beauty-style/beauty-tips/how-to-thrill-everyone-on-your-christmas-list/how-to-thrill-everyone-on-your-christmas-list.mdx,beauty-style,2023-11-27,True,broken,portrait-render,12,0,6,6,6,0,0,0,0,0,6 small/tall portrait(s) as plain markdown → render tiny & left-flush (portrait-standard violation); 6 portrait(s) inside consecutive-image grid (cover-cropped gallery); position-correctness: not verifiable (WordPress source CDN offline)
https://www.beauticate.com/beauty-style/beauty-tips/how-to-use-a-cleansing-brush/,content/beauty-style/beauty-tips/how-to-use-a-cleansing-brush/how-to-use-a-cleansing-brush.mdx,beauty-style,2014-09-04,True,broken,portrait-render,3,0,1,1,2,0,0,0,0,0,1 small/tall portrait(s) as plain markdown → render tiny & left-flush (portrait-standard violation); 2 portrait(s) inside consecutive-image grid (cover-cropped gallery); position-correctness: not verifiable (WordPress source CDN offline)
https://www.beauticate.com/beauty-style/beauty-tips/how-to-use-diy-cellulite-cup-to-decrease-cellulite-2/,content/beauty-style/beauty-tips/how-to-use-diy-cellulite-cup-to-decrease-cellulite-2/how-to-use-diy-cellulite-cup-to-decrease-cellulite-2.mdx,beauty-style,2018-01-17,True,broken,portrait-render,5,0,4,4,0,1,0,0,0,0,4 small/tall portrait(s) as plain markdown → render tiny & left-flush (portrait-standard violation); 1 landscape plain-md image(s) → fill body measure (acceptable); position-correctness: not verifiable (WordPress source CDN offline)
https://www.beauticate.com/beauty-style/beauty-tips/how-to-use-diy-cellulite-cup-to-decrease-cellulite/,content/beauty-style/beauty-tips/how-to-use-diy-cellulite-cup-to-decrease-cellulite/how-to-use-diy-cellulite-cup-to-decrease-cellulite.mdx,beauty-style,2018-01-17,True,broken,portrait-render,5,0,4,4,0,1,0,0,0,0,4 small/tall portrait(s) as plain markdown → render tiny & left-flush (portrait-standard violation); 1 landscape plain-md image(s) → fill body measure (acceptable); position-correctness: not verifiable (WordPress source CDN offline)
https://www.beauticate.com/beauty-style/beauty-tips/inside-kym-ellerys-beauty-bag/,content/beauty-style/beauty-tips/inside-kym-ellerys-beauty-bag/inside-kym-ellerys-beauty-bag.mdx,beauty-style,2014-09-10,True,correct,clean,0,0,0,0,0,0,0,0,0,0,position-correctness: not verifiable (WordPress source CDN offline)
https://www.beauticate.com/beauty-style/beauty-tips/italian-it-girl-glow/,content/beauty-style/beauty-tips/italian-it-girl-glow/italian-it-girl-glow.mdx,beauty-style,2018-09-03,True,broken,portrait-render,5,0,4,4,0,1,0,0,0,0,4 small/tall portrait(s) as plain markdown → render tiny & left-flush (portrait-standard violation); 1 landscape plain-md image(s) → fill body measure (acceptable); position-correctness: not verifiable (WordPress source CDN offline)
https://www.beauticate.com/beauty-style/beauty-tips/its-official-pregnancy-alters-a-womans-brain-for-up-to-two-years/,content/beauty-style/beauty-tips/its-official-pregnancy-alters-a-womans-brain-for-up-to-two-years/its-official-pregnancy-alters-a-womans-brain-for-up-to-two-years.mdx,beauty-style,2017-01-09,True,broken,portrait-render,3,0,3,3,0,0,0,0,0,0,3 small/tall portrait(s) as plain markdown → render tiny & left-flush (portrait-standard violation); position-correctness: not verifiable (WordPress source CDN offline)
https://www.beauticate.com/beauty-style/beauty-tips/jesinta-franklins-six-beauty-favourites/,content/beauty-style/beauty-tips/jesinta-franklins-six-beauty-favourites/jesinta-franklins-six-beauty-favourites.mdx,beauty-style,2017-06-15,True,broken,portrait-render,6,0,6,6,0,0,0,0,0,0,6 small/tall portrait(s) as plain markdown → render tiny & left-flush (portrait-standard violation); position-correctness: not verifiable (WordPress source CDN offline)
https://www.beauticate.com/beauty-style/beauty-tips/kendall-jenners-controversial-campaign-for-pepsi-pulled/,content/beauty-style/beauty-tips/kendall-jenners-controversial-campaign-for-pepsi-pulled/kendall-jenners-controversial-campaign-for-pepsi-pulled.mdx,beauty-style,2017-04-08,True,correct,clean,1,0,0,0,0,1,0,0,0,0,1 landscape plain-md image(s) → fill body measure (acceptable); position-correctness: not verifiable (WordPress source CDN offline)
https://www.beauticate.com/beauty-style/beauty-tips/kim-cattrall-opens-up-about-ageing-samantha-and-pretend-new-york/,content/beauty-style/beauty-tips/kim-cattrall-opens-up-about-ageing-samantha-and-pretend-new-york/kim-cattrall-opens-up-about-ageing-samantha-and-pretend-new-york.mdx,beauty-style,2016-11-28,True,correct,clean,1,0,0,0,0,1,0,0,0,0,1 landscape plain-md image(s) → fill body measure (acceptable); position-correctness: not verifiable (WordPress source CDN offline)
https://www.beauticate.com/beauty-style/beauty-tips/lancme-is-about-to-launch-the-most-perfect-highlighter/,content/beauty-style/beauty-tips/lancme-is-about-to-launch-the-most-perfect-highlighter/lancme-is-about-to-launch-the-most-perfect-highlighter.mdx,beauty-style,2017-01-31,True,correct,clean,1,0,0,0,0,1,0,0,0,0,1 landscape plain-md image(s) → fill body measure (acceptable); position-correctness: not verifiable (WordPress source CDN offline)
https://www.beauticate.com/beauty-style/beauty-tips/last-minute-christmas-gifts/,content/beauty-style/beauty-tips/last-minute-christmas-gifts/last-minute-christmas-gifts.mdx,beauty-style,2025-12-21,True,correct,clean,24,0,0,0,0,0,0,0,0,0,position-correctness: not verifiable (WordPress source CDN offline)
https://www.beauticate.com/beauty-style/beauty-tips/last-minute-gifts-for-your-beloved-mum/,content/beauty-style/beauty-tips/last-minute-gifts-for-your-beloved-mum/last-minute-gifts-for-your-beloved-mum.mdx,beauty-style,2016-05-04,True,correct,clean,10,0,0,0,0,1,0,0,0,0,1 landscape plain-md image(s) → fill body measure (acceptable); position-correctness: not verifiable (WordPress source CDN offline)
https://www.beauticate.com/beauty-style/beauty-tips/le-meridien-melbourne-review/,content/beauty-style/beauty-tips/le-meridien-melbourne-review/le-meridien-melbourne-review.mdx,beauty-style,2025-04-25,True,broken,portrait-render,13,0,1,1,5,4,0,0,0,0,1 small/tall portrait(s) as plain markdown → render tiny & left-flush (portrait-standard violation); 5 portrait(s) inside consecutive-image grid (cover-cropped gallery); 4 landscape plain-md image(s) → fill body measure (acceptable); position-correctness: not verifiable (WordPress source CDN offline)
https://www.beauticate.com/beauty-style/beauty-tips/lily-rose-depp-wows-in-new-chanel-film/,content/beauty-style/beauty-tips/lily-rose-depp-wows-in-new-chanel-film/lily-rose-depp-wows-in-new-chanel-film.mdx,beauty-style,2016-10-31,True,correct,clean,1,0,0,0,0,1,0,0,0,0,1 landscape plain-md image(s) → fill body measure (acceptable); position-correctness: not verifiable (WordPress source CDN offline)
https://www.beauticate.com/beauty-style/beauty-tips/local-love-new-aussie-brands-on-the-beauty-block/,content/beauty-style/beauty-tips/local-love-new-aussie-brands-on-the-beauty-block/local-love-new-aussie-brands-on-the-beauty-block.mdx,beauty-style,2015-06-24,True,broken,portrait-render,13,0,12,12,0,1,0,0,0,0,12 small/tall portrait(s) as plain markdown → render tiny & left-flush (portrait-standard violation); 1 landscape plain-md image(s) → fill body measure (acceptable); position-correctness: not verifiable (WordPress source CDN offline)
https://www.beauticate.com/beauty-style/beauty-tips/loral-paris-features-first-transgender-model-in-new-campaign/,content/beauty-style/beauty-tips/loral-paris-features-first-transgender-model-in-new-campaign/loral-paris-features-first-transgender-model-in-new-campaign.mdx,beauty-style,2017-01-11,True,correct,clean,1,0,0,0,0,1,0,0,0,0,1 landscape plain-md image(s) → fill body measure (acceptable); position-correctness: not verifiable (WordPress source CDN offline)
https://www.beauticate.com/beauty-style/beauty-tips/lucy-hale-doesnt-look-like-this-anymore/,content/beauty-style/beauty-tips/lucy-hale-doesnt-look-like-this-anymore/lucy-hale-doesnt-look-like-this-anymore.mdx,beauty-style,2016-12-07,True,correct,clean,1,0,0,0,0,1,0,0,0,0,1 landscape plain-md image(s) → fill body measure (acceptable); position-correctness: not verifiable (WordPress source CDN offline)
https://www.beauticate.com/beauty-style/beauty-tips/magdalena-roze-the-journo-meteorologist-living-our-sea-change-dream-in-byron/,content/beauty-style/beauty-tips/magdalena-roze-the-journo-meteorologist-living-our-sea-change-dream-in-byron/magdalena-roze-the-journo-meteorologist-living-our-sea-change-dream-in-byron.mdx,beauty-style,2021-09-21,True,broken,portrait-render,11,0,6,6,4,0,0,0,0,0,6 small/tall portrait(s) as plain markdown → render tiny & left-flush (portrait-standard violation); 4 portrait(s) inside consecutive-image grid (cover-cropped gallery); position-correctness: not verifiable (WordPress source CDN offline)
https://www.beauticate.com/beauty-style/beauty-tips/mbfwa19-the-must-have-beauty-products-from-backstage-at-fashion-week/,content/beauty-style/beauty-tips/mbfwa19-the-must-have-beauty-products-from-backstage-at-fashion-week/mbfwa19-the-must-have-beauty-products-from-backstage-at-fashion-week.mdx,beauty-style,2019-05-21,True,broken,portrait-render,9,0,8,8,0,1,0,0,0,0,8 small/tall portrait(s) as plain markdown → render tiny & left-flush (portrait-standard violation); 1 landscape plain-md image(s) → fill body measure (acceptable); position-correctness: not verifiable (WordPress source CDN offline)
https://www.beauticate.com/beauty-style/beauty-tips/megan-gale-on-being-an-earth-mother/,content/beauty-style/beauty-tips/megan-gale-on-being-an-earth-mother/megan-gale-on-being-an-earth-mother.mdx,beauty-style,2015-07-06,True,broken,portrait-render,9,0,1,1,0,1,0,0,0,0,1 small/tall portrait(s) as plain markdown → render tiny & left-flush (portrait-standard violation); 1 landscape plain-md image(s) → fill body measure (acceptable); position-correctness: not verifiable (WordPress source CDN offline)
https://www.beauticate.com/beauty-style/beauty-tips/melbourne-cup-2015-high-heels-horses-and-hairpins/,content/beauty-style/beauty-tips/melbourne-cup-2015-high-heels-horses-and-hairpins/melbourne-cup-2015-high-heels-horses-and-hairpins.mdx,beauty-style,2015-11-13,True,broken,portrait-render,11,0,10,10,0,1,0,0,0,0,10 small/tall portrait(s) as plain markdown → render tiny & left-flush (portrait-standard violation); 1 landscape plain-md image(s) → fill body measure (acceptable); position-correctness: not verifiable (WordPress source CDN offline)
https://www.beauticate.com/beauty-style/beauty-tips/miranda-kerr-and-evan-spiegel-are-pregnant/,content/beauty-style/beauty-tips/miranda-kerr-and-evan-spiegel-are-pregnant/miranda-kerr-and-evan-spiegel-are-pregnant.mdx,beauty-style,2017-11-16,True,correct,clean,1,0,0,0,0,1,0,0,0,0,1 landscape plain-md image(s) → fill body measure (acceptable); position-correctness: not verifiable (WordPress source CDN offline)
https://www.beauticate.com/beauty-style/beauty-tips/miranda-rap/,content/beauty-style/beauty-tips/miranda-rap/miranda-rap.mdx,beauty-style,2016-07-26,True,broken,portrait-render,3,0,1,1,2,0,0,0,0,0,1 small/tall portrait(s) as plain markdown → render tiny & left-flush (portrait-standard violation); 2 portrait(s) inside consecutive-image grid (cover-cropped gallery); position-correctness: not verifiable (WordPress source CDN offline)
https://www.beauticate.com/beauty-style/beauty-tips/miss-korea-chats-the-ugly-side-of-the-world-of-beauty-pageants/,content/beauty-style/beauty-tips/miss-korea-chats-the-ugly-side-of-the-world-of-beauty-pageants/miss-korea-chats-the-ugly-side-of-the-world-of-beauty-pageants.mdx,beauty-style,2021-05-11,True,broken,portrait-render,5,0,2,2,1,1,0,0,0,0,2 small/tall portrait(s) as plain markdown → render tiny & left-flush (portrait-standard violation); 1 portrait(s) inside consecutive-image grid (cover-cropped gallery); 1 landscape plain-md image(s) → fill body measure (acceptable); position-correctness: not verifiable (WordPress source CDN offline)
https://www.beauticate.com/beauty-style/beauty-tips/mmy-red-carpet-looks-were-stealing-for-the-races/,content/beauty-style/beauty-tips/mmy-red-carpet-looks-were-stealing-for-the-races/mmy-red-carpet-looks-were-stealing-for-the-races.mdx,beauty-style,2016-09-22,True,broken,portrait-render,11,0,5,5,0,1,0,0,0,0,5 small/tall portrait(s) as plain markdown → render tiny & left-flush (portrait-standard violation); 1 landscape plain-md image(s) → fill body measure (acceptable); position-correctness: not verifiable (WordPress source CDN offline)
https://www.beauticate.com/beauty-style/beauty-tips/mood-boosting-beauty-treats-for-every-budget/,content/beauty-style/beauty-tips/mood-boosting-beauty-treats-for-every-budget/mood-boosting-beauty-treats-for-every-budget.mdx,beauty-style,2021-11-29,True,broken,portrait-render,6,0,1,1,5,0,0,0,0,0,1 small/tall portrait(s) as plain markdown → render tiny & left-flush (portrait-standard violation); 5 portrait(s) inside consecutive-image grid (cover-cropped gallery); position-correctness: not verifiable (WordPress source CDN offline)
https://www.beauticate.com/beauty-style/beauty-tips/mothers-day-treats-for-every-mama/,content/beauty-style/beauty-tips/mothers-day-treats-for-every-mama/mothers-day-treats-for-every-mama.mdx,beauty-style,2015-05-04,True,correct,clean,8,0,0,0,0,4,0,0,0,0,4 landscape plain-md image(s) → fill body measure (acceptable); position-correctness: not verifiable (WordPress source CDN offline)
https://www.beauticate.com/beauty-style/beauty-tips/need-it-now-looks-from-the-sag-awards/,content/beauty-style/beauty-tips/need-it-now-looks-from-the-sag-awards/need-it-now-looks-from-the-sag-awards.mdx,beauty-style,2017-01-31,True,correct,clean,7,0,0,0,0,1,0,0,0,0,1 landscape plain-md image(s) → fill body measure (acceptable); position-correctness: not verifiable (WordPress source CDN offline)
https://www.beauticate.com/beauty-style/beauty-tips/new-healthy-wine-will-have-you-forgetting-about-fros/,content/beauty-style/beauty-tips/new-healthy-wine-will-have-you-forgetting-about-fros/new-healthy-wine-will-have-you-forgetting-about-fros.mdx,beauty-style,2017-08-16,True,correct,clean,1,0,0,0,0,1,0,0,0,0,1 landscape plain-md image(s) → fill body measure (acceptable); position-correctness: not verifiable (WordPress source CDN offline)
https://www.beauticate.com/beauty-style/beauty-tips/opposites-attract-beauty-trends-from-new-york-fashion-week/,content/beauty-style/beauty-tips/opposites-attract-beauty-trends-from-new-york-fashion-week/opposites-attract-beauty-trends-from-new-york-fashion-week.mdx,beauty-style,2017-02-13,True,correct,clean,1,0,0,0,0,1,0,0,0,0,1 landscape plain-md image(s) → fill body measure (acceptable); position-correctness: not verifiable (WordPress source CDN offline)
https://www.beauticate.com/beauty-style/beauty-tips/our-best-party-proof-beauty-buys/,content/beauty-style/beauty-tips/our-best-party-proof-beauty-buys/our-best-party-proof-beauty-buys.mdx,beauty-style,2019-12-10,True,correct,clean,0,0,0,0,0,0,0,0,0,0,position-correctness: not verifiable (WordPress source CDN offline)
https://www.beauticate.com/beauty-style/beauty-tips/our-edit-of-the-12-best-2019-beauty-advent-calendars/,content/beauty-style/beauty-tips/our-edit-of-the-12-best-2019-beauty-advent-calendars/our-edit-of-the-12-best-2019-beauty-advent-calendars.mdx,beauty-style,2019-11-26,True,broken,content-defect,12,0,1,1,0,6,0,0,1,0,1 small/tall portrait(s) as plain markdown → render tiny & left-flush (portrait-standard violation); 6 landscape plain-md image(s) → fill body measure (acceptable); ISSUE: unsupported-format@bodyL51:clinique.tiff; position-correctness: not verifiable (WordPress source CDN offline)
https://www.beauticate.com/beauty-style/beauty-tips/our-fathers-day-gift-guide-as-approved-by-the-men-of-beauticate/,content/beauty-style/beauty-tips/our-fathers-day-gift-guide-as-approved-by-the-men-of-beauticate/our-fathers-day-gift-guide-as-approved-by-the-men-of-beauticate.mdx,beauty-style,2020-09-02,True,broken,portrait-render,30,0,27,27,0,2,0,0,0,0,27 small/tall portrait(s) as plain markdown → render tiny & left-flush (portrait-standard violation); 2 landscape plain-md image(s) → fill body measure (acceptable); position-correctness: not verifiable (WordPress source CDN offline)
https://www.beauticate.com/beauty-style/beauty-tips/our-greatest-hits-beauticates-most-popular-who-profiles/,content/beauty-style/beauty-tips/our-greatest-hits-beauticates-most-popular-who-profiles/our-greatest-hits-beauticates-most-popular-who-profiles.mdx,beauty-style,2016-12-22,True,correct,clean,31,0,0,0,16,0,0,0,0,0,16 portrait(s) inside consecutive-image grid (cover-cropped gallery); position-correctness: not verifiable (WordPress source CDN offline)
https://www.beauticate.com/beauty-style/beauty-tips/pat-mcgraths-dark-star-006-kit-launches-and-its-already-gone/,content/beauty-style/beauty-tips/pat-mcgraths-dark-star-006-kit-launches-and-its-already-gone/pat-mcgraths-dark-star-006-kit-launches-and-its-already-gone.mdx,beauty-style,2017-04-18,True,correct,clean,2,0,0,0,0,2,0,0,0,0,2 landscape plain-md image(s) → fill body measure (acceptable); position-correctness: not verifiable (WordPress source CDN offline)
https://www.beauticate.com/beauty-style/beauty-tips/post-summer-essentials-sigourneys-edit/,content/beauty-style/beauty-tips/post-summer-essentials-sigourneys-edit/post-summer-essentials-sigourneys-edit.mdx,beauty-style,2015-03-04,True,broken,portrait-render,14,0,11,11,0,0,0,0,0,0,11 small/tall portrait(s) as plain markdown → render tiny & left-flush (portrait-standard violation); position-correctness: not verifiable (WordPress source CDN offline)
https://www.beauticate.com/beauty-style/beauty-tips/reader-review-gradual-tanners/,content/beauty-style/beauty-tips/reader-review-gradual-tanners/reader-review-gradual-tanners.mdx,beauty-style,2015-11-23,True,broken,portrait-render,6,0,5,5,0,1,0,0,0,0,5 small/tall portrait(s) as plain markdown → render tiny & left-flush (portrait-standard violation); 1 landscape plain-md image(s) → fill body measure (acceptable); position-correctness: not verifiable (WordPress source CDN offline)
https://www.beauticate.com/beauty-style/beauty-tips/recipe-loved-up-sicilian-swordfish-and-green-salad/,content/beauty-style/beauty-tips/recipe-loved-up-sicilian-swordfish-and-green-salad/recipe-loved-up-sicilian-swordfish-and-green-salad.mdx,beauty-style,2016-02-09,True,correct,clean,3,0,0,0,0,1,0,0,0,0,1 landscape plain-md image(s) → fill body measure (acceptable); position-correctness: not verifiable (WordPress source CDN offline)
https://www.beauticate.com/beauty-style/beauty-tips/rosie-huntington-whiteley-is-launching-rose-inc-her-very-own-beauty-brand/,content/beauty-style/beauty-tips/rosie-huntington-whiteley-is-launching-rose-inc-her-very-own-beauty-brand/rosie-huntington-whiteley-is-launching-rose-inc-her-very-own-beauty-brand.mdx,beauty-style,2018-05-23,True,correct,clean,1,0,0,0,0,1,0,0,0,0,1 landscape plain-md image(s) → fill body measure (acceptable); position-correctness: not verifiable (WordPress source CDN offline)
https://www.beauticate.com/beauty-style/beauty-tips/roxy-jacenko-reveals-major-health-reboot-on-insta/,content/beauty-style/beauty-tips/roxy-jacenko-reveals-major-health-reboot-on-insta/roxy-jacenko-reveals-major-health-reboot-on-insta.mdx,beauty-style,2017-02-06,True,correct,clean,1,0,0,0,0,1,0,0,0,0,1 landscape plain-md image(s) → fill body measure (acceptable); position-correctness: not verifiable (WordPress source CDN offline)
https://www.beauticate.com/beauty-style/beauty-tips/roxy-jacenko-told-us-a-spray-tan-keeps-her-alive-then-it-literally-did/,content/beauty-style/beauty-tips/roxy-jacenko-told-us-a-spray-tan-keeps-her-alive-then-it-literally-did/roxy-jacenko-told-us-a-spray-tan-keeps-her-alive-then-it-literally-did.mdx,beauty-style,2016-11-22,True,correct,clean,1,0,0,0,0,1,0,0,0,0,1 landscape plain-md image(s) → fill body measure (acceptable); position-correctness: not verifiable (WordPress source CDN offline)
https://www.beauticate.com/beauty-style/beauty-tips/self-care-routine-the-little-luxuries-the-beauticate-team-are-swearing-by-to-survive-social-distancing/,content/beauty-style/beauty-tips/self-care-routine-the-little-luxuries-the-beauticate-team-are-swearing-by-to-survive-social-distancing/self-care-routine-the-little-luxuries-the-beauticate-team-are-swearing-by-to-survive-social-distancing.mdx,beauty-style,2020-03-30,True,broken,portrait-render,18,0,18,18,0,0,0,0,0,0,18 small/tall portrait(s) as plain markdown → render tiny & left-flush (portrait-standard violation); position-correctness: not verifiable (WordPress source CDN offline)
https://www.beauticate.com/beauty-style/beauty-tips/self-tan-tips-to-make-your-bronze-way-more-believable-2/,content/beauty-style/beauty-tips/self-tan-tips-to-make-your-bronze-way-more-believable-2/self-tan-tips-to-make-your-bronze-way-more-believable-2.mdx,beauty-style,2020-01-21,True,broken,portrait-render,10,0,9,9,0,1,0,0,0,0,9 small/tall portrait(s) as plain markdown → render tiny & left-flush (portrait-standard violation); 1 landscape plain-md image(s) → fill body measure (acceptable); position-correctness: not verifiable (WordPress source CDN offline)
https://www.beauticate.com/beauty-style/beauty-tips/seven-timeless-oc-beauty-favourites/,content/beauty-style/beauty-tips/seven-timeless-oc-beauty-favourites/seven-timeless-oc-beauty-favourites.mdx,beauty-style,2014-10-08,True,broken,portrait-render,13,0,12,12,0,1,0,0,0,0,12 small/tall portrait(s) as plain markdown → render tiny & left-flush (portrait-standard violation); 1 landscape plain-md image(s) → fill body measure (acceptable); position-correctness: not verifiable (WordPress source CDN offline)
https://www.beauticate.com/beauty-style/beauty-tips/shocking-news-for-cosmetics-brand-bobbi-brown/,content/beauty-style/beauty-tips/shocking-news-for-cosmetics-brand-bobbi-brown/shocking-news-for-cosmetics-brand-bobbi-brown.mdx,beauty-style,2016-12-29,True,broken,portrait-render,3,0,3,3,0,0,0,0,0,0,3 small/tall portrait(s) as plain markdown → render tiny & left-flush (portrait-standard violation); position-correctness: not verifiable (WordPress source CDN offline)
https://www.beauticate.com/beauty-style/beauty-tips/should-you-apply-fake-tan-on-top-of-an-existing-tan/,content/beauty-style/beauty-tips/should-you-apply-fake-tan-on-top-of-an-existing-tan/should-you-apply-fake-tan-on-top-of-an-existing-tan.mdx,beauty-style,2017-01-24,True,correct,clean,1,0,0,0,0,1,0,0,0,0,1 landscape plain-md image(s) → fill body measure (acceptable); position-correctness: not verifiable (WordPress source CDN offline)
https://www.beauticate.com/beauty-style/beauty-tips/sigourneys-best-time-saving-beauty-hacks/,content/beauty-style/beauty-tips/sigourneys-best-time-saving-beauty-hacks/sigourneys-best-time-saving-beauty-hacks.mdx,beauty-style,2017-09-06,True,broken,portrait-render,9,0,9,9,0,0,0,0,0,0,9 small/tall portrait(s) as plain markdown → render tiny & left-flush (portrait-standard violation); position-correctness: not verifiable (WordPress source CDN offline)
https://www.beauticate.com/beauty-style/beauty-tips/sigourneys-edit-my-morning-routine/,content/beauty-style/beauty-tips/sigourneys-edit-my-morning-routine/sigourneys-edit-my-morning-routine.mdx,beauty-style,2016-01-25,True,broken,portrait-render,9,0,9,9,0,0,0,0,0,0,9 small/tall portrait(s) as plain markdown → render tiny & left-flush (portrait-standard violation); position-correctness: not verifiable (WordPress source CDN offline)
https://www.beauticate.com/beauty-style/beauty-tips/sigs-slim-aarons-poolside-birthday-all-the-details/,content/beauty-style/beauty-tips/sigs-slim-aarons-poolside-birthday-all-the-details/sigs-slim-aarons-poolside-birthday-all-the-details.mdx,beauty-style,2021-12-10,True,broken,portrait-render,36,0,4,4,1,30,0,0,0,0,4 small/tall portrait(s) as plain markdown → render tiny & left-flush (portrait-standard violation); 1 portrait(s) inside consecutive-image grid (cover-cropped gallery); 30 landscape plain-md image(s) → fill body measure (acceptable); position-correctness: not verifiable (WordPress source CDN offline)
https://www.beauticate.com/beauty-style/beauty-tips/six-products-were-suddenly-coveting-from-backstage-mbfwa/,content/beauty-style/beauty-tips/six-products-were-suddenly-coveting-from-backstage-mbfwa/six-products-were-suddenly-coveting-from-backstage-mbfwa.mdx,beauty-style,2017-05-22,True,correct,clean,13,0,0,0,0,1,0,0,0,0,1 landscape plain-md image(s) → fill body measure (acceptable); position-correctness: not verifiable (WordPress source CDN offline)
https://www.beauticate.com/beauty-style/beauty-tips/six-ways-to-sexy-up-your-weekday-salad/,content/beauty-style/beauty-tips/six-ways-to-sexy-up-your-weekday-salad/six-ways-to-sexy-up-your-weekday-salad.mdx,beauty-style,2016-03-28,True,broken,portrait-render,6,0,5,5,0,1,0,0,0,0,5 small/tall portrait(s) as plain markdown → render tiny & left-flush (portrait-standard violation); 1 landscape plain-md image(s) → fill body measure (acceptable); position-correctness: not verifiable (WordPress source CDN offline)
https://www.beauticate.com/beauty-style/beauty-tips/sophie-monk-reveals-her-kooky-food-colouring-beauty-hack/,content/beauty-style/beauty-tips/sophie-monk-reveals-her-kooky-food-colouring-beauty-hack/sophie-monk-reveals-her-kooky-food-colouring-beauty-hack.mdx,beauty-style,2020-06-03,True,broken,portrait-render,6,0,6,6,0,0,0,0,0,0,6 small/tall portrait(s) as plain markdown → render tiny & left-flush (portrait-standard violation); position-correctness: not verifiable (WordPress source CDN offline)
https://www.beauticate.com/beauty-style/beauty-tips/ssif6b0p600zfqvbe0q4hnpfutx9um/,content/beauty-style/beauty-tips/ssif6b0p600zfqvbe0q4hnpfutx9um/ssif6b0p600zfqvbe0q4hnpfutx9um.mdx,beauty-style,2017-01-03,True,correct,clean,1,0,0,0,0,1,0,0,0,0,1 landscape plain-md image(s) → fill body measure (acceptable); position-correctness: not verifiable (WordPress source CDN offline)
https://www.beauticate.com/beauty-style/beauty-tips/summers-best-beauty-tips-from-girls-in-the-know/,content/beauty-style/beauty-tips/summers-best-beauty-tips-from-girls-in-the-know/summers-best-beauty-tips-from-girls-in-the-know.mdx,beauty-style,2015-12-22,True,broken,portrait-render,13,0,12,12,0,1,0,0,0,0,12 small/tall portrait(s) as plain markdown → render tiny & left-flush (portrait-standard violation); 1 landscape plain-md image(s) → fill body measure (acceptable); position-correctness: not verifiable (WordPress source CDN offline)
https://www.beauticate.com/beauty-style/beauty-tips/supermodel-beach-beauty-secrets/,content/beauty-style/beauty-tips/supermodel-beach-beauty-secrets/supermodel-beach-beauty-secrets.mdx,beauty-style,2015-01-09,True,broken,portrait-render,15,0,14,14,0,1,0,0,0,0,14 small/tall portrait(s) as plain markdown → render tiny & left-flush (portrait-standard violation); 1 landscape plain-md image(s) → fill body measure (acceptable); position-correctness: not verifiable (WordPress source CDN offline)
https://www.beauticate.com/beauty-style/beauty-tips/team-beauticates-favourite-winter-buys-for-2022/,content/beauty-style/beauty-tips/team-beauticates-favourite-winter-buys-for-2022/team-beauticates-favourite-winter-buys-for-2022.mdx,beauty-style,2022-08-11,True,broken,portrait-render,23,0,18,18,0,0,0,0,0,0,18 small/tall portrait(s) as plain markdown → render tiny & left-flush (portrait-standard violation); position-correctness: not verifiable (WordPress source CDN offline)
https://www.beauticate.com/beauty-style/beauty-tips/tessa-james-go-to-beauty-essentials/,content/beauty-style/beauty-tips/tessa-james-go-to-beauty-essentials/tessa-james-go-to-beauty-essentials.mdx,beauty-style,2016-10-17,True,broken,portrait-render,5,0,5,5,0,0,0,0,0,0,5 small/tall portrait(s) as plain markdown → render tiny & left-flush (portrait-standard violation); position-correctness: not verifiable (WordPress source CDN offline)
https://www.beauticate.com/beauty-style/beauty-tips/the-2019-beauticate-christmas-gift-guide/,content/beauty-style/beauty-tips/the-2019-beauticate-christmas-gift-guide/the-2019-beauticate-christmas-gift-guide.mdx,beauty-style,2019-12-09,True,correct,clean,3,0,0,0,0,3,0,0,0,0,3 landscape plain-md image(s) → fill body measure (acceptable); position-correctness: not verifiable (WordPress source CDN offline)
https://www.beauticate.com/beauty-style/beauty-tips/the-2021-beauticate-team-christmas-gift-guide/,content/beauty-style/beauty-tips/the-2021-beauticate-team-christmas-gift-guide/the-2021-beauticate-team-christmas-gift-guide.mdx,beauty-style,2021-12-09,True,broken,portrait-render,43,0,27,27,0,0,0,0,0,0,27 small/tall portrait(s) as plain markdown → render tiny & left-flush (portrait-standard violation); position-correctness: not verifiable (WordPress source CDN offline)
https://www.beauticate.com/beauty-style/beauty-tips/the-4-perth-beauty-destinations-were-currently-visiting/,content/beauty-style/beauty-tips/the-4-perth-beauty-destinations-were-currently-visiting/the-4-perth-beauty-destinations-were-currently-visiting.mdx,beauty-style,2021-05-24,True,correct,clean,4,0,0,0,0,4,0,0,0,0,4 landscape plain-md image(s) → fill body measure (acceptable); position-correctness: not verifiable (WordPress source CDN offline)
https://www.beauticate.com/beauty-style/beauty-tips/the-5-beauty-rules-you-need-to-break/,content/beauty-style/beauty-tips/the-5-beauty-rules-you-need-to-break/the-5-beauty-rules-you-need-to-break.mdx,beauty-style,2020-07-21,True,broken,portrait-render,3,0,2,2,0,1,0,0,0,0,2 small/tall portrait(s) as plain markdown → render tiny & left-flush (portrait-standard violation); 1 landscape plain-md image(s) → fill body measure (acceptable); position-correctness: not verifiable (WordPress source CDN offline)
https://www.beauticate.com/beauty-style/beauty-tips/the-6-most-attainable-beauty-trends-from-hollywoods-biggest-night/,content/beauty-style/beauty-tips/the-6-most-attainable-beauty-trends-from-hollywoods-biggest-night/the-6-most-attainable-beauty-trends-from-hollywoods-biggest-night.mdx,beauty-style,2017-02-27,True,correct,clean,1,0,0,0,0,1,0,0,0,0,1 landscape plain-md image(s) → fill body measure (acceptable); position-correctness: not verifiable (WordPress source CDN offline)
https://www.beauticate.com/beauty-style/beauty-tips/the-art-of-loving-yourself-a-valentines-day-for-me/,content/beauty-style/beauty-tips/the-art-of-loving-yourself-a-valentines-day-for-me/the-art-of-loving-yourself-a-valentines-day-for-me.mdx,beauty-style,2025-02-13,True,broken,portrait-render,4,0,3,3,0,0,0,0,0,0,3 small/tall portrait(s) as plain markdown → render tiny & left-flush (portrait-standard violation); position-correctness: not verifiable (WordPress source CDN offline)
https://www.beauticate.com/beauty-style/beauty-tips/the-asian-beauty-innovations-you-need-to-know-about-1/,content/beauty-style/beauty-tips/the-asian-beauty-innovations-you-need-to-know-about-1/the-asian-beauty-innovations-you-need-to-know-about-1.mdx,beauty-style,2015-10-21,True,broken,portrait-render,4,0,1,1,0,1,0,0,0,0,1 small/tall portrait(s) as plain markdown → render tiny & left-flush (portrait-standard violation); 1 landscape plain-md image(s) → fill body measure (acceptable); position-correctness: not verifiable (WordPress source CDN offline)
https://www.beauticate.com/beauty-style/beauty-tips/the-beauticate-christmas-gift-guide-why-you-should-100-treat-yourself-and-your-loved-ones-this-year/,content/beauty-style/beauty-tips/the-beauticate-christmas-gift-guide-why-you-should-100-treat-yourself-and-your-loved-ones-this-year/the-beauticate-christmas-gift-guide-why-you-should-100-treat-yourself-and-your-loved-ones-this-year.mdx,beauty-style,2020-12-07,True,broken,portrait-render,12,0,2,2,2,0,0,0,0,0,2 small/tall portrait(s) as plain markdown → render tiny & left-flush (portrait-standard violation); 2 portrait(s) inside consecutive-image grid (cover-cropped gallery); position-correctness: not verifiable (WordPress source CDN offline)
https://www.beauticate.com/beauty-style/beauty-tips/the-beauticate-christmas-gift-guide/,content/beauty-style/beauty-tips/the-beauticate-christmas-gift-guide/the-beauticate-christmas-gift-guide.mdx,beauty-style,2015-12-07,True,correct,clean,8,0,0,0,0,6,0,0,0,0,6 landscape plain-md image(s) → fill body measure (acceptable); position-correctness: not verifiable (WordPress source CDN offline)
https://www.beauticate.com/beauty-style/beauty-tips/the-beauticate-teams-christmas-essentials/,content/beauty-style/beauty-tips/the-beauticate-teams-christmas-essentials/the-beauticate-teams-christmas-essentials.mdx,beauty-style,2019-11-20,True,broken,portrait-render,12,0,2,2,10,0,0,0,0,0,2 small/tall portrait(s) as plain markdown → render tiny & left-flush (portrait-standard violation); 10 portrait(s) inside consecutive-image grid (cover-cropped gallery); position-correctness: not verifiable (WordPress source CDN offline)
https://www.beauticate.com/beauty-style/beauty-tips/the-beauticate-teams-mothers-day-wishlist/,content/beauty-style/beauty-tips/the-beauticate-teams-mothers-day-wishlist/the-beauticate-teams-mothers-day-wishlist.mdx,beauty-style,2019-05-07,True,broken,content-defect,28,0,24,24,0,3,0,1,0,0,24 small/tall portrait(s) as plain markdown → render tiny & left-flush (portrait-standard violation); 3 landscape plain-md image(s) → fill body measure (acceptable); ISSUE: non-image-src@bodyL147:'/shop/skin/eight-hour-cream-skin-protectant'; position-correctness: not verifiable (WordPress source CDN offline)
https://www.beauticate.com/beauty-style/beauty-tips/the-beauty-advice-im-giving-my-daughter/,content/beauty-style/beauty-tips/the-beauty-advice-im-giving-my-daughter/the-beauty-advice-im-giving-my-daughter.mdx,beauty-style,2023-05-03,True,broken,portrait-render,14,0,13,13,0,1,0,0,0,0,13 small/tall portrait(s) as plain markdown → render tiny & left-flush (portrait-standard violation); 1 landscape plain-md image(s) → fill body measure (acceptable); position-correctness: not verifiable (WordPress source CDN offline)
https://www.beauticate.com/beauty-style/beauty-tips/the-beauty-cupboard-edit-july/,content/beauty-style/beauty-tips/the-beauty-cupboard-edit-july/the-beauty-cupboard-edit-july.mdx,beauty-style,2016-07-20,True,correct,clean,5,0,0,0,0,0,0,0,0,0,position-correctness: not verifiable (WordPress source CDN offline)
https://www.beauticate.com/beauty-style/beauty-tips/the-beauty-holics-guide-to-christmas/,content/beauty-style/beauty-tips/the-beauty-holics-guide-to-christmas/the-beauty-holics-guide-to-christmas.mdx,beauty-style,2014-12-16,True,broken,portrait-render,25,0,24,24,0,1,0,0,0,0,24 small/tall portrait(s) as plain markdown → render tiny & left-flush (portrait-standard violation); 1 landscape plain-md image(s) → fill body measure (acceptable); position-correctness: not verifiable (WordPress source CDN offline)
https://www.beauticate.com/beauty-style/beauty-tips/the-beauty-stores-letting-you-take-home-now-pay-later-no-catch/,content/beauty-style/beauty-tips/the-beauty-stores-letting-you-take-home-now-pay-later-no-catch/the-beauty-stores-letting-you-take-home-now-pay-later-no-catch.mdx,beauty-style,2016-12-12,True,correct,clean,1,0,0,0,0,1,0,0,0,0,1 landscape plain-md image(s) → fill body measure (acceptable); position-correctness: not verifiable (WordPress source CDN offline)
https://www.beauticate.com/beauty-style/beauty-tips/the-beauty-world-can-officially-fix-your-hangover-seriously/,content/beauty-style/beauty-tips/the-beauty-world-can-officially-fix-your-hangover-seriously/the-beauty-world-can-officially-fix-your-hangover-seriously.mdx,beauty-style,2016-11-29,True,correct,clean,2,0,0,0,0,1,0,0,0,0,1 landscape plain-md image(s) → fill body measure (acceptable); position-correctness: not verifiable (WordPress source CDN offline)
https://www.beauticate.com/beauty-style/beauty-tips/the-best-australian-candles-under-40/,content/beauty-style/beauty-tips/the-best-australian-candles-under-40/the-best-australian-candles-under-40.mdx,beauty-style,2020-07-14,True,correct,clean,5,0,0,0,1,0,0,0,0,0,1 portrait(s) inside consecutive-image grid (cover-cropped gallery); position-correctness: not verifiable (WordPress source CDN offline)
https://www.beauticate.com/beauty-style/beauty-tips/the-best-diy-teeth-whitening-reader-review/,content/beauty-style/beauty-tips/the-best-diy-teeth-whitening-reader-review/the-best-diy-teeth-whitening-reader-review.mdx,beauty-style,2017-03-22,True,broken,portrait-render,3,0,3,3,0,0,0,0,0,0,3 small/tall portrait(s) as plain markdown → render tiny & left-flush (portrait-standard violation); position-correctness: not verifiable (WordPress source CDN offline)
https://www.beauticate.com/beauty-style/beauty-tips/the-best-italian-pharmacy-buys-you-can-buy-online/,content/beauty-style/beauty-tips/the-best-italian-pharmacy-buys-you-can-buy-online/the-best-italian-pharmacy-buys-you-can-buy-online.mdx,beauty-style,2017-09-06,True,broken,portrait-render,7,0,5,5,0,1,0,0,0,0,5 small/tall portrait(s) as plain markdown → render tiny & left-flush (portrait-standard violation); 1 landscape plain-md image(s) → fill body measure (acceptable); position-correctness: not verifiable (WordPress source CDN offline)
https://www.beauticate.com/beauty-style/beauty-tips/the-best-new-launches-that-will-get-you-excited-about-beauty-again/,content/beauty-style/beauty-tips/the-best-new-launches-that-will-get-you-excited-about-beauty-again/the-best-new-launches-that-will-get-you-excited-about-beauty-again.mdx,beauty-style,2021-06-28,True,broken,portrait-render,8,0,3,3,5,0,0,0,0,0,3 small/tall portrait(s) as plain markdown → render tiny & left-flush (portrait-standard violation); 5 portrait(s) inside consecutive-image grid (cover-cropped gallery); position-correctness: not verifiable (WordPress source CDN offline)
https://www.beauticate.com/beauty-style/beauty-tips/the-craziest-beauty-trend-of-2016/,content/beauty-style/beauty-tips/the-craziest-beauty-trend-of-2016/the-craziest-beauty-trend-of-2016.mdx,beauty-style,2016-12-19,True,correct,clean,2,0,0,0,0,1,0,0,0,0,1 landscape plain-md image(s) → fill body measure (acceptable); position-correctness: not verifiable (WordPress source CDN offline)
https://www.beauticate.com/beauty-style/beauty-tips/the-definitive-meghan-markle-beauty-guide/,content/beauty-style/beauty-tips/the-definitive-meghan-markle-beauty-guide/the-definitive-meghan-markle-beauty-guide.mdx,beauty-style,2018-04-24,True,broken,portrait-render,25,0,24,24,0,1,0,0,0,0,24 small/tall portrait(s) as plain markdown → render tiny & left-flush (portrait-standard violation); 1 landscape plain-md image(s) → fill body measure (acceptable); position-correctness: not verifiable (WordPress source CDN offline)
https://www.beauticate.com/beauty-style/beauty-tips/the-desk-drawer-beauty-essentials-you-need-this-new-year-2/,content/beauty-style/beauty-tips/the-desk-drawer-beauty-essentials-you-need-this-new-year-2/the-desk-drawer-beauty-essentials-you-need-this-new-year-2.mdx,beauty-style,2020-01-13,True,correct,clean,7,0,0,0,3,1,0,0,0,0,3 portrait(s) inside consecutive-image grid (cover-cropped gallery); 1 landscape plain-md image(s) → fill body measure (acceptable); position-correctness: not verifiable (WordPress source CDN offline)
https://www.beauticate.com/beauty-style/beauty-tips/the-easiest-tips-and-tricks-from-met-gala-2017/,content/beauty-style/beauty-tips/the-easiest-tips-and-tricks-from-met-gala-2017/the-easiest-tips-and-tricks-from-met-gala-2017.mdx,beauty-style,2017-05-09,True,correct,clean,1,0,0,0,0,1,0,0,0,0,1 landscape plain-md image(s) → fill body measure (acceptable); position-correctness: not verifiable (WordPress source CDN offline)
https://www.beauticate.com/beauty-style/beauty-tips/the-glow-up-secrets-behind-hollywoods-best-makeover-scenes/,content/beauty-style/beauty-tips/the-glow-up-secrets-behind-hollywoods-best-makeover-scenes/the-glow-up-secrets-behind-hollywoods-best-makeover-scenes.mdx,beauty-style,2024-11-28,True,broken,portrait-render,15,0,9,9,0,6,0,0,0,0,9 small/tall portrait(s) as plain markdown → render tiny & left-flush (portrait-standard violation); 6 landscape plain-md image(s) → fill body measure (acceptable); position-correctness: not verifiable (WordPress source CDN offline)
https://www.beauticate.com/beauty-style/beauty-tips/the-la-effect-beverly-hills-style-lessons/,content/beauty-style/beauty-tips/the-la-effect-beverly-hills-style-lessons/the-la-effect-beverly-hills-style-lessons.mdx,beauty-style,2026-07-21,False,broken,portrait-render,6,4,6,6,0,0,0,0,0,0,6 small/tall portrait(s) as plain markdown → render tiny & left-flush (portrait-standard violation); 4 image(s) already in portrait-aware component(s); position-correctness: not verifiable (WordPress source CDN offline)
https://www.beauticate.com/beauty-style/beauty-tips/the-mbfw-backstage-antics-you-wont-see-on-instagram/,content/beauty-style/beauty-tips/the-mbfw-backstage-antics-you-wont-see-on-instagram/the-mbfw-backstage-antics-you-wont-see-on-instagram.mdx,beauty-style,2016-05-18,True,broken,portrait-render,7,0,6,6,0,1,0,0,0,0,6 small/tall portrait(s) as plain markdown → render tiny & left-flush (portrait-standard violation); 1 landscape plain-md image(s) → fill body measure (acceptable); position-correctness: not verifiable (WordPress source CDN offline)
https://www.beauticate.com/beauty-style/beauty-tips/the-most-stunning-festival-beauty-trends-to-rock-at-coachella-2018/,content/beauty-style/beauty-tips/the-most-stunning-festival-beauty-trends-to-rock-at-coachella-2018/the-most-stunning-festival-beauty-trends-to-rock-at-coachella-2018.mdx,beauty-style,2018-04-13,True,broken,portrait-render,12,0,5,5,0,1,0,0,0,0,5 small/tall portrait(s) as plain markdown → render tiny & left-flush (portrait-standard violation); 1 landscape plain-md image(s) → fill body measure (acceptable); position-correctness: not verifiable (WordPress source CDN offline)
https://www.beauticate.com/beauty-style/beauty-tips/the-one-beauty-treatment-kate-ritchie-swears-by/,content/beauty-style/beauty-tips/the-one-beauty-treatment-kate-ritchie-swears-by/the-one-beauty-treatment-kate-ritchie-swears-by.mdx,beauty-style,2017-10-04,True,correct,clean,18,0,0,0,0,0,0,0,0,0,position-correctness: not verifiable (WordPress source CDN offline)
https://www.beauticate.com/beauty-style/beauty-tips/the-one-thing-hairstylists-wish-you-would-stop-doing/,content/beauty-style/beauty-tips/the-one-thing-hairstylists-wish-you-would-stop-doing/the-one-thing-hairstylists-wish-you-would-stop-doing.mdx,beauty-style,2017-07-11,True,broken,portrait-render,14,0,13,13,0,1,0,0,0,0,13 small/tall portrait(s) as plain markdown → render tiny & left-flush (portrait-standard violation); 1 landscape plain-md image(s) → fill body measure (acceptable); position-correctness: not verifiable (WordPress source CDN offline)
https://www.beauticate.com/beauty-style/beauty-tips/the-oscars-leading-actresses-best-on-screen-beauty-looks/,content/beauty-style/beauty-tips/the-oscars-leading-actresses-best-on-screen-beauty-looks/the-oscars-leading-actresses-best-on-screen-beauty-looks.mdx,beauty-style,2017-02-27,True,correct,clean,4,0,0,0,0,4,0,0,0,0,4 landscape plain-md image(s) → fill body measure (acceptable); position-correctness: not verifiable (WordPress source CDN offline)
https://www.beauticate.com/beauty-style/beauty-tips/the-six-met-gala-beauty-looks-you-need-to-see/,content/beauty-style/beauty-tips/the-six-met-gala-beauty-looks-you-need-to-see/the-six-met-gala-beauty-looks-you-need-to-see.mdx,beauty-style,2017-05-02,True,correct,clean,7,0,0,0,0,1,0,0,0,0,1 landscape plain-md image(s) → fill body measure (acceptable); position-correctness: not verifiable (WordPress source CDN offline)
https://www.beauticate.com/beauty-style/beauty-tips/the-three-most-exciting-new-products-from-sephoras-showcase/,content/beauty-style/beauty-tips/the-three-most-exciting-new-products-from-sephoras-showcase/the-three-most-exciting-new-products-from-sephoras-showcase.mdx,beauty-style,2017-01-25,True,correct,clean,1,0,0,0,0,1,0,0,0,0,1 landscape plain-md image(s) → fill body measure (acceptable); position-correctness: not verifiable (WordPress source CDN offline)
https://www.beauticate.com/beauty-style/beauty-tips/the-womens-march-is-giving-you-a-beauty-buy-discount/,content/beauty-style/beauty-tips/the-womens-march-is-giving-you-a-beauty-buy-discount/the-womens-march-is-giving-you-a-beauty-buy-discount.mdx,beauty-style,2017-01-23,True,correct,clean,1,0,0,0,0,1,0,0,0,0,1 landscape plain-md image(s) → fill body measure (acceptable); position-correctness: not verifiable (WordPress source CDN offline)
https://www.beauticate.com/beauty-style/beauty-tips/these-are-the-kate-middleton-approved-mum-buys/,content/beauty-style/beauty-tips/these-are-the-kate-middleton-approved-mum-buys/these-are-the-kate-middleton-approved-mum-buys.mdx,beauty-style,2018-04-11,True,broken,portrait-render,8,0,7,7,0,1,0,0,0,0,7 small/tall portrait(s) as plain markdown → render tiny & left-flush (portrait-standard violation); 1 landscape plain-md image(s) → fill body measure (acceptable); position-correctness: not verifiable (WordPress source CDN offline)
https://www.beauticate.com/beauty-style/beauty-tips/these-are-the-products-i-use-on-my-kids/,content/beauty-style/beauty-tips/these-are-the-products-i-use-on-my-kids/these-are-the-products-i-use-on-my-kids.mdx,beauty-style,2021-07-06,True,broken,portrait-render,19,0,5,5,0,3,0,0,0,0,5 small/tall portrait(s) as plain markdown → render tiny & left-flush (portrait-standard violation); 3 landscape plain-md image(s) → fill body measure (acceptable); position-correctness: not verifiable (WordPress source CDN offline)
https://www.beauticate.com/beauty-style/beauty-tips/these-luxurious-dental-care-upgrades-deserve-a-place-on-your-bathroom-counter/,content/beauty-style/beauty-tips/these-luxurious-dental-care-upgrades-deserve-a-place-on-your-bathroom-counter/these-luxurious-dental-care-upgrades-deserve-a-place-on-your-bathroom-counter.mdx,beauty-style,2020-07-22,True,broken,portrait-render,5,0,1,1,4,0,0,0,0,0,1 small/tall portrait(s) as plain markdown → render tiny & left-flush (portrait-standard violation); 4 portrait(s) inside consecutive-image grid (cover-cropped gallery); position-correctness: not verifiable (WordPress source CDN offline)
https://www.beauticate.com/beauty-style/beauty-tips/these-pretty-kitchen-pieces-will-inspire-your-iso-baking/,content/beauty-style/beauty-tips/these-pretty-kitchen-pieces-will-inspire-your-iso-baking/these-pretty-kitchen-pieces-will-inspire-your-iso-baking.mdx,beauty-style,2020-05-11,True,broken,portrait-render,8,0,1,1,3,0,0,0,0,0,1 small/tall portrait(s) as plain markdown → render tiny & left-flush (portrait-standard violation); 3 portrait(s) inside consecutive-image grid (cover-cropped gallery); position-correctness: not verifiable (WordPress source CDN offline)
https://www.beauticate.com/beauty-style/beauty-tips/this-is-the-4-beauty-secret-behind-emma-stones-golden-globes-look/,content/beauty-style/beauty-tips/this-is-the-4-beauty-secret-behind-emma-stones-golden-globes-look/this-is-the-4-beauty-secret-behind-emma-stones-golden-globes-look.mdx,beauty-style,2017-01-11,True,broken,portrait-render,2,0,1,1,0,1,0,0,0,0,1 small/tall portrait(s) as plain markdown → render tiny & left-flush (portrait-standard violation); 1 landscape plain-md image(s) → fill body measure (acceptable); position-correctness: not verifiable (WordPress source CDN offline)
https://www.beauticate.com/beauty-style/beauty-tips/this-luxury-candle-designer-shares-whats-getting-her-through-covid-19/,content/beauty-style/beauty-tips/this-luxury-candle-designer-shares-whats-getting-her-through-covid-19/this-luxury-candle-designer-shares-whats-getting-her-through-covid-19.mdx,beauty-style,2020-06-02,True,broken,portrait-render,12,0,5,5,6,1,0,0,0,0,5 small/tall portrait(s) as plain markdown → render tiny & left-flush (portrait-standard violation); 6 portrait(s) inside consecutive-image grid (cover-cropped gallery); 1 landscape plain-md image(s) → fill body measure (acceptable); position-correctness: not verifiable (WordPress source CDN offline)
https://www.beauticate.com/beauty-style/beauty-tips/this-mother-and-daughter-duo-talk-their-holistic-daily-routines/,content/beauty-style/beauty-tips/this-mother-and-daughter-duo-talk-their-holistic-daily-routines/this-mother-and-daughter-duo-talk-their-holistic-daily-routines.mdx,beauty-style,2020-04-29,True,broken,portrait-render,12,0,4,4,5,3,0,0,0,0,4 small/tall portrait(s) as plain markdown → render tiny & left-flush (portrait-standard violation); 5 portrait(s) inside consecutive-image grid (cover-cropped gallery); 3 landscape plain-md image(s) → fill body measure (acceptable); position-correctness: not verifiable (WordPress source CDN offline)
https://www.beauticate.com/beauty-style/beauty-tips/this-years-golden-globes-was-all-about-bff-beauty/,content/beauty-style/beauty-tips/this-years-golden-globes-was-all-about-bff-beauty/this-years-golden-globes-was-all-about-bff-beauty.mdx,beauty-style,2017-01-10,True,correct,clean,1,0,0,0,0,1,0,0,0,0,1 landscape plain-md image(s) → fill body measure (acceptable); position-correctness: not verifiable (WordPress source CDN offline)
https://www.beauticate.com/beauty-style/beauty-tips/three-super-easy-beauty-ideas-for-new-years-eve/,content/beauty-style/beauty-tips/three-super-easy-beauty-ideas-for-new-years-eve/three-super-easy-beauty-ideas-for-new-years-eve.mdx,beauty-style,2020-12-16,True,correct,clean,4,0,0,0,0,0,0,0,0,0,position-correctness: not verifiable (WordPress source CDN offline)
https://www.beauticate.com/beauty-style/beauty-tips/two-amazing-beauty-hacks-we-learnt-backstage-the-aje-fashion-show/,content/beauty-style/beauty-tips/two-amazing-beauty-hacks-we-learnt-backstage-the-aje-fashion-show/two-amazing-beauty-hacks-we-learnt-backstage-the-aje-fashion-show.mdx,beauty-style,2017-05-09,True,correct,clean,5,0,0,0,0,1,0,0,0,0,1 landscape plain-md image(s) → fill body measure (acceptable); position-correctness: not verifiable (WordPress source CDN offline)
https://www.beauticate.com/beauty-style/beauty-tips/upgrade-your-life-with-our-valentines-day-gift-guide/,content/beauty-style/beauty-tips/upgrade-your-life-with-our-valentines-day-gift-guide/upgrade-your-life-with-our-valentines-day-gift-guide.mdx,beauty-style,2021-02-09,True,correct,clean,17,0,0,0,0,0,0,0,0,0,position-correctness: not verifiable (WordPress source CDN offline)
https://www.beauticate.com/beauty-style/beauty-tips/valentines-day-cupids-date-night/,content/beauty-style/beauty-tips/valentines-day-cupids-date-night/valentines-day-cupids-date-night.mdx,beauty-style,2016-02-08,True,correct,clean,5,0,0,0,0,5,0,0,0,0,5 landscape plain-md image(s) → fill body measure (acceptable); position-correctness: not verifiable (WordPress source CDN offline)
https://www.beauticate.com/beauty-style/beauty-tips/valentines-day-gifts-your-man-will-actually-want-and-use/,content/beauty-style/beauty-tips/valentines-day-gifts-your-man-will-actually-want-and-use/valentines-day-gifts-your-man-will-actually-want-and-use.mdx,beauty-style,2017-02-14,True,broken,portrait-render,6,0,5,5,0,1,0,0,0,0,5 small/tall portrait(s) as plain markdown → render tiny & left-flush (portrait-standard violation); 1 landscape plain-md image(s) → fill body measure (acceptable); position-correctness: not verifiable (WordPress source CDN offline)
https://www.beauticate.com/beauty-style/beauty-tips/video-beauty-cupboard-edit/,content/beauty-style/beauty-tips/video-beauty-cupboard-edit/video-beauty-cupboard-edit.mdx,beauty-style,2016-06-08,True,correct,clean,3,0,0,0,3,0,0,0,0,0,3 portrait(s) inside consecutive-image grid (cover-cropped gallery); position-correctness: not verifiable (WordPress source CDN offline)
https://www.beauticate.com/beauty-style/beauty-tips/video-behind-the-scenes-on-beauticate-weekly-wrap-up/,content/beauty-style/beauty-tips/video-behind-the-scenes-on-beauticate-weekly-wrap-up/video-behind-the-scenes-on-beauticate-weekly-wrap-up.mdx,beauty-style,2016-03-10,True,correct,clean,3,0,0,0,3,0,0,0,0,0,3 portrait(s) inside consecutive-image grid (cover-cropped gallery); position-correctness: not verifiable (WordPress source CDN offline)
https://www.beauticate.com/beauty-style/beauty-tips/video-behind-the-scenes-on-beauticate-welcoming-lulu/,content/beauty-style/beauty-tips/video-behind-the-scenes-on-beauticate-welcoming-lulu/video-behind-the-scenes-on-beauticate-welcoming-lulu.mdx,beauty-style,2016-05-04,True,correct,clean,3,0,0,0,3,0,0,0,0,0,3 portrait(s) inside consecutive-image grid (cover-cropped gallery); position-correctness: not verifiable (WordPress source CDN offline)
https://www.beauticate.com/beauty-style/beauty-tips/video-how-to-keep-your-veggies-fresh-for-longer/,content/beauty-style/beauty-tips/video-how-to-keep-your-veggies-fresh-for-longer/video-how-to-keep-your-veggies-fresh-for-longer.mdx,beauty-style,2016-07-13,True,correct,clean,3,0,0,0,3,0,0,0,0,0,3 portrait(s) inside consecutive-image grid (cover-cropped gallery); position-correctness: not verifiable (WordPress source CDN offline)
https://www.beauticate.com/beauty-style/beauty-tips/video-how-to-settle-a-baby/,content/beauty-style/beauty-tips/video-how-to-settle-a-baby/video-how-to-settle-a-baby.mdx,beauty-style,2016-08-10,True,correct,clean,0,0,0,0,0,0,0,0,0,0,position-correctness: not verifiable (WordPress source CDN offline)
https://www.beauticate.com/beauty-style/beauty-tips/video-how-to-sort-your-christmas-shopping-early/,content/beauty-style/beauty-tips/video-how-to-sort-your-christmas-shopping-early/video-how-to-sort-your-christmas-shopping-early.mdx,beauty-style,2015-11-18,True,correct,clean,0,0,0,0,0,0,0,0,0,0,position-correctness: not verifiable (WordPress source CDN offline)
https://www.beauticate.com/beauty-style/beauty-tips/video-kate-ritchies-beauty-essentials/,content/beauty-style/beauty-tips/video-kate-ritchies-beauty-essentials/video-kate-ritchies-beauty-essentials.mdx,beauty-style,2016-10-11,True,correct,clean,10,0,0,0,0,0,0,0,0,0,position-correctness: not verifiable (WordPress source CDN offline)
https://www.beauticate.com/beauty-style/beauty-tips/video-my-favourite-products-to-unplug-and-reboot-sigourneys-edit/,content/beauty-style/beauty-tips/video-my-favourite-products-to-unplug-and-reboot-sigourneys-edit/video-my-favourite-products-to-unplug-and-reboot-sigourneys-edit.mdx,beauty-style,2016-10-05,True,broken,portrait-render,6,0,6,6,0,0,0,0,0,0,6 small/tall portrait(s) as plain markdown → render tiny & left-flush (portrait-standard violation); position-correctness: not verifiable (WordPress source CDN offline)
https://www.beauticate.com/beauty-style/beauty-tips/video-my-tanning-routine-sigourneys-edit/,content/beauty-style/beauty-tips/video-my-tanning-routine-sigourneys-edit/video-my-tanning-routine-sigourneys-edit.mdx,beauty-style,2016-12-14,True,broken,portrait-render,2,0,2,2,0,0,0,0,0,0,2 small/tall portrait(s) as plain markdown → render tiny & left-flush (portrait-standard violation); position-correctness: not verifiable (WordPress source CDN offline)
https://www.beauticate.com/beauty-style/beauty-tips/video-waking-up-with-jess-hart/,content/beauty-style/beauty-tips/video-waking-up-with-jess-hart/video-waking-up-with-jess-hart.mdx,beauty-style,2018-01-09,True,broken,portrait-render,1,0,1,1,0,0,0,0,0,0,1 small/tall portrait(s) as plain markdown → render tiny & left-flush (portrait-standard violation); position-correctness: not verifiable (WordPress source CDN offline)
https://www.beauticate.com/beauty-style/beauty-tips/vs-countdown-angels-gram-their-way-to-paris-for-show/,content/beauty-style/beauty-tips/vs-countdown-angels-gram-their-way-to-paris-for-show/vs-countdown-angels-gram-their-way-to-paris-for-show.mdx,beauty-style,2016-11-28,True,correct,clean,1,0,0,0,0,1,0,0,0,0,1 landscape plain-md image(s) → fill body measure (acceptable); position-correctness: not verifiable (WordPress source CDN offline)
https://www.beauticate.com/beauty-style/beauty-tips/we-just-tried-the-new-mariah-carey-x-mac-collection/,content/beauty-style/beauty-tips/we-just-tried-the-new-mariah-carey-x-mac-collection/we-just-tried-the-new-mariah-carey-x-mac-collection.mdx,beauty-style,2016-11-30,True,correct,clean,1,0,0,0,0,1,0,0,0,0,1 landscape plain-md image(s) → fill body measure (acceptable); position-correctness: not verifiable (WordPress source CDN offline)
https://www.beauticate.com/beauty-style/beauty-tips/we-want-you-to-be-featured-on-beauticate/,content/beauty-style/beauty-tips/we-want-you-to-be-featured-on-beauticate/we-want-you-to-be-featured-on-beauticate.mdx,beauty-style,2017-11-02,True,broken,portrait-render,12,0,1,1,6,1,0,0,0,0,1 small/tall portrait(s) as plain markdown → render tiny & left-flush (portrait-standard violation); 6 portrait(s) inside consecutive-image grid (cover-cropped gallery); 1 landscape plain-md image(s) → fill body measure (acceptable); position-correctness: not verifiable (WordPress source CDN offline)
https://www.beauticate.com/beauty-style/beauty-tips/who-was-the-most-popular-beauty-brand-of-2016/,content/beauty-style/beauty-tips/who-was-the-most-popular-beauty-brand-of-2016/who-was-the-most-popular-beauty-brand-of-2016.mdx,beauty-style,2016-12-14,True,correct,clean,1,0,0,0,0,1,0,0,0,0,1 landscape plain-md image(s) → fill body measure (acceptable); position-correctness: not verifiable (WordPress source CDN offline)
https://www.beauticate.com/beauty-style/beauty-tips/why-self-tan-water-might-just-change-your-life/,content/beauty-style/beauty-tips/why-self-tan-water-might-just-change-your-life/why-self-tan-water-might-just-change-your-life.mdx,beauty-style,2017-01-05,True,broken,portrait-render,2,0,1,1,0,1,0,0,0,0,1 small/tall portrait(s) as plain markdown → render tiny & left-flush (portrait-standard violation); 1 landscape plain-md image(s) → fill body measure (acceptable); position-correctness: not verifiable (WordPress source CDN offline)
https://www.beauticate.com/beauty-style/beauty-tips/winter-warmers-sigourneys-edit/,content/beauty-style/beauty-tips/winter-warmers-sigourneys-edit/winter-warmers-sigourneys-edit.mdx,beauty-style,2015-07-28,True,broken,portrait-render,11,0,4,4,4,1,0,0,0,0,4 small/tall portrait(s) as plain markdown → render tiny & left-flush (portrait-standard violation); 4 portrait(s) inside consecutive-image grid (cover-cropped gallery); 1 landscape plain-md image(s) → fill body measure (acceptable); position-correctness: not verifiable (WordPress source CDN offline)
https://www.beauticate.com/beauty-style/beauty-tips/you-can-actually-diy-and-it-actually-works-with-this-insta-account/,content/beauty-style/beauty-tips/you-can-actually-diy-and-it-actually-works-with-this-insta-account/you-can-actually-diy-and-it-actually-works-with-this-insta-account.mdx,beauty-style,2017-03-21,True,correct,clean,1,0,0,0,0,1,0,0,0,0,1 landscape plain-md image(s) → fill body measure (acceptable); position-correctness: not verifiable (WordPress source CDN offline)
https://www.beauticate.com/beauty-style/beauty-tips/your-australia-day-beauty-kit/,content/beauty-style/beauty-tips/your-australia-day-beauty-kit/your-australia-day-beauty-kit.mdx,beauty-style,2015-01-23,True,broken,portrait-render,17,0,12,12,0,4,0,0,0,0,12 small/tall portrait(s) as plain markdown → render tiny & left-flush (portrait-standard violation); 4 landscape plain-md image(s) → fill body measure (acceptable); position-correctness: not verifiable (WordPress source CDN offline)
https://www.beauticate.com/beauty-style/beauty-tips/zendaya-launches-highly-anticipated-app/,content/beauty-style/beauty-tips/zendaya-launches-highly-anticipated-app/zendaya-launches-highly-anticipated-app.mdx,beauty-style,2016-11-30,True,correct,clean,1,0,0,0,0,1,0,0,0,0,1 landscape plain-md image(s) → fill body measure (acceptable); position-correctness: not verifiable (WordPress source CDN offline)
https://www.beauticate.com/beauty-style/cosmetic/beauty-massage-models-swear-by/,content/beauty-style/cosmetic/beauty-massage-models-swear-by/beauty-massage-models-swear-by.mdx,beauty-style,2019-01-23,True,broken,portrait-render,3,0,1,1,0,2,0,0,0,0,1 small/tall portrait(s) as plain markdown → render tiny & left-flush (portrait-standard violation); 2 landscape plain-md image(s) → fill body measure (acceptable); position-correctness: not verifiable (WordPress source CDN offline)
https://www.beauticate.com/beauty-style/cosmetic/chanel-hermes-facial-injections-these-are-the-latest-breed-of-beauty-treatments/,content/beauty-style/cosmetic/chanel-hermes-facial-injections-these-are-the-latest-breed-of-beauty-treatments/chanel-hermes-facial-injections-these-are-the-latest-breed-of-beauty-treatments.mdx,beauty-style,2021-04-12,True,broken,portrait-render,3,0,3,3,0,0,0,0,0,0,3 small/tall portrait(s) as plain markdown → render tiny & left-flush (portrait-standard violation); position-correctness: not verifiable (WordPress source CDN offline)
https://www.beauticate.com/beauty-style/cosmetic/clear-skincare-clinic-led-brand-has-relaunched/,content/beauty-style/cosmetic/clear-skincare-clinic-led-brand-has-relaunched/clear-skincare-clinic-led-brand-has-relaunched.mdx,beauty-style,2024-05-14,True,broken,portrait-render,10,0,6,6,0,4,0,0,0,0,6 small/tall portrait(s) as plain markdown → render tiny & left-flush (portrait-standard violation); 4 landscape plain-md image(s) → fill body measure (acceptable); position-correctness: not verifiable (WordPress source CDN offline)
https://www.beauticate.com/beauty-style/cosmetic/could-this-cult-treatment-fix-your-pigmentation/,content/beauty-style/cosmetic/could-this-cult-treatment-fix-your-pigmentation/could-this-cult-treatment-fix-your-pigmentation.mdx,beauty-style,2019-09-03,True,broken,portrait-render,9,0,3,3,4,1,0,0,0,0,3 small/tall portrait(s) as plain markdown → render tiny & left-flush (portrait-standard violation); 4 portrait(s) inside consecutive-image grid (cover-cropped gallery); 1 landscape plain-md image(s) → fill body measure (acceptable); position-correctness: not verifiable (WordPress source CDN offline)
https://www.beauticate.com/beauty-style/cosmetic/how-to-blast-blemishes-with-electricity-and-clear-them-up-for-good/,content/beauty-style/cosmetic/how-to-blast-blemishes-with-electricity-and-clear-them-up-for-good/how-to-blast-blemishes-with-electricity-and-clear-them-up-for-good.mdx,beauty-style,2014-06-30,True,correct,clean,1,0,0,0,0,1,0,0,0,0,1 landscape plain-md image(s) → fill body measure (acceptable); position-correctness: not verifiable (WordPress source CDN offline)
https://www.beauticate.com/beauty-style/cosmetic/is-the-natural-no-surgery-boob-job-the-most-innovative-procedure-ever/,content/beauty-style/cosmetic/is-the-natural-no-surgery-boob-job-the-most-innovative-procedure-ever/is-the-natural-no-surgery-boob-job-the-most-innovative-procedure-ever.mdx,beauty-style,2017-11-14,True,broken,portrait-render,10,0,9,9,0,1,0,0,0,0,9 small/tall portrait(s) as plain markdown → render tiny & left-flush (portrait-standard violation); 1 landscape plain-md image(s) → fill body measure (acceptable); flag: truncated-alt-caption; position-correctness: not verifiable (WordPress source CDN offline)
https://www.beauticate.com/beauty-style/cosmetic/korean-plastic-surgery/,content/beauty-style/cosmetic/korean-plastic-surgery/korean-plastic-surgery.mdx,beauty-style,2018-08-29,True,broken,portrait-render,13,0,12,12,0,1,0,0,0,0,12 small/tall portrait(s) as plain markdown → render tiny & left-flush (portrait-standard violation); 1 landscape plain-md image(s) → fill body measure (acceptable); position-correctness: not verifiable (WordPress source CDN offline)
https://www.beauticate.com/beauty-style/cosmetic/max-laser-treatment-review/,content/beauty-style/cosmetic/max-laser-treatment-review/max-laser-treatment-review.mdx,beauty-style,2015-06-17,True,broken,portrait-render,2,0,2,2,0,0,0,0,0,0,2 small/tall portrait(s) as plain markdown → render tiny & left-flush (portrait-standard violation); position-correctness: not verifiable (WordPress source CDN offline)
https://www.beauticate.com/beauty-style/cosmetic/news-australias-newest-and-most-elite-skin-clinic-opens-its-doors/,content/beauty-style/cosmetic/news-australias-newest-and-most-elite-skin-clinic-opens-its-doors/news-australias-newest-and-most-elite-skin-clinic-opens-its-doors.mdx,beauty-style,2017-05-23,True,broken,portrait-render,3,0,1,1,2,0,0,0,0,0,1 small/tall portrait(s) as plain markdown → render tiny & left-flush (portrait-standard violation); 2 portrait(s) inside consecutive-image grid (cover-cropped gallery); position-correctness: not verifiable (WordPress source CDN offline)
https://www.beauticate.com/beauty-style/cosmetic/the-4-sydney-beauty-treatments-to-get-you-sorted-for-the-new-year/,content/beauty-style/cosmetic/the-4-sydney-beauty-treatments-to-get-you-sorted-for-the-new-year/the-4-sydney-beauty-treatments-to-get-you-sorted-for-the-new-year.mdx,beauty-style,2021-01-18,True,broken,portrait-render,3,0,3,3,0,0,0,0,0,0,3 small/tall portrait(s) as plain markdown → render tiny & left-flush (portrait-standard violation); position-correctness: not verifiable (WordPress source CDN offline)
https://www.beauticate.com/beauty-style/cosmetic/the-best-products-to-make-your-eyes-pop-mask-or-no-mask/,content/beauty-style/cosmetic/the-best-products-to-make-your-eyes-pop-mask-or-no-mask/the-best-products-to-make-your-eyes-pop-mask-or-no-mask.mdx,beauty-style,2021-03-16,True,broken,portrait-render,12,0,6,6,6,0,0,0,0,0,6 small/tall portrait(s) as plain markdown → render tiny & left-flush (portrait-standard violation); 6 portrait(s) inside consecutive-image grid (cover-cropped gallery); position-correctness: not verifiable (WordPress source CDN offline)
https://www.beauticate.com/beauty-style/cosmetic/the-red-hot-treatments-for-a-sculpted-bod/,content/beauty-style/cosmetic/the-red-hot-treatments-for-a-sculpted-bod/the-red-hot-treatments-for-a-sculpted-bod.mdx,beauty-style,2022-03-23,True,broken,portrait-render,3,0,3,3,0,0,0,0,0,0,3 small/tall portrait(s) as plain markdown → render tiny & left-flush (portrait-standard violation); position-correctness: not verifiable (WordPress source CDN offline)
https://www.beauticate.com/beauty-style/cosmetic/the-turn-back-time-tweaks-that-actually-work/,content/beauty-style/cosmetic/the-turn-back-time-tweaks-that-actually-work/the-turn-back-time-tweaks-that-actually-work.mdx,beauty-style,2017-07-06,True,broken,portrait-render,4,0,3,3,0,1,0,0,0,0,3 small/tall portrait(s) as plain markdown → render tiny & left-flush (portrait-standard violation); 1 landscape plain-md image(s) → fill body measure (acceptable); position-correctness: not verifiable (WordPress source CDN offline)
https://www.beauticate.com/beauty-style/cosmetic/video-how-age-affects-our-smile-and-what-to-do-about-it/,content/beauty-style/cosmetic/video-how-age-affects-our-smile-and-what-to-do-about-it/video-how-age-affects-our-smile-and-what-to-do-about-it.mdx,beauty-style,2024-08-31,True,broken,portrait-render,3,0,3,3,0,0,0,0,0,0,3 small/tall portrait(s) as plain markdown → render tiny & left-flush (portrait-standard violation); position-correctness: not verifiable (WordPress source CDN offline)
https://www.beauticate.com/beauty-style/cosmetic/why-this-semi-permanent-bb-cream-facial-is-going-viral/,content/beauty-style/cosmetic/why-this-semi-permanent-bb-cream-facial-is-going-viral/why-this-semi-permanent-bb-cream-facial-is-going-viral.mdx,beauty-style,2019-10-08,True,correct,clean,6,0,0,0,0,4,0,0,0,0,4 landscape plain-md image(s) → fill body measure (acceptable); position-correctness: not verifiable (WordPress source CDN offline)
https://www.beauticate.com/beauty-style/fragrance/6-gorgeous-scents-to-upgrade-your-autumn-fragrance-wardrobe/,content/beauty-style/fragrance/6-gorgeous-scents-to-upgrade-your-autumn-fragrance-wardrobe/6-gorgeous-scents-to-upgrade-your-autumn-fragrance-wardrobe.mdx,beauty-style,2019-03-25,True,broken,portrait-render,8,0,1,1,1,5,0,0,0,0,1 small/tall portrait(s) as plain markdown → render tiny & left-flush (portrait-standard violation); 1 portrait(s) inside consecutive-image grid (cover-cropped gallery); 5 landscape plain-md image(s) → fill body measure (acceptable); position-correctness: not verifiable (WordPress source CDN offline)
https://www.beauticate.com/beauty-style/fragrance/beauticate-team-winter-edit/,content/beauty-style/fragrance/beauticate-team-winter-edit/beauticate-team-winter-edit.mdx,beauty-style,2026-06-01,True,correct,clean,0,24,0,0,0,0,0,0,0,0,24 image(s) already in portrait-aware component(s); position-correctness: not verifiable (WordPress source CDN offline)
https://www.beauticate.com/beauty-style/fragrance/chanel-factory-5-collection-discover-the-clever-take-on-the-classic-scent/,content/beauty-style/fragrance/chanel-factory-5-collection-discover-the-clever-take-on-the-classic-scent/chanel-factory-5-collection-discover-the-clever-take-on-the-classic-scent.mdx,beauty-style,2021-06-29,True,broken,portrait-render,4,0,2,2,0,0,0,0,0,0,2 small/tall portrait(s) as plain markdown → render tiny & left-flush (portrait-standard violation); position-correctness: not verifiable (WordPress source CDN offline)
https://www.beauticate.com/beauty-style/fragrance/christmas-festive-scents/,content/beauty-style/fragrance/christmas-festive-scents/christmas-festive-scents.mdx,beauty-style,2018-12-19,True,correct,clean,9,0,0,0,1,5,0,0,0,0,1 portrait(s) inside consecutive-image grid (cover-cropped gallery); 5 landscape plain-md image(s) → fill body measure (acceptable); position-correctness: not verifiable (WordPress source CDN offline)
https://www.beauticate.com/beauty-style/fragrance/cult-cool-girl-fragrances/,content/beauty-style/fragrance/cult-cool-girl-fragrances/cult-cool-girl-fragrances.mdx,beauty-style,2017-12-05,True,broken,portrait-render,6,0,3,3,2,1,0,0,0,0,3 small/tall portrait(s) as plain markdown → render tiny & left-flush (portrait-standard violation); 2 portrait(s) inside consecutive-image grid (cover-cropped gallery); 1 landscape plain-md image(s) → fill body measure (acceptable); position-correctness: not verifiable (WordPress source CDN offline)
https://www.beauticate.com/beauty-style/fragrance/diary-of-a-perfume-launch-sigourneys-edit/,content/beauty-style/fragrance/diary-of-a-perfume-launch-sigourneys-edit/diary-of-a-perfume-launch-sigourneys-edit.mdx,beauty-style,2016-09-01,True,broken,portrait-render,15,0,11,11,0,0,0,0,0,0,11 small/tall portrait(s) as plain markdown → render tiny & left-flush (portrait-standard violation); position-correctness: not verifiable (WordPress source CDN offline)
https://www.beauticate.com/beauty-style/fragrance/fathers-day-fragrance-gifts/,content/beauty-style/fragrance/fathers-day-fragrance-gifts/fathers-day-fragrance-gifts.mdx,beauty-style,2025-08-29,True,correct,clean,6,0,0,0,0,1,0,0,0,0,1 landscape plain-md image(s) → fill body measure (acceptable); position-correctness: not verifiable (WordPress source CDN offline)
https://www.beauticate.com/beauty-style/fragrance/fathers-day-fragrance/,content/beauty-style/fragrance/fathers-day-fragrance/fathers-day-fragrance.mdx,beauty-style,2025-08-29,True,correct,clean,5,0,0,0,0,0,0,0,0,0,position-correctness: not verifiable (WordPress source CDN offline)
https://www.beauticate.com/beauty-style/fragrance/five-scented-beauty-products-to-boost-your-mood-right-now/,content/beauty-style/fragrance/five-scented-beauty-products-to-boost-your-mood-right-now/five-scented-beauty-products-to-boost-your-mood-right-now.mdx,beauty-style,2016-06-22,True,broken,portrait-render,6,0,5,5,0,1,0,0,0,0,5 small/tall portrait(s) as plain markdown → render tiny & left-flush (portrait-standard violation); 1 landscape plain-md image(s) → fill body measure (acceptable); position-correctness: not verifiable (WordPress source CDN offline)
https://www.beauticate.com/beauty-style/fragrance/fragrance/,content/beauty-style/fragrance/fragrance/fragrance.mdx,beauty-style,2024-04-18,True,broken,portrait-render,16,0,13,13,0,3,0,0,0,0,13 small/tall portrait(s) as plain markdown → render tiny & left-flush (portrait-standard violation); 3 landscape plain-md image(s) → fill body measure (acceptable); position-correctness: not verifiable (WordPress source CDN offline)
https://www.beauticate.com/beauty-style/fragrance/ganni-sabine-how-to-style/,content/beauty-style/fragrance/ganni-sabine-how-to-style/ganni-sabine-how-to-style.mdx,beauty-style,2018-11-12,True,broken,portrait-render,7,0,2,2,0,5,0,0,0,0,2 small/tall portrait(s) as plain markdown → render tiny & left-flush (portrait-standard violation); 5 landscape plain-md image(s) → fill body measure (acceptable); position-correctness: not verifiable (WordPress source CDN offline)
https://www.beauticate.com/beauty-style/fragrance/goldfield-and-banks-silky-woods-cairns/,content/beauty-style/fragrance/goldfield-and-banks-silky-woods-cairns/goldfield-and-banks-silky-woods-cairns.mdx,beauty-style,2025-05-07,True,broken,portrait-render,19,0,2,1,1,8,0,0,0,0,1 small/tall portrait(s) as plain markdown → render tiny & left-flush (portrait-standard violation); 1 portrait(s) inside consecutive-image grid (cover-cropped gallery); 8 landscape plain-md image(s) → fill body measure (acceptable); position-correctness: not verifiable (WordPress source CDN offline)
https://www.beauticate.com/beauty-style/fragrance/guy-sebastian-on-his-fame-family-and-his-new-fragrance/,content/beauty-style/fragrance/guy-sebastian-on-his-fame-family-and-his-new-fragrance/guy-sebastian-on-his-fame-family-and-his-new-fragrance.mdx,beauty-style,2023-05-07,True,broken,portrait-render,8,0,5,5,0,2,0,0,0,0,5 small/tall portrait(s) as plain markdown → render tiny & left-flush (portrait-standard violation); 2 landscape plain-md image(s) → fill body measure (acceptable); position-correctness: not verifiable (WordPress source CDN offline)
https://www.beauticate.com/beauty-style/fragrance/how-to-buy-perfume-for-someone-else/,content/beauty-style/fragrance/how-to-buy-perfume-for-someone-else/how-to-buy-perfume-for-someone-else.mdx,beauty-style,2015-05-05,True,broken,portrait-render,7,0,4,4,2,1,0,0,0,0,4 small/tall portrait(s) as plain markdown → render tiny & left-flush (portrait-standard violation); 2 portrait(s) inside consecutive-image grid (cover-cropped gallery); 1 landscape plain-md image(s) → fill body measure (acceptable); position-correctness: not verifiable (WordPress source CDN offline)
https://www.beauticate.com/beauty-style/fragrance/how-to-master-the-art-of-fragrance-combining/,content/beauty-style/fragrance/how-to-master-the-art-of-fragrance-combining/how-to-master-the-art-of-fragrance-combining.mdx,beauty-style,2014-12-17,True,broken,portrait-render,5,0,5,5,0,0,0,0,0,0,5 small/tall portrait(s) as plain markdown → render tiny & left-flush (portrait-standard violation); position-correctness: not verifiable (WordPress source CDN offline)
https://www.beauticate.com/beauty-style/fragrance/i-cant-get-enough-of-these-three-cosy-winter-scents/,content/beauty-style/fragrance/i-cant-get-enough-of-these-three-cosy-winter-scents/i-cant-get-enough-of-these-three-cosy-winter-scents.mdx,beauty-style,2022-06-30,True,broken,portrait-render,3,0,1,1,0,0,0,0,0,0,1 small/tall portrait(s) as plain markdown → render tiny & left-flush (portrait-standard violation); position-correctness: not verifiable (WordPress source CDN offline)
https://www.beauticate.com/beauty-style/fragrance/if-you-like-unique-scents-take-a-whiff-of-these/,content/beauty-style/fragrance/if-you-like-unique-scents-take-a-whiff-of-these/if-you-like-unique-scents-take-a-whiff-of-these.mdx,beauty-style,2020-07-22,True,correct,clean,19,0,0,0,0,0,0,0,0,0,position-correctness: not verifiable (WordPress source CDN offline)
https://www.beauticate.com/beauty-style/fragrance/loccitane-launches-first-gourmand-fragrance/,content/beauty-style/fragrance/loccitane-launches-first-gourmand-fragrance/loccitane-launches-first-gourmand-fragrance.mdx,beauty-style,2017-05-01,True,correct,clean,6,0,0,0,6,0,0,0,0,0,6 portrait(s) inside consecutive-image grid (cover-cropped gallery); position-correctness: not verifiable (WordPress source CDN offline)
https://www.beauticate.com/beauty-style/fragrance/mens-fragrances-valentines-day/,content/beauty-style/fragrance/mens-fragrances-valentines-day/mens-fragrances-valentines-day.mdx,beauty-style,2019-02-07,True,broken,portrait-render,15,0,11,11,1,2,0,0,0,0,11 small/tall portrait(s) as plain markdown → render tiny & left-flush (portrait-standard violation); 1 portrait(s) inside consecutive-image grid (cover-cropped gallery); 2 landscape plain-md image(s) → fill body measure (acceptable); position-correctness: not verifiable (WordPress source CDN offline)
https://www.beauticate.com/beauty-style/fragrance/michael-buble-peony-noir/,content/beauty-style/fragrance/michael-buble-peony-noir/michael-buble-peony-noir.mdx,beauty-style,2018-11-05,True,correct,clean,1,0,0,0,0,1,0,0,0,0,1 landscape plain-md image(s) → fill body measure (acceptable); position-correctness: not verifiable (WordPress source CDN offline)
https://www.beauticate.com/beauty-style/fragrance/our-2021-fathers-day-guide-as-chosen-by-the-discerning-men-of-beauticate/,content/beauty-style/fragrance/our-2021-fathers-day-guide-as-chosen-by-the-discerning-men-of-beauticate/our-2021-fathers-day-guide-as-chosen-by-the-discerning-men-of-beauticate.mdx,beauty-style,2021-08-31,True,broken,portrait-render,20,0,8,8,0,2,0,0,0,0,8 small/tall portrait(s) as plain markdown → render tiny & left-flush (portrait-standard violation); 2 landscape plain-md image(s) → fill body measure (acceptable); position-correctness: not verifiable (WordPress source CDN offline)
https://www.beauticate.com/beauty-style/fragrance/perfumeedit-the-new-wintery-scents/,content/beauty-style/fragrance/perfumeedit-the-new-wintery-scents/perfumeedit-the-new-wintery-scents.mdx,beauty-style,2016-07-04,True,broken,portrait-render,6,0,5,5,0,1,0,0,0,0,5 small/tall portrait(s) as plain markdown → render tiny & left-flush (portrait-standard violation); 1 landscape plain-md image(s) → fill body measure (acceptable); position-correctness: not verifiable (WordPress source CDN offline)
https://www.beauticate.com/beauty-style/fragrance/six-new-scents-for-summer-soirees-sigourneys-edit/,content/beauty-style/fragrance/six-new-scents-for-summer-soirees-sigourneys-edit/six-new-scents-for-summer-soirees-sigourneys-edit.mdx,beauty-style,2016-11-28,True,broken,portrait-render,8,0,7,7,0,1,0,0,0,0,7 small/tall portrait(s) as plain markdown → render tiny & left-flush (portrait-standard violation); 1 landscape plain-md image(s) → fill body measure (acceptable); position-correctness: not verifiable (WordPress source CDN offline)
https://www.beauticate.com/beauty-style/fragrance/spring-fragrance-guide-sigourneys-edit/,content/beauty-style/fragrance/spring-fragrance-guide-sigourneys-edit/spring-fragrance-guide-sigourneys-edit.mdx,beauty-style,2015-09-15,True,broken,portrait-render,10,0,8,8,0,1,0,0,0,0,8 small/tall portrait(s) as plain markdown → render tiny & left-flush (portrait-standard violation); 1 landscape plain-md image(s) → fill body measure (acceptable); position-correctness: not verifiable (WordPress source CDN offline)
https://www.beauticate.com/beauty-style/fragrance/subtle-and-sophisticated-scents-perfect-for-mothers-day/,content/beauty-style/fragrance/subtle-and-sophisticated-scents-perfect-for-mothers-day/subtle-and-sophisticated-scents-perfect-for-mothers-day.mdx,beauty-style,2019-05-07,True,correct,clean,6,0,0,0,0,1,0,0,0,0,1 landscape plain-md image(s) → fill body measure (acceptable); position-correctness: not verifiable (WordPress source CDN offline)
https://www.beauticate.com/beauty-style/fragrance/the-6-perfumes-that-will-evoke-spring-in-a-spritz/,content/beauty-style/fragrance/the-6-perfumes-that-will-evoke-spring-in-a-spritz/the-6-perfumes-that-will-evoke-spring-in-a-spritz.mdx,beauty-style,2019-10-28,True,correct,clean,7,0,0,0,6,1,0,0,0,0,6 portrait(s) inside consecutive-image grid (cover-cropped gallery); 1 landscape plain-md image(s) → fill body measure (acceptable); position-correctness: not verifiable (WordPress source CDN offline)
https://www.beauticate.com/beauty-style/fragrance/the-boys-of-beauticate-fathers-day-guide/,content/beauty-style/fragrance/the-boys-of-beauticate-fathers-day-guide/the-boys-of-beauticate-fathers-day-guide.mdx,beauty-style,2022-08-24,True,broken,portrait-render,20,0,14,14,0,2,0,0,0,0,14 small/tall portrait(s) as plain markdown → render tiny & left-flush (portrait-standard violation); 2 landscape plain-md image(s) → fill body measure (acceptable); position-correctness: not verifiable (WordPress source CDN offline)
https://www.beauticate.com/beauty-style/fragrance/the-fragrance-im-coming-home-to-this-mothers-day/,content/beauty-style/fragrance/the-fragrance-im-coming-home-to-this-mothers-day/the-fragrance-im-coming-home-to-this-mothers-day.mdx,beauty-style,2020-04-22,True,correct,clean,23,0,0,0,0,0,0,0,0,0,position-correctness: not verifiable (WordPress source CDN offline)
https://www.beauticate.com/beauty-style/fragrance/the-most-festive-scents-to-put-you-in-a-christmassy-mood/,content/beauty-style/fragrance/the-most-festive-scents-to-put-you-in-a-christmassy-mood/the-most-festive-scents-to-put-you-in-a-christmassy-mood.mdx,beauty-style,2020-11-30,True,correct,clean,5,0,0,0,2,0,0,0,0,0,2 portrait(s) inside consecutive-image grid (cover-cropped gallery); position-correctness: not verifiable (WordPress source CDN offline)
https://www.beauticate.com/beauty-style/fragrance/the-only-scent-you-should-be-wearing-this-valentines-day/,content/beauty-style/fragrance/the-only-scent-you-should-be-wearing-this-valentines-day/the-only-scent-you-should-be-wearing-this-valentines-day.mdx,beauty-style,2018-02-06,True,correct,clean,4,0,0,0,0,4,0,0,0,0,4 landscape plain-md image(s) → fill body measure (acceptable); position-correctness: not verifiable (WordPress source CDN offline)
https://www.beauticate.com/beauty-style/fragrance/the-perfume-trend-that-beats-coffee/,content/beauty-style/fragrance/the-perfume-trend-that-beats-coffee/the-perfume-trend-that-beats-coffee.mdx,beauty-style,2018-10-03,True,broken,portrait-render,7,0,5,5,0,2,0,0,0,0,5 small/tall portrait(s) as plain markdown → render tiny & left-flush (portrait-standard violation); 2 landscape plain-md image(s) → fill body measure (acceptable); position-correctness: not verifiable (WordPress source CDN offline)
https://www.beauticate.com/beauty-style/fragrance/the-very-modern-and-ultra-chic-rose-perfumes-you-need-to-know-2/,content/beauty-style/fragrance/the-very-modern-and-ultra-chic-rose-perfumes-you-need-to-know-2/the-very-modern-and-ultra-chic-rose-perfumes-you-need-to-know-2.mdx,beauty-style,2020-02-03,True,correct,clean,7,0,0,0,6,1,0,0,0,0,6 portrait(s) inside consecutive-image grid (cover-cropped gallery); 1 landscape plain-md image(s) → fill body measure (acceptable); position-correctness: not verifiable (WordPress source CDN offline)
https://www.beauticate.com/beauty-style/fragrance/these-are-the-summer-fragrances-that-my-friends-wont-stop-asking-me-about/,content/beauty-style/fragrance/these-are-the-summer-fragrances-that-my-friends-wont-stop-asking-me-about/these-are-the-summer-fragrances-that-my-friends-wont-stop-asking-me-about.mdx,beauty-style,2022-02-08,True,broken,portrait-render,5,0,1,1,1,0,0,0,0,0,1 small/tall portrait(s) as plain markdown → render tiny & left-flush (portrait-standard violation); 1 portrait(s) inside consecutive-image grid (cover-cropped gallery); position-correctness: not verifiable (WordPress source CDN offline)
https://www.beauticate.com/beauty-style/fragrance/these-fragrances-have-been-cheering-me-up-sigourneys-edit/,content/beauty-style/fragrance/these-fragrances-have-been-cheering-me-up-sigourneys-edit/these-fragrances-have-been-cheering-me-up-sigourneys-edit.mdx,beauty-style,2021-08-16,True,correct,clean,7,0,0,0,0,0,0,0,0,0,position-correctness: not verifiable (WordPress source CDN offline)
https://www.beauticate.com/beauty-style/fragrance/this-new-perfume-trend-will-have-you-smelling-like-you-only-better/,content/beauty-style/fragrance/this-new-perfume-trend-will-have-you-smelling-like-you-only-better/this-new-perfume-trend-will-have-you-smelling-like-you-only-better.mdx,beauty-style,2018-07-16,True,correct,clean,6,0,0,0,5,1,0,0,0,0,5 portrait(s) inside consecutive-image grid (cover-cropped gallery); 1 landscape plain-md image(s) → fill body measure (acceptable); position-correctness: not verifiable (WordPress source CDN offline)
https://www.beauticate.com/beauty-style/fragrance/three-of-the-best-wisteria-scents/,content/beauty-style/fragrance/three-of-the-best-wisteria-scents/three-of-the-best-wisteria-scents.mdx,beauty-style,2017-10-03,True,broken,portrait-render,4,0,3,3,0,1,0,0,0,0,3 small/tall portrait(s) as plain markdown → render tiny & left-flush (portrait-standard violation); 1 landscape plain-md image(s) → fill body measure (acceptable); position-correctness: not verifiable (WordPress source CDN offline)
https://www.beauticate.com/beauty-style/fragrance/unique-one-of-a-kind-scents-that-will-have-everyone-asking-sigourneys-edit/,content/beauty-style/fragrance/unique-one-of-a-kind-scents-that-will-have-everyone-asking-sigourneys-edit/unique-one-of-a-kind-scents-that-will-have-everyone-asking-sigourneys-edit.mdx,beauty-style,2018-06-21,True,broken,portrait-render,10,0,6,6,1,2,0,0,0,0,6 small/tall portrait(s) as plain markdown → render tiny & left-flush (portrait-standard violation); 1 portrait(s) inside consecutive-image grid (cover-cropped gallery); 2 landscape plain-md image(s) → fill body measure (acceptable); position-correctness: not verifiable (WordPress source CDN offline)
https://www.beauticate.com/beauty-style/fragrance/why-fragrance-is-the-ultimate-gesture-of-love-1/,content/beauty-style/fragrance/why-fragrance-is-the-ultimate-gesture-of-love-1/why-fragrance-is-the-ultimate-gesture-of-love-1.mdx,beauty-style,2018-05-10,True,broken,portrait-render,17,0,1,1,9,2,0,0,0,0,1 small/tall portrait(s) as plain markdown → render tiny & left-flush (portrait-standard violation); 9 portrait(s) inside consecutive-image grid (cover-cropped gallery); 2 landscape plain-md image(s) → fill body measure (acceptable); position-correctness: not verifiable (WordPress source CDN offline)
https://www.beauticate.com/beauty-style/hair/5-celeb-beauty-looks-to-copy-this-weekend-as-seen-on-instagram-3/,content/beauty-style/hair/5-celeb-beauty-looks-to-copy-this-weekend-as-seen-on-instagram-3/5-celeb-beauty-looks-to-copy-this-weekend-as-seen-on-instagram-3.mdx,beauty-style,2018-05-18,True,broken,portrait-render,7,0,4,4,2,1,0,0,0,0,4 small/tall portrait(s) as plain markdown → render tiny & left-flush (portrait-standard violation); 2 portrait(s) inside consecutive-image grid (cover-cropped gallery); 1 landscape plain-md image(s) → fill body measure (acceptable); position-correctness: not verifiable (WordPress source CDN offline)
https://www.beauticate.com/beauty-style/hair/5-french-hair-secrets-for-effortlessly-cool-hair/,content/beauty-style/hair/5-french-hair-secrets-for-effortlessly-cool-hair/5-french-hair-secrets-for-effortlessly-cool-hair.mdx,beauty-style,2024-05-22,True,broken,portrait-render,6,0,6,6,0,0,0,0,0,0,6 small/tall portrait(s) as plain markdown → render tiny & left-flush (portrait-standard violation); position-correctness: not verifiable (WordPress source CDN offline)
https://www.beauticate.com/beauty-style/hair/5-hair-facts-that-will-impress-your-friends/,content/beauty-style/hair/5-hair-facts-that-will-impress-your-friends/5-hair-facts-that-will-impress-your-friends.mdx,beauty-style,2014-12-15,True,correct,clean,5,0,0,0,0,3,0,0,0,0,3 landscape plain-md image(s) → fill body measure (acceptable); position-correctness: not verifiable (WordPress source CDN offline)
https://www.beauticate.com/beauty-style/hair/5-times-elisabeth-moss-schooled-us-on-great-hair/,content/beauty-style/hair/5-times-elisabeth-moss-schooled-us-on-great-hair/5-times-elisabeth-moss-schooled-us-on-great-hair.mdx,beauty-style,2017-08-07,True,broken,portrait-render,6,0,5,5,0,1,0,0,0,0,5 small/tall portrait(s) as plain markdown → render tiny & left-flush (portrait-standard violation); 1 landscape plain-md image(s) → fill body measure (acceptable); position-correctness: not verifiable (WordPress source CDN offline)
https://www.beauticate.com/beauty-style/hair/5-tips-from-hair-guru-that-will-help-you-embrace-your-inner-power/,content/beauty-style/hair/5-tips-from-hair-guru-that-will-help-you-embrace-your-inner-power/5-tips-from-hair-guru-that-will-help-you-embrace-your-inner-power.mdx,beauty-style,2017-03-29,True,correct,clean,1,0,0,0,0,1,0,0,0,0,1 landscape plain-md image(s) → fill body measure (acceptable); position-correctness: not verifiable (WordPress source CDN offline)
https://www.beauticate.com/beauty-style/hair/6-tips-for-mastering-a-flawless-at-home-blowdry/,content/beauty-style/hair/6-tips-for-mastering-a-flawless-at-home-blowdry/6-tips-for-mastering-a-flawless-at-home-blowdry.mdx,beauty-style,2020-09-22,True,broken,portrait-render,7,0,3,3,0,0,0,0,0,0,3 small/tall portrait(s) as plain markdown → render tiny & left-flush (portrait-standard violation); position-correctness: not verifiable (WordPress source CDN offline)
https://www.beauticate.com/beauty-style/hair/9-bridal-hairstyles-to-say-i-do-to/,content/beauty-style/hair/9-bridal-hairstyles-to-say-i-do-to/9-bridal-hairstyles-to-say-i-do-to.mdx,beauty-style,2015-06-01,True,broken,portrait-render,28,0,27,27,0,1,0,0,0,0,27 small/tall portrait(s) as plain markdown → render tiny & left-flush (portrait-standard violation); 1 landscape plain-md image(s) → fill body measure (acceptable); position-correctness: not verifiable (WordPress source CDN offline)
https://www.beauticate.com/beauty-style/hair/a-celebrity-stylist-on-mardi-gras-and-male-grooming/,content/beauty-style/hair/a-celebrity-stylist-on-mardi-gras-and-male-grooming/a-celebrity-stylist-on-mardi-gras-and-male-grooming.mdx,beauty-style,2018-03-08,True,broken,portrait-render,8,0,2,2,4,2,0,0,0,0,2 small/tall portrait(s) as plain markdown → render tiny & left-flush (portrait-standard violation); 4 portrait(s) inside consecutive-image grid (cover-cropped gallery); 2 landscape plain-md image(s) → fill body measure (acceptable); position-correctness: not verifiable (WordPress source CDN offline)
https://www.beauticate.com/beauty-style/hair/best-hair-dryer/,content/beauty-style/hair/best-hair-dryer/best-hair-dryer.mdx,beauty-style,2015-04-25,True,correct,clean,3,0,0,0,0,0,0,0,0,0,position-correctness: not verifiable (WordPress source CDN offline)
https://www.beauticate.com/beauty-style/hair/best-hair-tools-for-fine-hair/,content/beauty-style/hair/best-hair-tools-for-fine-hair/best-hair-tools-for-fine-hair.mdx,beauty-style,2023-02-16,True,correct,clean,0,0,0,0,0,0,0,0,0,0,position-correctness: not verifiable (WordPress source CDN offline)
https://www.beauticate.com/beauty-style/hair/boost-your-scalp-health-and-get-the-best-hair-of-your-life/,content/beauty-style/hair/boost-your-scalp-health-and-get-the-best-hair-of-your-life/boost-your-scalp-health-and-get-the-best-hair-of-your-life.mdx,beauty-style,2020-04-15,True,broken,portrait-render,3,0,1,1,2,0,0,0,0,0,1 small/tall portrait(s) as plain markdown → render tiny & left-flush (portrait-standard violation); 2 portrait(s) inside consecutive-image grid (cover-cropped gallery); position-correctness: not verifiable (WordPress source CDN offline)
https://www.beauticate.com/beauty-style/hair/camille-friend-marvels-master-hairstylist-on-creating-movie-magic-and-how-to-get-your-own-superhuman-curls/,content/beauty-style/hair/camille-friend-marvels-master-hairstylist-on-creating-movie-magic-and-how-to-get-your-own-superhuman-curls/camille-friend-marvels-master-hairstylist-on-creating-movie-magic-and-how-to-get-your-own-superhuman-curls.mdx,beauty-style,2021-08-10,True,correct,clean,7,0,0,0,0,0,0,0,0,0,position-correctness: not verifiable (WordPress source CDN offline)
https://www.beauticate.com/beauty-style/hair/celebrity-stylist-calls-this-hair-product-the-devil/,content/beauty-style/hair/celebrity-stylist-calls-this-hair-product-the-devil/celebrity-stylist-calls-this-hair-product-the-devil.mdx,beauty-style,2017-01-27,True,broken,portrait-render,2,0,1,1,0,1,0,0,0,0,1 small/tall portrait(s) as plain markdown → render tiny & left-flush (portrait-standard violation); 1 landscape plain-md image(s) → fill body measure (acceptable); position-correctness: not verifiable (WordPress source CDN offline)
https://www.beauticate.com/beauty-style/hair/channel-the-90s/,content/beauty-style/hair/channel-the-90s/channel-the-90s.mdx,beauty-style,2014-02-04,True,broken,portrait-render,17,0,14,14,0,1,0,0,0,0,14 small/tall portrait(s) as plain markdown → render tiny & left-flush (portrait-standard violation); 1 landscape plain-md image(s) → fill body measure (acceptable); position-correctness: not verifiable (WordPress source CDN offline)
https://www.beauticate.com/beauty-style/hair/cher-from-clueless-hair-the-ultimate-cher-horowitz-hair-tutorial/,content/beauty-style/hair/cher-from-clueless-hair-the-ultimate-cher-horowitz-hair-tutorial/cher-from-clueless-hair-the-ultimate-cher-horowitz-hair-tutorial.mdx,beauty-style,2019-11-12,True,broken,portrait-render,4,0,1,1,0,1,0,0,0,0,1 small/tall portrait(s) as plain markdown → render tiny & left-flush (portrait-standard violation); 1 landscape plain-md image(s) → fill body measure (acceptable); position-correctness: not verifiable (WordPress source CDN offline)
https://www.beauticate.com/beauty-style/hair/damaged-hair-repair-tips/,content/beauty-style/hair/damaged-hair-repair-tips/damaged-hair-repair-tips.mdx,beauty-style,2025-08-31,True,correct,clean,0,0,0,0,0,0,0,0,0,0,position-correctness: not verifiable (WordPress source CDN offline)
https://www.beauticate.com/beauty-style/hair/dannii-minogues-new-blonde-hue-took-almost-12-hours/,content/beauty-style/hair/dannii-minogues-new-blonde-hue-took-almost-12-hours/dannii-minogues-new-blonde-hue-took-almost-12-hours.mdx,beauty-style,2017-01-24,True,correct,clean,1,0,0,0,0,1,0,0,0,0,1 landscape plain-md image(s) → fill body measure (acceptable); position-correctness: not verifiable (WordPress source CDN offline)
https://www.beauticate.com/beauty-style/hair/diy-a-salon-worthy-blowdry-with-these-volume-hair-products/,content/beauty-style/hair/diy-a-salon-worthy-blowdry-with-these-volume-hair-products/diy-a-salon-worthy-blowdry-with-these-volume-hair-products.mdx,beauty-style,2021-04-12,True,broken,portrait-render,6,0,3,3,3,0,0,0,0,0,3 small/tall portrait(s) as plain markdown → render tiny & left-flush (portrait-standard violation); 3 portrait(s) inside consecutive-image grid (cover-cropped gallery); position-correctness: not verifiable (WordPress source CDN offline)
https://www.beauticate.com/beauty-style/hair/do-your-hair-like-a-hair-stylist/,content/beauty-style/hair/do-your-hair-like-a-hair-stylist/do-your-hair-like-a-hair-stylist.mdx,beauty-style,2014-03-07,True,correct,clean,0,0,0,0,0,0,0,0,0,0,position-correctness: not verifiable (WordPress source CDN offline)
https://www.beauticate.com/beauty-style/hair/dry-shampoo-hacks-sam-mcknight/,content/beauty-style/hair/dry-shampoo-hacks-sam-mcknight/dry-shampoo-hacks-sam-mcknight.mdx,beauty-style,2018-10-30,True,broken,portrait-render,3,0,2,2,0,1,0,0,0,0,2 small/tall portrait(s) as plain markdown → render tiny & left-flush (portrait-standard violation); 1 landscape plain-md image(s) → fill body measure (acceptable); position-correctness: not verifiable (WordPress source CDN offline)
https://www.beauticate.com/beauty-style/hair/dyson-supersonic-hair-dryer-review-is-it-worth-699/,content/beauty-style/hair/dyson-supersonic-hair-dryer-review-is-it-worth-699/dyson-supersonic-hair-dryer-review-is-it-worth-699.mdx,beauty-style,2016-07-11,True,broken,portrait-render,3,0,2,2,0,1,0,0,0,0,2 small/tall portrait(s) as plain markdown → render tiny & left-flush (portrait-standard violation); 1 landscape plain-md image(s) → fill body measure (acceptable); position-correctness: not verifiable (WordPress source CDN offline)
https://www.beauticate.com/beauty-style/hair/dyson-supersonic-r-hair-dryer-review/,content/beauty-style/hair/dyson-supersonic-r-hair-dryer-review/dyson-supersonic-r-hair-dryer-review.mdx,beauty-style,2025-06-11,True,broken,portrait-render,12,0,4,4,6,0,0,0,0,0,4 small/tall portrait(s) as plain markdown → render tiny & left-flush (portrait-standard violation); 6 portrait(s) inside consecutive-image grid (cover-cropped gallery); position-correctness: not verifiable (WordPress source CDN offline)
https://www.beauticate.com/beauty-style/hair/egg-yolk-hair-mask-the-diy-recipe-for-glossy-hair/,content/beauty-style/hair/egg-yolk-hair-mask-the-diy-recipe-for-glossy-hair/egg-yolk-hair-mask-the-diy-recipe-for-glossy-hair.mdx,beauty-style,2020-06-02,True,broken,portrait-render,2,0,1,1,0,1,0,0,0,0,1 small/tall portrait(s) as plain markdown → render tiny & left-flush (portrait-standard violation); 1 landscape plain-md image(s) → fill body measure (acceptable); position-correctness: not verifiable (WordPress source CDN offline)
https://www.beauticate.com/beauty-style/hair/everything-you-need-to-know-about-dry-conditioner/,content/beauty-style/hair/everything-you-need-to-know-about-dry-conditioner/everything-you-need-to-know-about-dry-conditioner.mdx,beauty-style,2019-08-26,True,broken,portrait-render,4,0,3,3,0,1,0,0,0,0,3 small/tall portrait(s) as plain markdown → render tiny & left-flush (portrait-standard violation); 1 landscape plain-md image(s) → fill body measure (acceptable); position-correctness: not verifiable (WordPress source CDN offline)
https://www.beauticate.com/beauty-style/hair/everything-you-need-to-know-before-buying-tape-in-hair-extensions/,content/beauty-style/hair/everything-you-need-to-know-before-buying-tape-in-hair-extensions/everything-you-need-to-know-before-buying-tape-in-hair-extensions.mdx,beauty-style,2021-07-26,True,broken,portrait-render,3,0,1,1,0,2,0,0,0,0,1 small/tall portrait(s) as plain markdown → render tiny & left-flush (portrait-standard violation); 2 landscape plain-md image(s) → fill body measure (acceptable); position-correctness: not verifiable (WordPress source CDN offline)
https://www.beauticate.com/beauty-style/hair/gigi-hadid-shows-off-the-hair-colour-of-2017/,content/beauty-style/hair/gigi-hadid-shows-off-the-hair-colour-of-2017/gigi-hadid-shows-off-the-hair-colour-of-2017.mdx,beauty-style,2017-01-30,True,correct,clean,1,0,0,0,0,1,0,0,0,0,1 landscape plain-md image(s) → fill body measure (acceptable); position-correctness: not verifiable (WordPress source CDN offline)
https://www.beauticate.com/beauty-style/hair/glass-hair/,content/beauty-style/hair/glass-hair/glass-hair.mdx,beauty-style,2024-04-25,True,broken,portrait-render,9,0,5,5,0,4,0,0,0,0,5 small/tall portrait(s) as plain markdown → render tiny & left-flush (portrait-standard violation); 4 landscape plain-md image(s) → fill body measure (acceptable); position-correctness: not verifiable (WordPress source CDN offline)
https://www.beauticate.com/beauty-style/hair/hair-botox/,content/beauty-style/hair/hair-botox/hair-botox.mdx,beauty-style,2023-11-27,True,broken,portrait-render,8,0,6,6,2,0,0,0,0,0,6 small/tall portrait(s) as plain markdown → render tiny & left-flush (portrait-standard violation); 2 portrait(s) inside consecutive-image grid (cover-cropped gallery); position-correctness: not verifiable (WordPress source CDN offline)
https://www.beauticate.com/beauty-style/hair/hair-dilemmas-solved/,content/beauty-style/hair/hair-dilemmas-solved/hair-dilemmas-solved.mdx,beauty-style,2018-09-05,True,correct,clean,3,0,0,0,3,0,0,0,0,0,3 portrait(s) inside consecutive-image grid (cover-cropped gallery); position-correctness: not verifiable (WordPress source CDN offline)
https://www.beauticate.com/beauty-style/hair/hair-trends-your-hairdresser-wants-you-to-know/,content/beauty-style/hair/hair-trends-your-hairdresser-wants-you-to-know/hair-trends-your-hairdresser-wants-you-to-know.mdx,beauty-style,2018-08-14,True,broken,portrait-render,5,0,4,4,0,1,0,0,0,0,4 small/tall portrait(s) as plain markdown → render tiny & left-flush (portrait-standard violation); 1 landscape plain-md image(s) → fill body measure (acceptable); position-correctness: not verifiable (WordPress source CDN offline)
https://www.beauticate.com/beauty-style/hair/hairstyles-for-long-hair-to-love-and-copy-from-the-icons/,content/beauty-style/hair/hairstyles-for-long-hair-to-love-and-copy-from-the-icons/hairstyles-for-long-hair-to-love-and-copy-from-the-icons.mdx,beauty-style,2016-09-12,True,correct,clean,11,0,0,0,10,1,0,0,0,0,10 portrait(s) inside consecutive-image grid (cover-cropped gallery); 1 landscape plain-md image(s) → fill body measure (acceptable); position-correctness: not verifiable (WordPress source CDN offline)
https://www.beauticate.com/beauty-style/hair/hairstyles-for-wet-and-windy-days/,content/beauty-style/hair/hairstyles-for-wet-and-windy-days/hairstyles-for-wet-and-windy-days.mdx,beauty-style,2020-08-18,True,broken,portrait-render,5,0,1,1,2,0,0,0,0,0,1 small/tall portrait(s) as plain markdown → render tiny & left-flush (portrait-standard violation); 2 portrait(s) inside consecutive-image grid (cover-cropped gallery); position-correctness: not verifiable (WordPress source CDN offline)
https://www.beauticate.com/beauty-style/hair/hairstyles-have-been-the-diary-of-my-life-probably-yours-too/,content/beauty-style/hair/hairstyles-have-been-the-diary-of-my-life-probably-yours-too/hairstyles-have-been-the-diary-of-my-life-probably-yours-too.mdx,beauty-style,2017-08-01,True,broken,portrait-render,6,0,5,5,0,1,0,0,0,0,5 small/tall portrait(s) as plain markdown → render tiny & left-flush (portrait-standard violation); 1 landscape plain-md image(s) → fill body measure (acceptable); position-correctness: not verifiable (WordPress source CDN offline)
https://www.beauticate.com/beauty-style/hair/hilary-duff-debuts-new-do/,content/beauty-style/hair/hilary-duff-debuts-new-do/hilary-duff-debuts-new-do.mdx,beauty-style,2016-11-28,True,correct,clean,1,0,0,0,0,1,0,0,0,0,1 landscape plain-md image(s) → fill body measure (acceptable); position-correctness: not verifiable (WordPress source CDN offline)
https://www.beauticate.com/beauty-style/hair/hit-refresh-the-new-hair-colour-trends-to-know-now/,content/beauty-style/hair/hit-refresh-the-new-hair-colour-trends-to-know-now/hit-refresh-the-new-hair-colour-trends-to-know-now.mdx,beauty-style,2016-02-22,True,correct,clean,6,0,0,0,0,0,0,0,0,0,position-correctness: not verifiable (WordPress source CDN offline)
https://www.beauticate.com/beauty-style/hair/how-can-i-stop-chlorine-ruining-my-hair/,content/beauty-style/hair/how-can-i-stop-chlorine-ruining-my-hair/how-can-i-stop-chlorine-ruining-my-hair.mdx,beauty-style,2017-09-27,True,broken,portrait-render,5,0,4,4,0,1,0,0,0,0,4 small/tall portrait(s) as plain markdown → render tiny & left-flush (portrait-standard violation); 1 landscape plain-md image(s) → fill body measure (acceptable); position-correctness: not verifiable (WordPress source CDN offline)
https://www.beauticate.com/beauty-style/hair/how-i-hold-on-to-summer-sigourneys-edit/,content/beauty-style/hair/how-i-hold-on-to-summer-sigourneys-edit/how-i-hold-on-to-summer-sigourneys-edit.mdx,beauty-style,2018-04-05,True,broken,portrait-render,12,0,4,4,8,0,0,0,0,0,4 small/tall portrait(s) as plain markdown → render tiny & left-flush (portrait-standard violation); 8 portrait(s) inside consecutive-image grid (cover-cropped gallery); position-correctness: not verifiable (WordPress source CDN offline)
https://www.beauticate.com/beauty-style/hair/how-to-3-ways-to-minimize-tress-fall-out/,content/beauty-style/hair/how-to-3-ways-to-minimize-tress-fall-out/how-to-3-ways-to-minimize-tress-fall-out.mdx,beauty-style,2014-10-28,True,broken,portrait-render,9,0,8,8,0,1,0,0,0,0,8 small/tall portrait(s) as plain markdown → render tiny & left-flush (portrait-standard violation); 1 landscape plain-md image(s) → fill body measure (acceptable); position-correctness: not verifiable (WordPress source CDN offline)
https://www.beauticate.com/beauty-style/hair/how-to-5-hair-mistakes-you-didnt-know-you-were-making/,content/beauty-style/hair/how-to-5-hair-mistakes-you-didnt-know-you-were-making/how-to-5-hair-mistakes-you-didnt-know-you-were-making.mdx,beauty-style,2014-05-13,True,broken,portrait-render,6,0,3,3,2,1,0,0,0,0,3 small/tall portrait(s) as plain markdown → render tiny & left-flush (portrait-standard violation); 2 portrait(s) inside consecutive-image grid (cover-cropped gallery); 1 landscape plain-md image(s) → fill body measure (acceptable); position-correctness: not verifiable (WordPress source CDN offline)
https://www.beauticate.com/beauty-style/hair/how-to-bin-the-balayage-and-rediscover-highlights/,content/beauty-style/hair/how-to-bin-the-balayage-and-rediscover-highlights/how-to-bin-the-balayage-and-rediscover-highlights.mdx,beauty-style,2014-11-10,True,broken,portrait-render,3,0,1,1,0,1,0,0,0,0,1 small/tall portrait(s) as plain markdown → render tiny & left-flush (portrait-standard violation); 1 landscape plain-md image(s) → fill body measure (acceptable); position-correctness: not verifiable (WordPress source CDN offline)
https://www.beauticate.com/beauty-style/hair/how-to-bring-life-back-to-your-locks-expert-haircare-tips/,content/beauty-style/hair/how-to-bring-life-back-to-your-locks-expert-haircare-tips/how-to-bring-life-back-to-your-locks-expert-haircare-tips.mdx,beauty-style,2025-03-25,True,broken,portrait-render,11,0,11,11,0,0,0,0,0,0,11 small/tall portrait(s) as plain markdown → render tiny & left-flush (portrait-standard violation); position-correctness: not verifiable (WordPress source CDN offline)
https://www.beauticate.com/beauty-style/hair/how-to-choose-the-right-shade-of-blonde-for-your-complexion/,content/beauty-style/hair/how-to-choose-the-right-shade-of-blonde-for-your-complexion/how-to-choose-the-right-shade-of-blonde-for-your-complexion.mdx,beauty-style,2017-07-11,True,broken,portrait-render,9,0,6,6,2,1,0,0,0,0,6 small/tall portrait(s) as plain markdown → render tiny & left-flush (portrait-standard violation); 2 portrait(s) inside consecutive-image grid (cover-cropped gallery); 1 landscape plain-md image(s) → fill body measure (acceptable); position-correctness: not verifiable (WordPress source CDN offline)
https://www.beauticate.com/beauty-style/hair/how-to-diy-professional-hair-colour-at-home/,content/beauty-style/hair/how-to-diy-professional-hair-colour-at-home/how-to-diy-professional-hair-colour-at-home.mdx,beauty-style,2016-05-23,True,broken,portrait-render,3,0,3,3,0,0,0,0,0,0,3 small/tall portrait(s) as plain markdown → render tiny & left-flush (portrait-standard violation); position-correctness: not verifiable (WordPress source CDN offline)
https://www.beauticate.com/beauty-style/hair/how-to-do-beauty-like-a-parisienne/,content/beauty-style/hair/how-to-do-beauty-like-a-parisienne/how-to-do-beauty-like-a-parisienne.mdx,beauty-style,2017-07-14,True,broken,portrait-render,7,0,2,2,1,0,0,0,0,0,2 small/tall portrait(s) as plain markdown → render tiny & left-flush (portrait-standard violation); 1 portrait(s) inside consecutive-image grid (cover-cropped gallery); position-correctness: not verifiable (WordPress source CDN offline)
https://www.beauticate.com/beauty-style/hair/how-to-do-undone-beachy-hair/,content/beauty-style/hair/how-to-do-undone-beachy-hair/how-to-do-undone-beachy-hair.mdx,beauty-style,2015-02-17,True,broken,portrait-render,8,0,3,3,0,5,0,0,0,0,3 small/tall portrait(s) as plain markdown → render tiny & left-flush (portrait-standard violation); 5 landscape plain-md image(s) → fill body measure (acceptable); position-correctness: not verifiable (WordPress source CDN offline)
https://www.beauticate.com/beauty-style/hair/how-to-ease-an-angry-scalp/,content/beauty-style/hair/how-to-ease-an-angry-scalp/how-to-ease-an-angry-scalp.mdx,beauty-style,2017-10-24,True,broken,portrait-render,8,0,7,7,0,1,0,0,0,0,7 small/tall portrait(s) as plain markdown → render tiny & left-flush (portrait-standard violation); 1 landscape plain-md image(s) → fill body measure (acceptable); position-correctness: not verifiable (WordPress source CDN offline)
https://www.beauticate.com/beauty-style/hair/how-to-fix-your-hair-at-home-with-the-latest-innovative-products/,content/beauty-style/hair/how-to-fix-your-hair-at-home-with-the-latest-innovative-products/how-to-fix-your-hair-at-home-with-the-latest-innovative-products.mdx,beauty-style,2017-02-27,True,broken,portrait-render,5,0,4,4,0,1,0,0,0,0,4 small/tall portrait(s) as plain markdown → render tiny & left-flush (portrait-standard violation); 1 landscape plain-md image(s) → fill body measure (acceptable); position-correctness: not verifiable (WordPress source CDN offline)
https://www.beauticate.com/beauty-style/hair/how-to-get-nice-hair/,content/beauty-style/hair/how-to-get-nice-hair/how-to-get-nice-hair.mdx,beauty-style,2022-05-04,True,broken,portrait-render,4,0,2,2,2,0,0,0,0,0,2 small/tall portrait(s) as plain markdown → render tiny & left-flush (portrait-standard violation); 2 portrait(s) inside consecutive-image grid (cover-cropped gallery); position-correctness: not verifiable (WordPress source CDN offline)
https://www.beauticate.com/beauty-style/hair/how-to-keep-skin-and-hair-hydrated-when-youre-on-the-go/,content/beauty-style/hair/how-to-keep-skin-and-hair-hydrated-when-youre-on-the-go/how-to-keep-skin-and-hair-hydrated-when-youre-on-the-go.mdx,beauty-style,2017-08-23,True,broken,portrait-render,6,0,5,5,0,1,0,0,0,0,5 small/tall portrait(s) as plain markdown → render tiny & left-flush (portrait-standard violation); 1 landscape plain-md image(s) → fill body measure (acceptable); position-correctness: not verifiable (WordPress source CDN offline)
https://www.beauticate.com/beauty-style/hair/how-to-keep-your-hair-colour-fresh/,content/beauty-style/hair/how-to-keep-your-hair-colour-fresh/how-to-keep-your-hair-colour-fresh.mdx,beauty-style,2017-05-24,True,broken,portrait-render,5,0,4,4,0,1,0,0,0,0,4 small/tall portrait(s) as plain markdown → render tiny & left-flush (portrait-standard violation); 1 landscape plain-md image(s) → fill body measure (acceptable); position-correctness: not verifiable (WordPress source CDN offline)
https://www.beauticate.com/beauty-style/hair/how-to-maintain-curly-hair-the-7-rules-you-need-to-swear-by/,content/beauty-style/hair/how-to-maintain-curly-hair-the-7-rules-you-need-to-swear-by/how-to-maintain-curly-hair-the-7-rules-you-need-to-swear-by.mdx,beauty-style,2019-10-23,True,broken,portrait-render,8,0,1,1,6,1,0,0,0,0,1 small/tall portrait(s) as plain markdown → render tiny & left-flush (portrait-standard violation); 6 portrait(s) inside consecutive-image grid (cover-cropped gallery); 1 landscape plain-md image(s) → fill body measure (acceptable); position-correctness: not verifiable (WordPress source CDN offline)
https://www.beauticate.com/beauty-style/hair/how-to-preserve-the-platinum/,content/beauty-style/hair/how-to-preserve-the-platinum/how-to-preserve-the-platinum.mdx,beauty-style,2015-03-23,True,broken,portrait-render,10,0,3,3,5,1,0,0,0,0,3 small/tall portrait(s) as plain markdown → render tiny & left-flush (portrait-standard violation); 5 portrait(s) inside consecutive-image grid (cover-cropped gallery); 1 landscape plain-md image(s) → fill body measure (acceptable); position-correctness: not verifiable (WordPress source CDN offline)
https://www.beauticate.com/beauty-style/hair/how-to-prevent-hair-loss/,content/beauty-style/hair/how-to-prevent-hair-loss/how-to-prevent-hair-loss.mdx,beauty-style,2021-06-08,True,broken,portrait-render,3,0,2,2,0,1,0,0,0,0,2 small/tall portrait(s) as plain markdown → render tiny & left-flush (portrait-standard violation); 1 landscape plain-md image(s) → fill body measure (acceptable); position-correctness: not verifiable (WordPress source CDN offline)
https://www.beauticate.com/beauty-style/hair/how-to-quench-thirsty-hair/,content/beauty-style/hair/how-to-quench-thirsty-hair/how-to-quench-thirsty-hair.mdx,beauty-style,2014-03-21,True,broken,portrait-render,16,0,13,13,1,0,0,0,0,0,13 small/tall portrait(s) as plain markdown → render tiny & left-flush (portrait-standard violation); 1 portrait(s) inside consecutive-image grid (cover-cropped gallery); position-correctness: not verifiable (WordPress source CDN offline)
https://www.beauticate.com/beauty-style/hair/how-to-redhead-rules-we-learnt-from-game-of-thrones/,content/beauty-style/hair/how-to-redhead-rules-we-learnt-from-game-of-thrones/how-to-redhead-rules-we-learnt-from-game-of-thrones.mdx,beauty-style,2014-07-16,True,broken,portrait-render,12,0,8,8,0,4,0,0,0,0,8 small/tall portrait(s) as plain markdown → render tiny & left-flush (portrait-standard violation); 4 landscape plain-md image(s) → fill body measure (acceptable); position-correctness: not verifiable (WordPress source CDN offline)
https://www.beauticate.com/beauty-style/hair/how-to-scream-queen-beauty-rules/,content/beauty-style/hair/how-to-scream-queen-beauty-rules/how-to-scream-queen-beauty-rules.mdx,beauty-style,2014-10-29,True,broken,portrait-render,6,0,4,4,0,1,0,0,0,0,4 small/tall portrait(s) as plain markdown → render tiny & left-flush (portrait-standard violation); 1 landscape plain-md image(s) → fill body measure (acceptable); position-correctness: not verifiable (WordPress source CDN offline)
https://www.beauticate.com/beauty-style/hair/how-to-summer-braids-and-plaits/,content/beauty-style/hair/how-to-summer-braids-and-plaits/how-to-summer-braids-and-plaits.mdx,beauty-style,2015-01-28,True,broken,portrait-render,10,0,9,9,0,1,0,0,0,0,9 small/tall portrait(s) as plain markdown → render tiny & left-flush (portrait-standard violation); 1 landscape plain-md image(s) → fill body measure (acceptable); position-correctness: not verifiable (WordPress source CDN offline)
https://www.beauticate.com/beauty-style/hair/how-to-use-hot-rollers-even-if-youre-uncoordinated/,content/beauty-style/hair/how-to-use-hot-rollers-even-if-youre-uncoordinated/how-to-use-hot-rollers-even-if-youre-uncoordinated.mdx,beauty-style,2016-02-10,True,correct,clean,1,0,0,0,0,0,0,0,0,0,position-correctness: not verifiable (WordPress source CDN offline)
https://www.beauticate.com/beauty-style/hair/how-to-victorias-secret-curls-tongs-decoded/,content/beauty-style/hair/how-to-victorias-secret-curls-tongs-decoded/how-to-victorias-secret-curls-tongs-decoded.mdx,beauty-style,2014-12-02,True,broken,portrait-render,16,0,15,15,0,1,0,0,0,0,15 small/tall portrait(s) as plain markdown → render tiny & left-flush (portrait-standard violation); 1 landscape plain-md image(s) → fill body measure (acceptable); position-correctness: not verifiable (WordPress source CDN offline)
https://www.beauticate.com/beauty-style/hair/how-to-wake-up-with-better-hair-than-you-went-to-bed-with/,content/beauty-style/hair/how-to-wake-up-with-better-hair-than-you-went-to-bed-with/how-to-wake-up-with-better-hair-than-you-went-to-bed-with.mdx,beauty-style,2017-07-11,True,broken,portrait-render,16,0,15,15,0,1,0,0,0,0,15 small/tall portrait(s) as plain markdown → render tiny & left-flush (portrait-standard violation); 1 landscape plain-md image(s) → fill body measure (acceptable); position-correctness: not verifiable (WordPress source CDN offline)
https://www.beauticate.com/beauty-style/hair/how-to-wear-the-top-2018-hair-trends/,content/beauty-style/hair/how-to-wear-the-top-2018-hair-trends/how-to-wear-the-top-2018-hair-trends.mdx,beauty-style,2018-05-24,True,broken,portrait-render,18,0,10,10,7,0,0,0,0,0,10 small/tall portrait(s) as plain markdown → render tiny & left-flush (portrait-standard violation); 7 portrait(s) inside consecutive-image grid (cover-cropped gallery); position-correctness: not verifiable (WordPress source CDN offline)
https://www.beauticate.com/beauty-style/hair/how-to-where-should-you-be-parting-your-hair/,content/beauty-style/hair/how-to-where-should-you-be-parting-your-hair/how-to-where-should-you-be-parting-your-hair.mdx,beauty-style,2014-04-09,True,broken,portrait-render,1,0,1,1,0,0,0,0,0,0,1 small/tall portrait(s) as plain markdown → render tiny & left-flush (portrait-standard violation); position-correctness: not verifiable (WordPress source CDN offline)
https://www.beauticate.com/beauty-style/hair/i-stopped-washing-my-hair-and-heres-what-happened/,content/beauty-style/hair/i-stopped-washing-my-hair-and-heres-what-happened/i-stopped-washing-my-hair-and-heres-what-happened.mdx,beauty-style,2016-12-13,True,broken,portrait-render,3,0,3,3,0,0,0,0,0,0,3 small/tall portrait(s) as plain markdown → render tiny & left-flush (portrait-standard violation); position-correctness: not verifiable (WordPress source CDN offline)
https://www.beauticate.com/beauty-style/hair/i-tried-the-22-hairbrush-celebrities-are-obsessed-with-the-results-surprised-me/,content/beauty-style/hair/i-tried-the-22-hairbrush-celebrities-are-obsessed-with-the-results-surprised-me/i-tried-the-22-hairbrush-celebrities-are-obsessed-with-the-results-surprised-me.mdx,beauty-style,2021-09-13,True,broken,portrait-render,1,0,1,1,0,0,0,0,0,0,1 small/tall portrait(s) as plain markdown → render tiny & left-flush (portrait-standard violation); position-correctness: not verifiable (WordPress source CDN offline)
https://www.beauticate.com/beauty-style/hair/im-a-hair-bleach-addict-heres-how-i-prevent-the-damage/,content/beauty-style/hair/im-a-hair-bleach-addict-heres-how-i-prevent-the-damage/im-a-hair-bleach-addict-heres-how-i-prevent-the-damage.mdx,beauty-style,2020-02-24,True,broken,portrait-render,14,0,13,13,0,1,0,0,0,0,13 small/tall portrait(s) as plain markdown → render tiny & left-flush (portrait-standard violation); 1 landscape plain-md image(s) → fill body measure (acceptable); position-correctness: not verifiable (WordPress source CDN offline)
https://www.beauticate.com/beauty-style/hair/ive-got-fine-but-frizzy-hair-and-this-is-exactly-what-i-use-to-look-after-it/,content/beauty-style/hair/ive-got-fine-but-frizzy-hair-and-this-is-exactly-what-i-use-to-look-after-it/ive-got-fine-but-frizzy-hair-and-this-is-exactly-what-i-use-to-look-after-it.mdx,beauty-style,2022-07-24,True,correct,clean,0,0,0,0,0,0,0,0,0,0,position-correctness: not verifiable (WordPress source CDN offline)
https://www.beauticate.com/beauty-style/hair/kate-peck-hair/,content/beauty-style/hair/kate-peck-hair/kate-peck-hair.mdx,beauty-style,2013-12-23,True,correct,clean,6,0,0,0,6,0,0,0,0,0,6 portrait(s) inside consecutive-image grid (cover-cropped gallery); position-correctness: not verifiable (WordPress source CDN offline)
https://www.beauticate.com/beauty-style/hair/kevin-murphys-chic-new-hairstyles-dominate-myers-aw-2017-runway/,content/beauty-style/hair/kevin-murphys-chic-new-hairstyles-dominate-myers-aw-2017-runway/kevin-murphys-chic-new-hairstyles-dominate-myers-aw-2017-runway.mdx,beauty-style,2017-02-06,True,correct,clean,1,0,0,0,0,1,0,0,0,0,1 landscape plain-md image(s) → fill body measure (acceptable); position-correctness: not verifiable (WordPress source CDN offline)
https://www.beauticate.com/beauty-style/hair/kristin-ess-hair-double-conditioning/,content/beauty-style/hair/kristin-ess-hair-double-conditioning/kristin-ess-hair-double-conditioning.mdx,beauty-style,2018-12-10,True,broken,portrait-render,5,0,4,4,0,1,0,0,0,0,4 small/tall portrait(s) as plain markdown → render tiny & left-flush (portrait-standard violation); 1 landscape plain-md image(s) → fill body measure (acceptable); position-correctness: not verifiable (WordPress source CDN offline)
https://www.beauticate.com/beauty-style/hair/kylie-jenners-hair-oops-what-to-do-when-you-regret-a-colour/,content/beauty-style/hair/kylie-jenners-hair-oops-what-to-do-when-you-regret-a-colour/kylie-jenners-hair-oops-what-to-do-when-you-regret-a-colour.mdx,beauty-style,2016-11-21,True,correct,clean,1,0,0,0,0,1,0,0,0,0,1 landscape plain-md image(s) → fill body measure (acceptable); position-correctness: not verifiable (WordPress source CDN offline)
https://www.beauticate.com/beauty-style/hair/money-pieces-e-girl-70s-bangs-everything-you-need-to-know-about-this-seasons-hair-trends/,content/beauty-style/hair/money-pieces-e-girl-70s-bangs-everything-you-need-to-know-about-this-seasons-hair-trends/money-pieces-e-girl-70s-bangs-everything-you-need-to-know-about-this-seasons-hair-trends.mdx,beauty-style,2020-10-19,True,broken,portrait-render,5,0,5,5,0,0,0,0,0,0,5 small/tall portrait(s) as plain markdown → render tiny & left-flush (portrait-standard violation); position-correctness: not verifiable (WordPress source CDN offline)
https://www.beauticate.com/beauty-style/hair/natural-hair-masks-you-can-find-in-your-kitchen-pantry/,content/beauty-style/hair/natural-hair-masks-you-can-find-in-your-kitchen-pantry/natural-hair-masks-you-can-find-in-your-kitchen-pantry.mdx,beauty-style,2020-07-29,True,broken,portrait-render,3,0,2,2,0,0,0,0,0,0,2 small/tall portrait(s) as plain markdown → render tiny & left-flush (portrait-standard violation); position-correctness: not verifiable (WordPress source CDN offline)
https://www.beauticate.com/beauty-style/hair/newly-brunette-carrie-bickmore-spills-her-beauty-routine/,content/beauty-style/hair/newly-brunette-carrie-bickmore-spills-her-beauty-routine/newly-brunette-carrie-bickmore-spills-her-beauty-routine.mdx,beauty-style,2016-08-30,True,correct,clean,6,0,0,0,0,0,0,0,0,0,position-correctness: not verifiable (WordPress source CDN offline)
https://www.beauticate.com/beauty-style/hair/nine-new-season-trends-youll-actually-want-to-try/,content/beauty-style/hair/nine-new-season-trends-youll-actually-want-to-try/nine-new-season-trends-youll-actually-want-to-try.mdx,beauty-style,2015-10-14,True,broken,portrait-render,16,0,14,14,0,1,0,0,0,0,14 small/tall portrait(s) as plain markdown → render tiny & left-flush (portrait-standard violation); 1 landscape plain-md image(s) → fill body measure (acceptable); position-correctness: not verifiable (WordPress source CDN offline)
https://www.beauticate.com/beauty-style/hair/olaplex-review-is-it-worth-the-hype/,content/beauty-style/hair/olaplex-review-is-it-worth-the-hype/olaplex-review-is-it-worth-the-hype.mdx,beauty-style,2020-05-26,True,broken,portrait-render,3,0,2,2,0,1,0,0,0,0,2 small/tall portrait(s) as plain markdown → render tiny & left-flush (portrait-standard violation); 1 landscape plain-md image(s) → fill body measure (acceptable); position-correctness: not verifiable (WordPress source CDN offline)
https://www.beauticate.com/beauty-style/hair/oscars-beauty-and-hair-trends/,content/beauty-style/hair/oscars-beauty-and-hair-trends/oscars-beauty-and-hair-trends.mdx,beauty-style,2015-02-24,True,broken,portrait-render,54,0,53,53,0,1,0,0,0,0,53 small/tall portrait(s) as plain markdown → render tiny & left-flush (portrait-standard violation); 1 landscape plain-md image(s) → fill body measure (acceptable); position-correctness: not verifiable (WordPress source CDN offline)
https://www.beauticate.com/beauty-style/hair/our-guide-to-your-most-magnificent-mane-makeover-yet-this-beauty-treatment-delivers-transformations-as-dramatic-as-plastic-surgery-sans-needles/,content/beauty-style/hair/our-guide-to-your-most-magnificent-mane-makeover-yet-this-beauty-treatment-delivers-transformations-as-dramatic-as-plastic-surgery-sans-needles/our-guide-to-your-most-magnificent-mane-makeover-yet-this-beauty-treatment-delivers-transformations-as-dramatic-as-plastic-surgery-sans-needles.mdx,beauty-style,2019-07-15,True,broken,portrait-render,6,0,1,1,0,5,0,0,0,0,1 small/tall portrait(s) as plain markdown → render tiny & left-flush (portrait-standard violation); 5 landscape plain-md image(s) → fill body measure (acceptable); position-correctness: not verifiable (WordPress source CDN offline)
https://www.beauticate.com/beauty-style/hair/playas-shelby-wild-on-how-to-achieve-californian-hair/,content/beauty-style/hair/playas-shelby-wild-on-how-to-achieve-californian-hair/playas-shelby-wild-on-how-to-achieve-californian-hair.mdx,beauty-style,2019-07-02,True,broken,portrait-render,21,0,15,15,0,6,0,0,0,0,15 small/tall portrait(s) as plain markdown → render tiny & left-flush (portrait-standard violation); 6 landscape plain-md image(s) → fill body measure (acceptable); position-correctness: not verifiable (WordPress source CDN offline)
https://www.beauticate.com/beauty-style/hair/reader-review-volume-shampoos-4/,content/beauty-style/hair/reader-review-volume-shampoos-4/reader-review-volume-shampoos-4.mdx,beauty-style,2016-03-07,True,broken,portrait-render,7,0,6,6,0,1,0,0,0,0,6 small/tall portrait(s) as plain markdown → render tiny & left-flush (portrait-standard violation); 1 landscape plain-md image(s) → fill body measure (acceptable); position-correctness: not verifiable (WordPress source CDN offline)
https://www.beauticate.com/beauty-style/hair/red-light-therapy-hair-thinning/,content/beauty-style/hair/red-light-therapy-hair-thinning/red-light-therapy-hair-thinning.mdx,beauty-style,2026-02-05,True,broken,portrait-render,9,0,1,1,2,4,0,0,0,0,1 small/tall portrait(s) as plain markdown → render tiny & left-flush (portrait-standard violation); 2 portrait(s) inside consecutive-image grid (cover-cropped gallery); 4 landscape plain-md image(s) → fill body measure (acceptable); position-correctness: not verifiable (WordPress source CDN offline)
https://www.beauticate.com/beauty-style/hair/salon-of-the-week-oscar-oscar-paddington/,content/beauty-style/hair/salon-of-the-week-oscar-oscar-paddington/salon-of-the-week-oscar-oscar-paddington.mdx,beauty-style,2015-04-22,True,broken,portrait-render,2,0,2,2,0,0,0,0,0,0,2 small/tall portrait(s) as plain markdown → render tiny & left-flush (portrait-standard violation); position-correctness: not verifiable (WordPress source CDN offline)
https://www.beauticate.com/beauty-style/hair/sam-mcknight-styling/,content/beauty-style/hair/sam-mcknight-styling/sam-mcknight-styling.mdx,beauty-style,2018-09-26,True,broken,portrait-render,4,0,4,4,0,0,0,0,0,0,4 small/tall portrait(s) as plain markdown → render tiny & left-flush (portrait-standard violation); position-correctness: not verifiable (WordPress source CDN offline)
https://www.beauticate.com/beauty-style/hair/scented-halo-why-your-hair-needs-perfume-too/,content/beauty-style/hair/scented-halo-why-your-hair-needs-perfume-too/scented-halo-why-your-hair-needs-perfume-too.mdx,beauty-style,2018-07-02,True,broken,portrait-render,10,0,1,1,8,1,0,0,0,0,1 small/tall portrait(s) as plain markdown → render tiny & left-flush (portrait-standard violation); 8 portrait(s) inside consecutive-image grid (cover-cropped gallery); 1 landscape plain-md image(s) → fill body measure (acceptable); position-correctness: not verifiable (WordPress source CDN offline)
https://www.beauticate.com/beauty-style/hair/secrets-from-the-salon-chair-robert-maiolo/,content/beauty-style/hair/secrets-from-the-salon-chair-robert-maiolo/secrets-from-the-salon-chair-robert-maiolo.mdx,beauty-style,2017-04-11,True,correct,clean,1,0,0,0,0,1,0,0,0,0,1 landscape plain-md image(s) → fill body measure (acceptable); position-correctness: not verifiable (WordPress source CDN offline)
https://www.beauticate.com/beauty-style/hair/secrets-of-a-celebrity-hair-colourist/,content/beauty-style/hair/secrets-of-a-celebrity-hair-colourist/secrets-of-a-celebrity-hair-colourist.mdx,beauty-style,2015-07-14,True,broken,portrait-render,5,0,4,4,0,1,0,0,0,0,4 small/tall portrait(s) as plain markdown → render tiny & left-flush (portrait-standard violation); 1 landscape plain-md image(s) → fill body measure (acceptable); position-correctness: not verifiable (WordPress source CDN offline)
https://www.beauticate.com/beauty-style/hair/sensitive-scalp-hair-colour/,content/beauty-style/hair/sensitive-scalp-hair-colour/sensitive-scalp-hair-colour.mdx,beauty-style,2018-09-18,True,broken,portrait-render,6,0,5,5,0,1,0,0,0,0,5 small/tall portrait(s) as plain markdown → render tiny & left-flush (portrait-standard violation); 1 landscape plain-md image(s) → fill body measure (acceptable); position-correctness: not verifiable (WordPress source CDN offline)
https://www.beauticate.com/beauty-style/hair/seven-sex-and-the-city-hair-lessons/,content/beauty-style/hair/seven-sex-and-the-city-hair-lessons/seven-sex-and-the-city-hair-lessons.mdx,beauty-style,2014-06-11,True,broken,portrait-render,8,0,7,7,0,1,0,0,0,0,7 small/tall portrait(s) as plain markdown → render tiny & left-flush (portrait-standard violation); 1 landscape plain-md image(s) → fill body measure (acceptable); position-correctness: not verifiable (WordPress source CDN offline)
https://www.beauticate.com/beauty-style/hair/short-hairstyle-tutorials-were-following-instagram/,content/beauty-style/hair/short-hairstyle-tutorials-were-following-instagram/short-hairstyle-tutorials-were-following-instagram.mdx,beauty-style,2017-08-15,True,correct,clean,1,0,0,0,0,1,0,0,0,0,1 landscape plain-md image(s) → fill body measure (acceptable); position-correctness: not verifiable (WordPress source CDN offline)
https://www.beauticate.com/beauty-style/hair/short-hairstyles-to-snip-off-the-damage/,content/beauty-style/hair/short-hairstyles-to-snip-off-the-damage/short-hairstyles-to-snip-off-the-damage.mdx,beauty-style,2016-05-31,True,broken,portrait-render,5,0,4,4,0,1,0,0,0,0,4 small/tall portrait(s) as plain markdown → render tiny & left-flush (portrait-standard violation); 1 landscape plain-md image(s) → fill body measure (acceptable); position-correctness: not verifiable (WordPress source CDN offline)
https://www.beauticate.com/beauty-style/hair/short-hairstyles/,content/beauty-style/hair/short-hairstyles/short-hairstyles.mdx,beauty-style,2016-07-19,True,broken,portrait-render,6,0,5,5,0,1,0,0,0,0,5 small/tall portrait(s) as plain markdown → render tiny & left-flush (portrait-standard violation); 1 landscape plain-md image(s) → fill body measure (acceptable); position-correctness: not verifiable (WordPress source CDN offline)
https://www.beauticate.com/beauty-style/hair/sigourney-road-tests-a-hair-loss-preventing-strand-boosting-elixir/,content/beauty-style/hair/sigourney-road-tests-a-hair-loss-preventing-strand-boosting-elixir/sigourney-road-tests-a-hair-loss-preventing-strand-boosting-elixir.mdx,beauty-style,2018-07-05,True,broken,portrait-render,8,0,6,6,0,2,0,0,0,0,6 small/tall portrait(s) as plain markdown → render tiny & left-flush (portrait-standard violation); 2 landscape plain-md image(s) → fill body measure (acceptable); position-correctness: not verifiable (WordPress source CDN offline)
https://www.beauticate.com/beauty-style/hair/sigourneys-edit-hair/,content/beauty-style/hair/sigourneys-edit-hair/sigourneys-edit-hair.mdx,beauty-style,2014-05-07,True,broken,portrait-render,12,0,3,3,5,1,0,0,0,0,3 small/tall portrait(s) as plain markdown → render tiny & left-flush (portrait-standard violation); 5 portrait(s) inside consecutive-image grid (cover-cropped gallery); 1 landscape plain-md image(s) → fill body measure (acceptable); position-correctness: not verifiable (WordPress source CDN offline)
https://www.beauticate.com/beauty-style/hair/sigs-hair-hit-list/,content/beauty-style/hair/sigs-hair-hit-list/sigs-hair-hit-list.mdx,beauty-style,2021-08-09,True,broken,portrait-render,17,0,17,17,0,0,0,0,0,0,17 small/tall portrait(s) as plain markdown → render tiny & left-flush (portrait-standard violation); position-correctness: not verifiable (WordPress source CDN offline)
https://www.beauticate.com/beauty-style/hair/the-10-secret-to-bella-hadid-hair-plus-her-other-genius-hacks/,content/beauty-style/hair/the-10-secret-to-bella-hadid-hair-plus-her-other-genius-hacks/the-10-secret-to-bella-hadid-hair-plus-her-other-genius-hacks.mdx,beauty-style,2022-03-10,True,broken,portrait-render,9,0,2,2,7,0,0,0,0,0,2 small/tall portrait(s) as plain markdown → render tiny & left-flush (portrait-standard violation); 7 portrait(s) inside consecutive-image grid (cover-cropped gallery); position-correctness: not verifiable (WordPress source CDN offline)
https://www.beauticate.com/beauty-style/hair/the-beauticate-guide-to-hair-repair/,content/beauty-style/hair/the-beauticate-guide-to-hair-repair/the-beauticate-guide-to-hair-repair.mdx,beauty-style,2021-11-22,True,broken,portrait-render,11,0,1,1,9,1,0,0,0,0,1 small/tall portrait(s) as plain markdown → render tiny & left-flush (portrait-standard violation); 9 portrait(s) inside consecutive-image grid (cover-cropped gallery); 1 landscape plain-md image(s) → fill body measure (acceptable); position-correctness: not verifiable (WordPress source CDN offline)
https://www.beauticate.com/beauty-style/hair/the-beauty-secrets-epres-vs-olaplex-whats-the-difference/,content/beauty-style/hair/the-beauty-secrets-epres-vs-olaplex-whats-the-difference/the-beauty-secrets-epres-vs-olaplex-whats-the-difference.mdx,beauty-style,2024-01-31,True,broken,portrait-render,10,0,6,6,0,4,0,0,0,0,6 small/tall portrait(s) as plain markdown → render tiny & left-flush (portrait-standard violation); 4 landscape plain-md image(s) → fill body measure (acceptable); position-correctness: not verifiable (WordPress source CDN offline)
https://www.beauticate.com/beauty-style/hair/the-best-beauty-tips-and-hairstyles-from-rom-coms/,content/beauty-style/hair/the-best-beauty-tips-and-hairstyles-from-rom-coms/the-best-beauty-tips-and-hairstyles-from-rom-coms.mdx,beauty-style,2015-02-11,True,broken,portrait-render,37,0,36,36,0,1,0,0,0,0,36 small/tall portrait(s) as plain markdown → render tiny & left-flush (portrait-standard violation); 1 landscape plain-md image(s) → fill body measure (acceptable); position-correctness: not verifiable (WordPress source CDN offline)
https://www.beauticate.com/beauty-style/hair/the-best-dry-shampoos-reader-review/,content/beauty-style/hair/the-best-dry-shampoos-reader-review/the-best-dry-shampoos-reader-review.mdx,beauty-style,2016-11-02,True,broken,portrait-render,6,0,5,5,0,1,0,0,0,0,5 small/tall portrait(s) as plain markdown → render tiny & left-flush (portrait-standard violation); 1 landscape plain-md image(s) → fill body measure (acceptable); position-correctness: not verifiable (WordPress source CDN offline)
https://www.beauticate.com/beauty-style/hair/the-best-italian-hair-products-and-secrets-you-need-to-know/,content/beauty-style/hair/the-best-italian-hair-products-and-secrets-you-need-to-know/the-best-italian-hair-products-and-secrets-you-need-to-know.mdx,beauty-style,2019-10-29,True,broken,portrait-render,1,4,1,1,0,0,0,0,0,0,1 small/tall portrait(s) as plain markdown → render tiny & left-flush (portrait-standard violation); 4 image(s) already in portrait-aware component(s); position-correctness: not verifiable (WordPress source CDN offline)
https://www.beauticate.com/beauty-style/hair/the-best-sea-salt-sprays-reader-review/,content/beauty-style/hair/the-best-sea-salt-sprays-reader-review/the-best-sea-salt-sprays-reader-review.mdx,beauty-style,2017-01-23,True,broken,portrait-render,7,0,6,6,0,1,0,0,0,0,6 small/tall portrait(s) as plain markdown → render tiny & left-flush (portrait-standard violation); 1 landscape plain-md image(s) → fill body measure (acceptable); position-correctness: not verifiable (WordPress source CDN offline)
https://www.beauticate.com/beauty-style/hair/the-dos-of-hair-density-these-are-the-products-that-make-my-hair-feel-thicker/,content/beauty-style/hair/the-dos-of-hair-density-these-are-the-products-that-make-my-hair-feel-thicker/the-dos-of-hair-density-these-are-the-products-that-make-my-hair-feel-thicker.mdx,beauty-style,2021-06-14,True,broken,portrait-render,7,0,2,2,5,0,0,0,0,0,2 small/tall portrait(s) as plain markdown → render tiny & left-flush (portrait-standard violation); 5 portrait(s) inside consecutive-image grid (cover-cropped gallery); position-correctness: not verifiable (WordPress source CDN offline)
https://www.beauticate.com/beauty-style/hair/the-hair-changing-treatment-that-i-will-100-be-repeating/,content/beauty-style/hair/the-hair-changing-treatment-that-i-will-100-be-repeating/the-hair-changing-treatment-that-i-will-100-be-repeating.mdx,beauty-style,2022-06-16,True,correct,clean,1,0,0,0,0,0,0,0,0,0,position-correctness: not verifiable (WordPress source CDN offline)
https://www.beauticate.com/beauty-style/hair/the-hair-dye-for-sensitive-scalps/,content/beauty-style/hair/the-hair-dye-for-sensitive-scalps/the-hair-dye-for-sensitive-scalps.mdx,beauty-style,2015-06-02,True,broken,portrait-render,4,0,2,2,2,0,0,0,0,0,2 small/tall portrait(s) as plain markdown → render tiny & left-flush (portrait-standard violation); 2 portrait(s) inside consecutive-image grid (cover-cropped gallery); position-correctness: not verifiable (WordPress source CDN offline)
https://www.beauticate.com/beauty-style/hair/the-latest-hair-hue-favoured-by-models/,content/beauty-style/hair/the-latest-hair-hue-favoured-by-models/the-latest-hair-hue-favoured-by-models.mdx,beauty-style,2016-12-24,True,correct,clean,1,0,0,0,0,1,0,0,0,0,1 landscape plain-md image(s) → fill body measure (acceptable); position-correctness: not verifiable (WordPress source CDN offline)
https://www.beauticate.com/beauty-style/hair/the-lazy-girls-guide-to-summer-hair/,content/beauty-style/hair/the-lazy-girls-guide-to-summer-hair/the-lazy-girls-guide-to-summer-hair.mdx,beauty-style,2016-01-22,True,broken,portrait-render,12,0,5,5,0,1,0,0,0,0,5 small/tall portrait(s) as plain markdown → render tiny & left-flush (portrait-standard violation); 1 landscape plain-md image(s) → fill body measure (acceptable); position-correctness: not verifiable (WordPress source CDN offline)
https://www.beauticate.com/beauty-style/hair/the-natural-hair-products-we-currently-have-on-rotation/,content/beauty-style/hair/the-natural-hair-products-we-currently-have-on-rotation/the-natural-hair-products-we-currently-have-on-rotation.mdx,beauty-style,2019-07-23,True,broken,portrait-render,6,0,1,1,4,1,0,0,0,0,1 small/tall portrait(s) as plain markdown → render tiny & left-flush (portrait-standard violation); 4 portrait(s) inside consecutive-image grid (cover-cropped gallery); 1 landscape plain-md image(s) → fill body measure (acceptable); position-correctness: not verifiable (WordPress source CDN offline)
https://www.beauticate.com/beauty-style/hair/the-one-hairstyle-everyone-wants-right-now/,content/beauty-style/hair/the-one-hairstyle-everyone-wants-right-now/the-one-hairstyle-everyone-wants-right-now.mdx,beauty-style,2017-07-11,True,correct,clean,7,0,0,0,0,1,0,0,0,0,1 landscape plain-md image(s) → fill body measure (acceptable); position-correctness: not verifiable (WordPress source CDN offline)
https://www.beauticate.com/beauty-style/hair/the-right-way-to-do-bathleisure/,content/beauty-style/hair/the-right-way-to-do-bathleisure/the-right-way-to-do-bathleisure.mdx,beauty-style,2018-03-20,True,broken,portrait-render,10,0,9,9,0,1,0,0,0,0,9 small/tall portrait(s) as plain markdown → render tiny & left-flush (portrait-standard violation); 1 landscape plain-md image(s) → fill body measure (acceptable); position-correctness: not verifiable (WordPress source CDN offline)
https://www.beauticate.com/beauty-style/hair/the-sag-awards-beauty-trend-origami-hair/,content/beauty-style/hair/the-sag-awards-beauty-trend-origami-hair/the-sag-awards-beauty-trend-origami-hair.mdx,beauty-style,2015-02-10,True,broken,portrait-render,11,0,10,10,0,1,0,0,0,0,10 small/tall portrait(s) as plain markdown → render tiny & left-flush (portrait-standard violation); 1 landscape plain-md image(s) → fill body measure (acceptable); position-correctness: not verifiable (WordPress source CDN offline)
https://www.beauticate.com/beauty-style/hair/the-sydney-salons-ive-been-visiting-this-summer-sigourneys-edit/,content/beauty-style/hair/the-sydney-salons-ive-been-visiting-this-summer-sigourneys-edit/the-sydney-salons-ive-been-visiting-this-summer-sigourneys-edit.mdx,beauty-style,2018-01-23,True,broken,portrait-render,14,0,3,3,3,2,0,0,0,0,3 small/tall portrait(s) as plain markdown → render tiny & left-flush (portrait-standard violation); 3 portrait(s) inside consecutive-image grid (cover-cropped gallery); 2 landscape plain-md image(s) → fill body measure (acceptable); position-correctness: not verifiable (WordPress source CDN offline)
https://www.beauticate.com/beauty-style/hair/the-weird-reason-why-your-scalp-hurts-when-its-dirty/,content/beauty-style/hair/the-weird-reason-why-your-scalp-hurts-when-its-dirty/the-weird-reason-why-your-scalp-hurts-when-its-dirty.mdx,beauty-style,2017-01-04,True,correct,clean,1,0,0,0,0,1,0,0,0,0,1 landscape plain-md image(s) → fill body measure (acceptable); position-correctness: not verifiable (WordPress source CDN offline)
https://www.beauticate.com/beauty-style/hair/these-are-the-post-iso-hair-changes-we-suggest-you-strongly-consider/,content/beauty-style/hair/these-are-the-post-iso-hair-changes-we-suggest-you-strongly-consider/these-are-the-post-iso-hair-changes-we-suggest-you-strongly-consider.mdx,beauty-style,2020-09-01,True,broken,portrait-render,4,0,3,3,0,0,0,0,0,0,3 small/tall portrait(s) as plain markdown → render tiny & left-flush (portrait-standard violation); position-correctness: not verifiable (WordPress source CDN offline)
https://www.beauticate.com/beauty-style/hair/this-clean-haircare-entrepreneur-shares-her-instant-volumising-hack/,content/beauty-style/hair/this-clean-haircare-entrepreneur-shares-her-instant-volumising-hack/this-clean-haircare-entrepreneur-shares-her-instant-volumising-hack.mdx,beauty-style,2020-08-11,True,broken,portrait-render,10,0,6,6,0,3,0,0,0,0,6 small/tall portrait(s) as plain markdown → render tiny & left-flush (portrait-standard violation); 3 landscape plain-md image(s) → fill body measure (acceptable); position-correctness: not verifiable (WordPress source CDN offline)
https://www.beauticate.com/beauty-style/hair/this-simple-hair-trick-saves-my-strands/,content/beauty-style/hair/this-simple-hair-trick-saves-my-strands/this-simple-hair-trick-saves-my-strands.mdx,beauty-style,2021-02-24,True,broken,portrait-render,4,0,2,2,0,2,0,0,0,0,2 small/tall portrait(s) as plain markdown → render tiny & left-flush (portrait-standard violation); 2 landscape plain-md image(s) → fill body measure (acceptable); position-correctness: not verifiable (WordPress source CDN offline)
https://www.beauticate.com/beauty-style/hair/three-on-trend-hairstyles-anyone-can-pull-off/,content/beauty-style/hair/three-on-trend-hairstyles-anyone-can-pull-off/three-on-trend-hairstyles-anyone-can-pull-off.mdx,beauty-style,2016-06-08,True,correct,clean,1,0,0,0,0,1,0,0,0,0,1 landscape plain-md image(s) → fill body measure (acceptable); position-correctness: not verifiable (WordPress source CDN offline)
https://www.beauticate.com/beauty-style/hair/use-a-curling-tong-with-hairstylist-paloma-rose-garcia/,content/beauty-style/hair/use-a-curling-tong-with-hairstylist-paloma-rose-garcia/use-a-curling-tong-with-hairstylist-paloma-rose-garcia.mdx,beauty-style,2014-03-18,True,correct,clean,0,0,0,0,0,0,0,0,0,0,position-correctness: not verifiable (WordPress source CDN offline)
https://www.beauticate.com/beauty-style/hair/video-how-to-get-beachy-waves/,content/beauty-style/hair/video-how-to-get-beachy-waves/video-how-to-get-beachy-waves.mdx,beauty-style,2017-11-28,True,correct,clean,0,0,0,0,0,0,0,0,0,0,position-correctness: not verifiable (WordPress source CDN offline)
https://www.beauticate.com/beauty-style/hair/video-how-to-smooth-and-tame-unruly-and-overprocessed-hair/,content/beauty-style/hair/video-how-to-smooth-and-tame-unruly-and-overprocessed-hair/video-how-to-smooth-and-tame-unruly-and-overprocessed-hair.mdx,beauty-style,2017-09-13,True,broken,portrait-render,5,0,5,5,0,0,0,0,0,0,5 small/tall portrait(s) as plain markdown → render tiny & left-flush (portrait-standard violation); position-correctness: not verifiable (WordPress source CDN offline)
https://www.beauticate.com/beauty-style/hair/video-pia-muehlenbeck-shares-her-hair-styling-secrets/,content/beauty-style/hair/video-pia-muehlenbeck-shares-her-hair-styling-secrets/video-pia-muehlenbeck-shares-her-hair-styling-secrets.mdx,beauty-style,2018-05-21,True,correct,clean,3,0,0,0,3,0,0,0,0,0,3 portrait(s) inside consecutive-image grid (cover-cropped gallery); position-correctness: not verifiable (WordPress source CDN offline)
https://www.beauticate.com/beauty-style/hair/video-we-try-the-frizz-busting-ionic-brush/,content/beauty-style/hair/video-we-try-the-frizz-busting-ionic-brush/video-we-try-the-frizz-busting-ionic-brush.mdx,beauty-style,2017-04-26,True,correct,clean,0,0,0,0,0,0,0,0,0,0,position-correctness: not verifiable (WordPress source CDN offline)
https://www.beauticate.com/beauty-style/hair/we-just-had-a-preview-of-karlie-and-jesintas-hair-for-tonights-david-jones-show/,content/beauty-style/hair/we-just-had-a-preview-of-karlie-and-jesintas-hair-for-tonights-david-jones-show/we-just-had-a-preview-of-karlie-and-jesintas-hair-for-tonights-david-jones-show.mdx,beauty-style,2017-02-01,True,correct,clean,1,0,0,0,0,1,0,0,0,0,1 landscape plain-md image(s) → fill body measure (acceptable); position-correctness: not verifiable (WordPress source CDN offline)
https://www.beauticate.com/beauty-style/hair/what-victoria-secret-models-are-really-like-the-woman-behind-the-hair-tells-all/,content/beauty-style/hair/what-victoria-secret-models-are-really-like-the-woman-behind-the-hair-tells-all/what-victoria-secret-models-are-really-like-the-woman-behind-the-hair-tells-all.mdx,beauty-style,2016-12-05,True,correct,clean,1,0,0,0,0,1,0,0,0,0,1 landscape plain-md image(s) → fill body measure (acceptable); position-correctness: not verifiable (WordPress source CDN offline)
https://www.beauticate.com/beauty-style/hair/why-i-have-pink-hair-and-totally-care/,content/beauty-style/hair/why-i-have-pink-hair-and-totally-care/why-i-have-pink-hair-and-totally-care.mdx,beauty-style,2017-04-10,True,broken,portrait-render,4,0,3,3,0,1,0,0,0,0,3 small/tall portrait(s) as plain markdown → render tiny & left-flush (portrait-standard violation); 1 landscape plain-md image(s) → fill body measure (acceptable); position-correctness: not verifiable (WordPress source CDN offline)
https://www.beauticate.com/beauty-style/hair/why-youre-probably-not-washing-your-hair-correctly/,content/beauty-style/hair/why-youre-probably-not-washing-your-hair-correctly/why-youre-probably-not-washing-your-hair-correctly.mdx,beauty-style,2015-12-08,True,broken,portrait-render,4,0,3,3,0,1,0,0,0,0,3 small/tall portrait(s) as plain markdown → render tiny & left-flush (portrait-standard violation); 1 landscape plain-md image(s) → fill body measure (acceptable); position-correctness: not verifiable (WordPress source CDN offline)
https://www.beauticate.com/beauty-style/hair/would-you-tattoo-your-forehead/,content/beauty-style/hair/would-you-tattoo-your-forehead/would-you-tattoo-your-forehead.mdx,beauty-style,2019-04-23,True,broken,portrait-render,7,0,2,2,0,4,0,0,0,0,2 small/tall portrait(s) as plain markdown → render tiny & left-flush (portrait-standard violation); 4 landscape plain-md image(s) → fill body measure (acceptable); position-correctness: not verifiable (WordPress source CDN offline)
https://www.beauticate.com/beauty-style/hair/your-next-salon-visit-could-provide-medical-care-to-those-in-need/,content/beauty-style/hair/your-next-salon-visit-could-provide-medical-care-to-those-in-need/your-next-salon-visit-could-provide-medical-care-to-those-in-need.mdx,beauty-style,2017-04-10,True,correct,clean,1,0,0,0,0,1,0,0,0,0,1 landscape plain-md image(s) → fill body measure (acceptable); position-correctness: not verifiable (WordPress source CDN offline)
https://www.beauticate.com/beauty-style/hair/zero-waste-beauty-hacks-on-trial-solid-shampoo-body-moisturising-bars-and-no-poo/,content/beauty-style/hair/zero-waste-beauty-hacks-on-trial-solid-shampoo-body-moisturising-bars-and-no-poo/zero-waste-beauty-hacks-on-trial-solid-shampoo-body-moisturising-bars-and-no-poo.mdx,beauty-style,2019-04-01,True,broken,portrait-render,7,0,3,3,2,1,0,0,0,0,3 small/tall portrait(s) as plain markdown → render tiny & left-flush (portrait-standard violation); 2 portrait(s) inside consecutive-image grid (cover-cropped gallery); 1 landscape plain-md image(s) → fill body measure (acceptable); position-correctness: not verifiable (WordPress source CDN offline)
https://www.beauticate.com/beauty-style/makeup/4-makeup-artist-approved-tricks-to-brighten-up-tired-eyes/,content/beauty-style/makeup/4-makeup-artist-approved-tricks-to-brighten-up-tired-eyes/4-makeup-artist-approved-tricks-to-brighten-up-tired-eyes.mdx,beauty-style,2019-04-02,True,broken,portrait-render,14,0,13,13,0,1,0,0,0,0,13 small/tall portrait(s) as plain markdown → render tiny & left-flush (portrait-standard violation); 1 landscape plain-md image(s) → fill body measure (acceptable); position-correctness: not verifiable (WordPress source CDN offline)
https://www.beauticate.com/beauty-style/makeup/5-makeup-products-your-favourite-beauty-vloggers-swear-by/,content/beauty-style/makeup/5-makeup-products-your-favourite-beauty-vloggers-swear-by/5-makeup-products-your-favourite-beauty-vloggers-swear-by.mdx,beauty-style,2017-07-24,True,broken,portrait-render,6,0,5,5,0,1,0,0,0,0,5 small/tall portrait(s) as plain markdown → render tiny & left-flush (portrait-standard violation); 1 landscape plain-md image(s) → fill body measure (acceptable); position-correctness: not verifiable (WordPress source CDN offline)
https://www.beauticate.com/beauty-style/makeup/5-ways-to-sweat-proof-your-make-up-routine/,content/beauty-style/makeup/5-ways-to-sweat-proof-your-make-up-routine/5-ways-to-sweat-proof-your-make-up-routine.mdx,beauty-style,2017-01-31,True,broken,portrait-render,3,0,1,1,2,0,0,0,0,0,1 small/tall portrait(s) as plain markdown → render tiny & left-flush (portrait-standard violation); 2 portrait(s) inside consecutive-image grid (cover-cropped gallery); position-correctness: not verifiable (WordPress source CDN offline)
https://www.beauticate.com/beauty-style/makeup/8-flight-attendants-share-their-rigorous-pre-flight-beauty-routines/,content/beauty-style/makeup/8-flight-attendants-share-their-rigorous-pre-flight-beauty-routines/8-flight-attendants-share-their-rigorous-pre-flight-beauty-routines.mdx,beauty-style,2019-03-18,True,correct,clean,0,8,0,0,0,0,0,0,0,0,8 image(s) already in portrait-aware component(s); position-correctness: not verifiable (WordPress source CDN offline)
https://www.beauticate.com/beauty-style/makeup/9-new-makeup-buys-that-will-set-your-heart-aflutter-this-season/,content/beauty-style/makeup/9-new-makeup-buys-that-will-set-your-heart-aflutter-this-season/9-new-makeup-buys-that-will-set-your-heart-aflutter-this-season.mdx,beauty-style,2021-11-08,True,broken,portrait-render,9,0,9,9,0,0,0,0,0,0,9 small/tall portrait(s) as plain markdown → render tiny & left-flush (portrait-standard violation); position-correctness: not verifiable (WordPress source CDN offline)
https://www.beauticate.com/beauty-style/makeup/a-matte-lip-obsessives-nine-favourite-products-right-now/,content/beauty-style/makeup/a-matte-lip-obsessives-nine-favourite-products-right-now/a-matte-lip-obsessives-nine-favourite-products-right-now.mdx,beauty-style,2022-11-02,True,broken,portrait-render,10,0,4,4,6,0,0,0,0,0,4 small/tall portrait(s) as plain markdown → render tiny & left-flush (portrait-standard violation); 6 portrait(s) inside consecutive-image grid (cover-cropped gallery); position-correctness: not verifiable (WordPress source CDN offline)
https://www.beauticate.com/beauty-style/makeup/a-week-in-my-wardrobe/,content/beauty-style/makeup/a-week-in-my-wardrobe/a-week-in-my-wardrobe.mdx,beauty-style,2018-08-30,True,broken,portrait-render,31,0,6,6,18,1,0,0,0,0,6 small/tall portrait(s) as plain markdown → render tiny & left-flush (portrait-standard violation); 18 portrait(s) inside consecutive-image grid (cover-cropped gallery); 1 landscape plain-md image(s) → fill body measure (acceptable); position-correctness: not verifiable (WordPress source CDN offline)
https://www.beauticate.com/beauty-style/makeup/apply-mascara-like-a-pro/,content/beauty-style/makeup/apply-mascara-like-a-pro/apply-mascara-like-a-pro.mdx,beauty-style,2014-02-12,True,correct,clean,0,0,0,0,0,0,0,0,0,0,position-correctness: not verifiable (WordPress source CDN offline)
https://www.beauticate.com/beauty-style/makeup/beauty-bites-3-minute-desk-to-drinks-makeup-look/,content/beauty-style/makeup/beauty-bites-3-minute-desk-to-drinks-makeup-look/beauty-bites-3-minute-desk-to-drinks-makeup-look.mdx,beauty-style,2018-06-05,True,broken,portrait-render,12,0,1,1,11,0,0,0,0,0,1 small/tall portrait(s) as plain markdown → render tiny & left-flush (portrait-standard violation); 11 portrait(s) inside consecutive-image grid (cover-cropped gallery); position-correctness: not verifiable (WordPress source CDN offline)
https://www.beauticate.com/beauty-style/makeup/beauty-bites-a-bright-lip-and-bronzed-look/,content/beauty-style/makeup/beauty-bites-a-bright-lip-and-bronzed-look/beauty-bites-a-bright-lip-and-bronzed-look.mdx,beauty-style,2018-03-21,True,correct,clean,12,0,0,0,12,0,0,0,0,0,12 portrait(s) inside consecutive-image grid (cover-cropped gallery); position-correctness: not verifiable (WordPress source CDN offline)
https://www.beauticate.com/beauty-style/makeup/beauty-bites-spf-makeup-for-lunching-in-the-sun/,content/beauty-style/makeup/beauty-bites-spf-makeup-for-lunching-in-the-sun/beauty-bites-spf-makeup-for-lunching-in-the-sun.mdx,beauty-style,2018-02-06,True,broken,portrait-render,6,0,6,6,0,0,0,0,0,0,6 small/tall portrait(s) as plain markdown → render tiny & left-flush (portrait-standard violation); position-correctness: not verifiable (WordPress source CDN offline)
https://www.beauticate.com/beauty-style/makeup/beauty-bloggers-are-applying-makeup-with-a-sex-toy-no-joke/,content/beauty-style/makeup/beauty-bloggers-are-applying-makeup-with-a-sex-toy-no-joke/beauty-bloggers-are-applying-makeup-with-a-sex-toy-no-joke.mdx,beauty-style,2017-02-20,True,correct,clean,1,0,0,0,0,1,0,0,0,0,1 landscape plain-md image(s) → fill body measure (acceptable); position-correctness: not verifiable (WordPress source CDN offline)
https://www.beauticate.com/beauty-style/makeup/best-beauty-looks-of-coachella-2017-weekend-1/,content/beauty-style/makeup/best-beauty-looks-of-coachella-2017-weekend-1/best-beauty-looks-of-coachella-2017-weekend-1.mdx,beauty-style,2017-04-19,True,correct,clean,1,0,0,0,0,1,0,0,0,0,1 landscape plain-md image(s) → fill body measure (acceptable); position-correctness: not verifiable (WordPress source CDN offline)
https://www.beauticate.com/beauty-style/makeup/best-beauty-tutorials-for-halloween/,content/beauty-style/makeup/best-beauty-tutorials-for-halloween/best-beauty-tutorials-for-halloween.mdx,beauty-style,2015-10-28,True,broken,portrait-render,15,0,14,14,0,1,0,0,0,0,14 small/tall portrait(s) as plain markdown → render tiny & left-flush (portrait-standard violation); 1 landscape plain-md image(s) → fill body measure (acceptable); position-correctness: not verifiable (WordPress source CDN offline)
https://www.beauticate.com/beauty-style/makeup/blue-eyeshadow-its-back-and-artier-than-ever/,content/beauty-style/makeup/blue-eyeshadow-its-back-and-artier-than-ever/blue-eyeshadow-its-back-and-artier-than-ever.mdx,beauty-style,2015-05-18,True,broken,portrait-render,14,0,13,13,0,1,0,0,0,0,13 small/tall portrait(s) as plain markdown → render tiny & left-flush (portrait-standard violation); 1 landscape plain-md image(s) → fill body measure (acceptable); position-correctness: not verifiable (WordPress source CDN offline)
https://www.beauticate.com/beauty-style/makeup/brow-mistakes-most-women-make/,content/beauty-style/makeup/brow-mistakes-most-women-make/brow-mistakes-most-women-make.mdx,beauty-style,2026-06-09,True,correct,clean,2,0,0,0,0,2,0,0,0,0,2 landscape plain-md image(s) → fill body measure (acceptable); position-correctness: not verifiable (WordPress source CDN offline)
https://www.beauticate.com/beauty-style/makeup/caras-makeup-artist-reveals-the-secrets-to-flawless-foundation/,content/beauty-style/makeup/caras-makeup-artist-reveals-the-secrets-to-flawless-foundation/caras-makeup-artist-reveals-the-secrets-to-flawless-foundation.mdx,beauty-style,2015-03-30,True,broken,portrait-render,10,0,9,9,0,1,0,0,0,0,9 small/tall portrait(s) as plain markdown → render tiny & left-flush (portrait-standard violation); 1 landscape plain-md image(s) → fill body measure (acceptable); position-correctness: not verifiable (WordPress source CDN offline)
https://www.beauticate.com/beauty-style/makeup/celeste-barber-on-kissing-tom-ford-and-makeup-must-haves/,content/beauty-style/makeup/celeste-barber-on-kissing-tom-ford-and-makeup-must-haves/celeste-barber-on-kissing-tom-ford-and-makeup-must-haves.mdx,beauty-style,2021-02-24,True,broken,portrait-render,3,0,3,3,0,0,0,0,0,0,3 small/tall portrait(s) as plain markdown → render tiny & left-flush (portrait-standard violation); position-correctness: not verifiable (WordPress source CDN offline)
https://www.beauticate.com/beauty-style/makeup/cheek-blush-tattoo/,content/beauty-style/makeup/cheek-blush-tattoo/cheek-blush-tattoo.mdx,beauty-style,2023-09-29,True,broken,portrait-render,5,8,3,3,0,1,0,0,0,0,3 small/tall portrait(s) as plain markdown → render tiny & left-flush (portrait-standard violation); 1 landscape plain-md image(s) → fill body measure (acceptable); 8 image(s) already in portrait-aware component(s); position-correctness: not verifiable (WordPress source CDN offline)
https://www.beauticate.com/beauty-style/makeup/contour-skin/,content/beauty-style/makeup/contour-skin/contour-skin.mdx,beauty-style,2014-02-12,True,correct,clean,11,0,0,0,0,11,0,0,0,0,11 landscape plain-md image(s) → fill body measure (acceptable); position-correctness: not verifiable (WordPress source CDN offline)
https://www.beauticate.com/beauty-style/makeup/cosmetics-cleanse/,content/beauty-style/makeup/cosmetics-cleanse/cosmetics-cleanse.mdx,beauty-style,2014-04-23,True,broken,portrait-render,10,0,1,1,7,1,0,0,0,0,1 small/tall portrait(s) as plain markdown → render tiny & left-flush (portrait-standard violation); 7 portrait(s) inside consecutive-image grid (cover-cropped gallery); 1 landscape plain-md image(s) → fill body measure (acceptable); position-correctness: not verifiable (WordPress source CDN offline)
https://www.beauticate.com/beauty-style/makeup/deltas-6-cant-live-without-cosmetics-and-how-she-uses-them/,content/beauty-style/makeup/deltas-6-cant-live-without-cosmetics-and-how-she-uses-them/deltas-6-cant-live-without-cosmetics-and-how-she-uses-them.mdx,beauty-style,2015-11-10,True,correct,clean,0,0,0,0,0,0,0,0,0,0,position-correctness: not verifiable (WordPress source CDN offline)
https://www.beauticate.com/beauty-style/makeup/do-a-two-minute-face-with-lindy-klim/,content/beauty-style/makeup/do-a-two-minute-face-with-lindy-klim/do-a-two-minute-face-with-lindy-klim.mdx,beauty-style,2014-03-12,True,correct,clean,0,0,0,0,0,0,0,0,0,0,position-correctness: not verifiable (WordPress source CDN offline)
https://www.beauticate.com/beauty-style/makeup/do-magnetic-false-lashes-really-work/,content/beauty-style/makeup/do-magnetic-false-lashes-really-work/do-magnetic-false-lashes-really-work.mdx,beauty-style,2021-12-13,True,broken,portrait-render,3,0,3,3,0,0,0,0,0,0,3 small/tall portrait(s) as plain markdown → render tiny & left-flush (portrait-standard violation); position-correctness: not verifiable (WordPress source CDN offline)
https://www.beauticate.com/beauty-style/makeup/does-eyeliner-tattoo-hurt/,content/beauty-style/makeup/does-eyeliner-tattoo-hurt/does-eyeliner-tattoo-hurt.mdx,beauty-style,2021-08-16,True,correct,clean,2,0,0,0,0,2,0,0,0,0,2 landscape plain-md image(s) → fill body measure (acceptable); position-correctness: not verifiable (WordPress source CDN offline)
https://www.beauticate.com/beauty-style/makeup/five-films-that-will-up-your-style-game/,content/beauty-style/makeup/five-films-that-will-up-your-style-game/five-films-that-will-up-your-style-game.mdx,beauty-style,2018-08-01,True,broken,portrait-render,21,0,20,20,0,1,0,0,0,0,20 small/tall portrait(s) as plain markdown → render tiny & left-flush (portrait-standard violation); 1 landscape plain-md image(s) → fill body measure (acceptable); position-correctness: not verifiable (WordPress source CDN offline)
https://www.beauticate.com/beauty-style/makeup/five-makeup-essentials-that-will-fit-in-your-clutch/,content/beauty-style/makeup/five-makeup-essentials-that-will-fit-in-your-clutch/five-makeup-essentials-that-will-fit-in-your-clutch.mdx,beauty-style,2017-06-26,True,broken,portrait-render,4,0,3,3,0,1,0,0,0,0,3 small/tall portrait(s) as plain markdown → render tiny & left-flush (portrait-standard violation); 1 landscape plain-md image(s) → fill body measure (acceptable); position-correctness: not verifiable (WordPress source CDN offline)
https://www.beauticate.com/beauty-style/makeup/food-makeup-what-you-can-actually-use-from-your-pantry/,content/beauty-style/makeup/food-makeup-what-you-can-actually-use-from-your-pantry/food-makeup-what-you-can-actually-use-from-your-pantry.mdx,beauty-style,2017-07-18,True,broken,portrait-render,13,0,12,12,0,1,0,0,0,0,12 small/tall portrait(s) as plain markdown → render tiny & left-flush (portrait-standard violation); 1 landscape plain-md image(s) → fill body measure (acceptable); position-correctness: not verifiable (WordPress source CDN offline)
https://www.beauticate.com/beauty-style/makeup/four-luxe-eye-makeup-products-worth-the-splurge/,content/beauty-style/makeup/four-luxe-eye-makeup-products-worth-the-splurge/four-luxe-eye-makeup-products-worth-the-splurge.mdx,beauty-style,2022-12-15,True,broken,portrait-render,3,0,3,3,0,0,0,0,0,0,3 small/tall portrait(s) as plain markdown → render tiny & left-flush (portrait-standard violation); position-correctness: not verifiable (WordPress source CDN offline)
https://www.beauticate.com/beauty-style/makeup/fresh-glowy-makeup-in-5-minutes-sigourneys-edit/,content/beauty-style/makeup/fresh-glowy-makeup-in-5-minutes-sigourneys-edit/fresh-glowy-makeup-in-5-minutes-sigourneys-edit.mdx,beauty-style,2016-04-04,True,broken,portrait-render,8,0,7,7,0,0,0,0,0,0,7 small/tall portrait(s) as plain markdown → render tiny & left-flush (portrait-standard violation); position-correctness: not verifiable (WordPress source CDN offline)
https://www.beauticate.com/beauty-style/makeup/genderless-makeup-campaign-blurthelines-set-to-make-beauty-boundless/,content/beauty-style/makeup/genderless-makeup-campaign-blurthelines-set-to-make-beauty-boundless/genderless-makeup-campaign-blurthelines-set-to-make-beauty-boundless.mdx,beauty-style,2017-03-14,True,correct,clean,1,0,0,0,0,1,0,0,0,0,1 landscape plain-md image(s) → fill body measure (acceptable); position-correctness: not verifiable (WordPress source CDN offline)
https://www.beauticate.com/beauty-style/makeup/gilmore-girls-makeup-is-now-officially-a-thing/,content/beauty-style/makeup/gilmore-girls-makeup-is-now-officially-a-thing/gilmore-girls-makeup-is-now-officially-a-thing.mdx,beauty-style,2016-11-23,True,correct,clean,1,0,0,0,0,1,0,0,0,0,1 landscape plain-md image(s) → fill body measure (acceptable); position-correctness: not verifiable (WordPress source CDN offline)
https://www.beauticate.com/beauty-style/makeup/golden-globes-makeup-ideas-and-hairstyles-what-they-actually-used/,content/beauty-style/makeup/golden-globes-makeup-ideas-and-hairstyles-what-they-actually-used/golden-globes-makeup-ideas-and-hairstyles-what-they-actually-used.mdx,beauty-style,2015-01-14,True,broken,portrait-render,26,0,25,25,0,1,0,0,0,0,25 small/tall portrait(s) as plain markdown → render tiny & left-flush (portrait-standard violation); 1 landscape plain-md image(s) → fill body measure (acceptable); position-correctness: not verifiable (WordPress source CDN offline)
https://www.beauticate.com/beauty-style/makeup/gym-bag-essentials-that-arent-a-water-bottle/,content/beauty-style/makeup/gym-bag-essentials-that-arent-a-water-bottle/gym-bag-essentials-that-arent-a-water-bottle.mdx,beauty-style,2018-07-23,True,broken,portrait-render,5,0,3,3,1,0,0,0,0,0,3 small/tall portrait(s) as plain markdown → render tiny & left-flush (portrait-standard violation); 1 portrait(s) inside consecutive-image grid (cover-cropped gallery); position-correctness: not verifiable (WordPress source CDN offline)
https://www.beauticate.com/beauty-style/makeup/how-i-do-weekends-sigourneys-edit/,content/beauty-style/makeup/how-i-do-weekends-sigourneys-edit/how-i-do-weekends-sigourneys-edit.mdx,beauty-style,2018-08-22,True,broken,portrait-render,28,0,25,25,1,1,0,0,0,0,25 small/tall portrait(s) as plain markdown → render tiny & left-flush (portrait-standard violation); 1 portrait(s) inside consecutive-image grid (cover-cropped gallery); 1 landscape plain-md image(s) → fill body measure (acceptable); position-correctness: not verifiable (WordPress source CDN offline)
https://www.beauticate.com/beauty-style/makeup/how-staying-at-home-helped-me-fall-back-in-love-with-makeup/,content/beauty-style/makeup/how-staying-at-home-helped-me-fall-back-in-love-with-makeup/how-staying-at-home-helped-me-fall-back-in-love-with-makeup.mdx,beauty-style,2021-08-24,True,correct,clean,10,0,0,0,0,0,0,0,0,0,position-correctness: not verifiable (WordPress source CDN offline)
https://www.beauticate.com/beauty-style/makeup/how-to-50-shades-of-grey-eyeshadows/,content/beauty-style/makeup/how-to-50-shades-of-grey-eyeshadows/how-to-50-shades-of-grey-eyeshadows.mdx,beauty-style,2015-02-13,True,broken,portrait-render,7,0,3,3,0,4,0,0,0,0,3 small/tall portrait(s) as plain markdown → render tiny & left-flush (portrait-standard violation); 4 landscape plain-md image(s) → fill body measure (acceptable); position-correctness: not verifiable (WordPress source CDN offline)
https://www.beauticate.com/beauty-style/makeup/how-to-apply-false-lashes/,content/beauty-style/makeup/how-to-apply-false-lashes/how-to-apply-false-lashes.mdx,beauty-style,2021-04-27,True,correct,clean,4,0,0,0,0,4,0,0,0,0,4 landscape plain-md image(s) → fill body measure (acceptable); position-correctness: not verifiable (WordPress source CDN offline)
https://www.beauticate.com/beauty-style/makeup/how-to-apply-lipstick-like-a-pro/,content/beauty-style/makeup/how-to-apply-lipstick-like-a-pro/how-to-apply-lipstick-like-a-pro.mdx,beauty-style,2015-06-29,True,correct,clean,0,0,0,0,0,0,0,0,0,0,position-correctness: not verifiable (WordPress source CDN offline)
https://www.beauticate.com/beauty-style/makeup/how-to-bronze-in-winter/,content/beauty-style/makeup/how-to-bronze-in-winter/how-to-bronze-in-winter.mdx,beauty-style,2015-08-03,True,broken,portrait-render,6,0,2,2,0,2,0,0,0,0,2 small/tall portrait(s) as plain markdown → render tiny & left-flush (portrait-standard violation); 2 landscape plain-md image(s) → fill body measure (acceptable); position-correctness: not verifiable (WordPress source CDN offline)
https://www.beauticate.com/beauty-style/makeup/how-to-choose-your-perfect-shade-of-lipstick/,content/beauty-style/makeup/how-to-choose-your-perfect-shade-of-lipstick/how-to-choose-your-perfect-shade-of-lipstick.mdx,beauty-style,2018-04-17,True,broken,portrait-render,6,0,1,1,3,0,0,0,0,0,1 small/tall portrait(s) as plain markdown → render tiny & left-flush (portrait-standard violation); 3 portrait(s) inside consecutive-image grid (cover-cropped gallery); position-correctness: not verifiable (WordPress source CDN offline)
https://www.beauticate.com/beauty-style/makeup/how-to-create-bold-beautiful-brows/,content/beauty-style/makeup/how-to-create-bold-beautiful-brows/how-to-create-bold-beautiful-brows.mdx,beauty-style,2014-06-25,True,broken,portrait-render,6,0,6,6,0,0,0,0,0,0,6 small/tall portrait(s) as plain markdown → render tiny & left-flush (portrait-standard violation); position-correctness: not verifiable (WordPress source CDN offline)
https://www.beauticate.com/beauty-style/makeup/how-to-dark-lips-sigourneys-edit/,content/beauty-style/makeup/how-to-dark-lips-sigourneys-edit/how-to-dark-lips-sigourneys-edit.mdx,beauty-style,2014-07-30,True,broken,portrait-render,17,0,14,14,0,2,0,0,0,0,14 small/tall portrait(s) as plain markdown → render tiny & left-flush (portrait-standard violation); 2 landscape plain-md image(s) → fill body measure (acceptable); position-correctness: not verifiable (WordPress source CDN offline)
https://www.beauticate.com/beauty-style/makeup/how-to-do-a-faux-foil-eye-with-erika-heynatz-and-rae-morris/,content/beauty-style/makeup/how-to-do-a-faux-foil-eye-with-erika-heynatz-and-rae-morris/how-to-do-a-faux-foil-eye-with-erika-heynatz-and-rae-morris.mdx,beauty-style,2015-12-29,True,broken,portrait-render,8,0,7,7,0,1,0,0,0,0,7 small/tall portrait(s) as plain markdown → render tiny & left-flush (portrait-standard violation); 1 landscape plain-md image(s) → fill body measure (acceptable); position-correctness: not verifiable (WordPress source CDN offline)
https://www.beauticate.com/beauty-style/makeup/how-to-do-a-party-look-with-mineral-makeup-and-win-a-holiday/,content/beauty-style/makeup/how-to-do-a-party-look-with-mineral-makeup-and-win-a-holiday/how-to-do-a-party-look-with-mineral-makeup-and-win-a-holiday.mdx,beauty-style,2016-12-07,True,broken,portrait-render,5,0,5,5,0,0,0,0,0,0,5 small/tall portrait(s) as plain markdown → render tiny & left-flush (portrait-standard violation); position-correctness: not verifiable (WordPress source CDN offline)
https://www.beauticate.com/beauty-style/makeup/how-to-do-french-girl-beauty-like-an-icon/,content/beauty-style/makeup/how-to-do-french-girl-beauty-like-an-icon/how-to-do-french-girl-beauty-like-an-icon.mdx,beauty-style,2015-10-19,True,broken,portrait-render,13,0,12,12,0,1,0,0,0,0,12 small/tall portrait(s) as plain markdown → render tiny & left-flush (portrait-standard violation); 1 landscape plain-md image(s) → fill body measure (acceptable); position-correctness: not verifiable (WordPress source CDN offline)
https://www.beauticate.com/beauty-style/makeup/how-to-do-grown-up-glitter/,content/beauty-style/makeup/how-to-do-grown-up-glitter/how-to-do-grown-up-glitter.mdx,beauty-style,2015-06-12,True,broken,portrait-render,3,0,3,3,0,0,0,0,0,0,3 small/tall portrait(s) as plain markdown → render tiny & left-flush (portrait-standard violation); position-correctness: not verifiable (WordPress source CDN offline)
https://www.beauticate.com/beauty-style/makeup/how-to-do-lash-extensions-right/,content/beauty-style/makeup/how-to-do-lash-extensions-right/how-to-do-lash-extensions-right.mdx,beauty-style,2020-08-12,True,broken,portrait-render,4,0,4,4,0,0,0,0,0,0,4 small/tall portrait(s) as plain markdown → render tiny & left-flush (portrait-standard violation); position-correctness: not verifiable (WordPress source CDN offline)
https://www.beauticate.com/beauty-style/makeup/how-to-do-your-whole-makeup-look-with-just-lipstick/,content/beauty-style/makeup/how-to-do-your-whole-makeup-look-with-just-lipstick/how-to-do-your-whole-makeup-look-with-just-lipstick.mdx,beauty-style,2018-02-14,True,broken,portrait-render,3,0,3,3,0,0,0,0,0,0,3 small/tall portrait(s) as plain markdown → render tiny & left-flush (portrait-standard violation); position-correctness: not verifiable (WordPress source CDN offline)
https://www.beauticate.com/beauty-style/makeup/how-to-double-duty-beauty-like-the-jailbirds-in-orange-is-the-new-black/,content/beauty-style/makeup/how-to-double-duty-beauty-like-the-jailbirds-in-orange-is-the-new-black/how-to-double-duty-beauty-like-the-jailbirds-in-orange-is-the-new-black.mdx,beauty-style,2014-08-14,True,broken,portrait-render,6,0,2,2,3,0,0,0,0,0,2 small/tall portrait(s) as plain markdown → render tiny & left-flush (portrait-standard violation); 3 portrait(s) inside consecutive-image grid (cover-cropped gallery); position-correctness: not verifiable (WordPress source CDN offline)
https://www.beauticate.com/beauty-style/makeup/how-to-fill-in-your-brows-with-desiree-wise/,content/beauty-style/makeup/how-to-fill-in-your-brows-with-desiree-wise/how-to-fill-in-your-brows-with-desiree-wise.mdx,beauty-style,2014-03-27,True,correct,clean,9,0,0,0,0,9,0,0,0,0,9 landscape plain-md image(s) → fill body measure (acceptable); position-correctness: not verifiable (WordPress source CDN offline)
https://www.beauticate.com/beauty-style/makeup/how-to-get-ready-with-bambi-erin-and-zippora/,content/beauty-style/makeup/how-to-get-ready-with-bambi-erin-and-zippora/how-to-get-ready-with-bambi-erin-and-zippora.mdx,beauty-style,2014-09-12,True,broken,portrait-render,15,0,15,15,0,0,0,0,0,0,15 small/tall portrait(s) as plain markdown → render tiny & left-flush (portrait-standard violation); position-correctness: not verifiable (WordPress source CDN offline)
https://www.beauticate.com/beauty-style/makeup/how-to-highlight-with-rae-morris/,content/beauty-style/makeup/how-to-highlight-with-rae-morris/how-to-highlight-with-rae-morris.mdx,beauty-style,2016-02-02,True,broken,portrait-render,8,0,7,7,0,1,0,0,0,0,7 small/tall portrait(s) as plain markdown → render tiny & left-flush (portrait-standard violation); 1 landscape plain-md image(s) → fill body measure (acceptable); position-correctness: not verifiable (WordPress source CDN offline)
https://www.beauticate.com/beauty-style/makeup/how-to-instagram-filter-your-face/,content/beauty-style/makeup/how-to-instagram-filter-your-face/how-to-instagram-filter-your-face.mdx,beauty-style,2014-07-08,True,broken,portrait-render,16,0,14,14,0,1,0,0,0,0,14 small/tall portrait(s) as plain markdown → render tiny & left-flush (portrait-standard violation); 1 landscape plain-md image(s) → fill body measure (acceptable); position-correctness: not verifiable (WordPress source CDN offline)
https://www.beauticate.com/beauty-style/makeup/how-to-line-your-eyes-in-the-back-of-a-cab/,content/beauty-style/makeup/how-to-line-your-eyes-in-the-back-of-a-cab/how-to-line-your-eyes-in-the-back-of-a-cab.mdx,beauty-style,2014-12-11,True,broken,portrait-render,3,0,3,3,0,0,0,0,0,0,3 small/tall portrait(s) as plain markdown → render tiny & left-flush (portrait-standard violation); position-correctness: not verifiable (WordPress source CDN offline)
https://www.beauticate.com/beauty-style/makeup/how-to-make-up-like-a-makeup-artist-with-sarah-jagger/,content/beauty-style/makeup/how-to-make-up-like-a-makeup-artist-with-sarah-jagger/how-to-make-up-like-a-makeup-artist-with-sarah-jagger.mdx,beauty-style,2014-05-01,True,correct,clean,0,0,0,0,0,0,0,0,0,0,position-correctness: not verifiable (WordPress source CDN offline)
https://www.beauticate.com/beauty-style/makeup/how-to-nail-summer-beauty-with-coral-makeup/,content/beauty-style/makeup/how-to-nail-summer-beauty-with-coral-makeup/how-to-nail-summer-beauty-with-coral-makeup.mdx,beauty-style,2020-02-04,True,broken,portrait-render,6,0,2,2,4,0,0,0,0,0,2 small/tall portrait(s) as plain markdown → render tiny & left-flush (portrait-standard violation); 4 portrait(s) inside consecutive-image grid (cover-cropped gallery); position-correctness: not verifiable (WordPress source CDN offline)
https://www.beauticate.com/beauty-style/makeup/how-to-natural-makeup-look-with-jessica-gomes/,content/beauty-style/makeup/how-to-natural-makeup-look-with-jessica-gomes/how-to-natural-makeup-look-with-jessica-gomes.mdx,beauty-style,2014-11-12,True,broken,portrait-render,7,0,7,7,0,0,0,0,0,0,7 small/tall portrait(s) as plain markdown → render tiny & left-flush (portrait-standard violation); position-correctness: not verifiable (WordPress source CDN offline)
https://www.beauticate.com/beauty-style/makeup/how-to-pick-the-perfect-shade-of-red-lipstick/,content/beauty-style/makeup/how-to-pick-the-perfect-shade-of-red-lipstick/how-to-pick-the-perfect-shade-of-red-lipstick.mdx,beauty-style,2014-04-17,True,broken,portrait-render,15,0,14,14,0,1,0,0,0,0,14 small/tall portrait(s) as plain markdown → render tiny & left-flush (portrait-standard violation); 1 landscape plain-md image(s) → fill body measure (acceptable); position-correctness: not verifiable (WordPress source CDN offline)
https://www.beauticate.com/beauty-style/makeup/how-to-pull-off-ombr-lips-from-fashion-week/,content/beauty-style/makeup/how-to-pull-off-ombr-lips-from-fashion-week/how-to-pull-off-ombr-lips-from-fashion-week.mdx,beauty-style,2017-02-21,True,broken,portrait-render,3,0,1,1,2,0,0,0,0,0,1 small/tall portrait(s) as plain markdown → render tiny & left-flush (portrait-standard violation); 2 portrait(s) inside consecutive-image grid (cover-cropped gallery); position-correctness: not verifiable (WordPress source CDN offline)
https://www.beauticate.com/beauty-style/makeup/how-to-resort-chic/,content/beauty-style/makeup/how-to-resort-chic/how-to-resort-chic.mdx,beauty-style,2014-08-27,True,broken,portrait-render,16,0,15,15,0,1,0,0,0,0,15 small/tall portrait(s) as plain markdown → render tiny & left-flush (portrait-standard violation); 1 landscape plain-md image(s) → fill body measure (acceptable); position-correctness: not verifiable (WordPress source CDN offline)
https://www.beauticate.com/beauty-style/makeup/how-to-smoky-eye/,content/beauty-style/makeup/how-to-smoky-eye/how-to-smoky-eye.mdx,beauty-style,2014-12-23,True,broken,portrait-render,11,0,11,11,0,0,0,0,0,0,11 small/tall portrait(s) as plain markdown → render tiny & left-flush (portrait-standard violation); position-correctness: not verifiable (WordPress source CDN offline)
https://www.beauticate.com/beauty-style/makeup/how-to-style-this-seasons-must-have-shoe/,content/beauty-style/makeup/how-to-style-this-seasons-must-have-shoe/how-to-style-this-seasons-must-have-shoe.mdx,beauty-style,2018-09-19,True,correct,clean,12,0,0,0,11,1,0,0,0,0,11 portrait(s) inside consecutive-image grid (cover-cropped gallery); 1 landscape plain-md image(s) → fill body measure (acceptable); position-correctness: not verifiable (WordPress source CDN offline)
https://www.beauticate.com/beauty-style/makeup/how-to-tint-your-brows-without-a-beauty-diploma/,content/beauty-style/makeup/how-to-tint-your-brows-without-a-beauty-diploma/how-to-tint-your-brows-without-a-beauty-diploma.mdx,beauty-style,2017-05-16,True,broken,portrait-render,5,0,4,4,0,1,0,0,0,0,4 small/tall portrait(s) as plain markdown → render tiny & left-flush (portrait-standard violation); 1 landscape plain-md image(s) → fill body measure (acceptable); position-correctness: not verifiable (WordPress source CDN offline)
https://www.beauticate.com/beauty-style/makeup/how-to-use-contour-cream-with-montana-cox/,content/beauty-style/makeup/how-to-use-contour-cream-with-montana-cox/how-to-use-contour-cream-with-montana-cox.mdx,beauty-style,2015-03-02,True,broken,portrait-render,3,0,3,3,0,0,0,0,0,0,3 small/tall portrait(s) as plain markdown → render tiny & left-flush (portrait-standard violation); position-correctness: not verifiable (WordPress source CDN offline)
https://www.beauticate.com/beauty-style/makeup/how-to-work-gloss-trend/,content/beauty-style/makeup/how-to-work-gloss-trend/how-to-work-gloss-trend.mdx,beauty-style,2019-02-06,True,broken,portrait-render,10,0,2,2,7,1,0,0,0,0,2 small/tall portrait(s) as plain markdown → render tiny & left-flush (portrait-standard violation); 7 portrait(s) inside consecutive-image grid (cover-cropped gallery); 1 landscape plain-md image(s) → fill body measure (acceptable); position-correctness: not verifiable (WordPress source CDN offline)
https://www.beauticate.com/beauty-style/makeup/i-got-an-under-eye-concealer-tattoo/,content/beauty-style/makeup/i-got-an-under-eye-concealer-tattoo/i-got-an-under-eye-concealer-tattoo.mdx,beauty-style,2024-04-22,True,broken,portrait-render,11,0,4,4,2,2,0,0,0,0,4 small/tall portrait(s) as plain markdown → render tiny & left-flush (portrait-standard violation); 2 portrait(s) inside consecutive-image grid (cover-cropped gallery); 2 landscape plain-md image(s) → fill body measure (acceptable); position-correctness: not verifiable (WordPress source CDN offline)
https://www.beauticate.com/beauty-style/makeup/ive-tried-hundreds-but-these-are-the-3-mascaras-that-meet-my-high-standards/,content/beauty-style/makeup/ive-tried-hundreds-but-these-are-the-3-mascaras-that-meet-my-high-standards/ive-tried-hundreds-but-these-are-the-3-mascaras-that-meet-my-high-standards.mdx,beauty-style,2021-05-25,True,broken,portrait-render,3,0,1,1,2,0,0,0,0,0,1 small/tall portrait(s) as plain markdown → render tiny & left-flush (portrait-standard violation); 2 portrait(s) inside consecutive-image grid (cover-cropped gallery); position-correctness: not verifiable (WordPress source CDN offline)
https://www.beauticate.com/beauty-style/makeup/kat-von-d-begs-insta-followers-to-choose-cruelty-free-makeup/,content/beauty-style/makeup/kat-von-d-begs-insta-followers-to-choose-cruelty-free-makeup/kat-von-d-begs-insta-followers-to-choose-cruelty-free-makeup.mdx,beauty-style,2016-12-01,True,correct,clean,1,0,0,0,0,1,0,0,0,0,1 landscape plain-md image(s) → fill body measure (acceptable); position-correctness: not verifiable (WordPress source CDN offline)
https://www.beauticate.com/beauty-style/makeup/kate-peck-eyes/,content/beauty-style/makeup/kate-peck-eyes/kate-peck-eyes.mdx,beauty-style,2013-11-30,True,broken,portrait-render,3,0,1,1,2,0,0,0,0,0,1 small/tall portrait(s) as plain markdown → render tiny & left-flush (portrait-standard violation); 2 portrait(s) inside consecutive-image grid (cover-cropped gallery); position-correctness: not verifiable (WordPress source CDN offline)
https://www.beauticate.com/beauty-style/makeup/katy-perrys-new-lipstick-line/,content/beauty-style/makeup/katy-perrys-new-lipstick-line/katy-perrys-new-lipstick-line.mdx,beauty-style,2017-02-14,True,correct,clean,1,0,0,0,0,1,0,0,0,0,1 landscape plain-md image(s) → fill body measure (acceptable); position-correctness: not verifiable (WordPress source CDN offline)
https://www.beauticate.com/beauty-style/makeup/kylie-cosmetics-have-just-released-a-lip-kit-vault-and-its-a-steal/,content/beauty-style/makeup/kylie-cosmetics-have-just-released-a-lip-kit-vault-and-its-a-steal/kylie-cosmetics-have-just-released-a-lip-kit-vault-and-its-a-steal.mdx,beauty-style,2016-12-02,True,correct,clean,1,0,0,0,0,1,0,0,0,0,1 landscape plain-md image(s) → fill body measure (acceptable); position-correctness: not verifiable (WordPress source CDN offline)
https://www.beauticate.com/beauty-style/makeup/lipstick-tattoo/,content/beauty-style/makeup/lipstick-tattoo/lipstick-tattoo.mdx,beauty-style,2024-09-13,True,broken,portrait-render,9,7,2,2,2,3,0,0,0,0,2 small/tall portrait(s) as plain markdown → render tiny & left-flush (portrait-standard violation); 2 portrait(s) inside consecutive-image grid (cover-cropped gallery); 3 landscape plain-md image(s) → fill body measure (acceptable); 7 image(s) already in portrait-aware component(s); position-correctness: not verifiable (WordPress source CDN offline)
https://www.beauticate.com/beauty-style/makeup/louis-vuitton-makeup-review-australia/,content/beauty-style/makeup/louis-vuitton-makeup-review-australia/louis-vuitton-makeup-review-australia.mdx,beauty-style,2025-09-30,True,broken,portrait-render,11,2,4,4,0,7,0,0,0,0,4 small/tall portrait(s) as plain markdown → render tiny & left-flush (portrait-standard violation); 7 landscape plain-md image(s) → fill body measure (acceptable); 2 image(s) already in portrait-aware component(s); position-correctness: not verifiable (WordPress source CDN offline)
https://www.beauticate.com/beauty-style/makeup/love-those-lashes-review/,content/beauty-style/makeup/love-those-lashes-review/love-those-lashes-review.mdx,beauty-style,2015-06-15,True,broken,portrait-render,2,0,2,2,0,0,0,0,0,0,2 small/tall portrait(s) as plain markdown → render tiny & left-flush (portrait-standard violation); position-correctness: not verifiable (WordPress source CDN offline)
https://www.beauticate.com/beauty-style/makeup/makeup-artist-budget-buys/,content/beauty-style/makeup/makeup-artist-budget-buys/makeup-artist-budget-buys.mdx,beauty-style,2019-01-07,True,correct,clean,5,0,0,0,4,1,0,0,0,0,4 portrait(s) inside consecutive-image grid (cover-cropped gallery); 1 landscape plain-md image(s) → fill body measure (acceptable); position-correctness: not verifiable (WordPress source CDN offline)
https://www.beauticate.com/beauty-style/makeup/makeup-hacks-for-the-party-season/,content/beauty-style/makeup/makeup-hacks-for-the-party-season/makeup-hacks-for-the-party-season.mdx,beauty-style,2015-12-11,True,broken,portrait-render,13,0,11,11,0,2,0,0,0,0,11 small/tall portrait(s) as plain markdown → render tiny & left-flush (portrait-standard violation); 2 landscape plain-md image(s) → fill body measure (acceptable); position-correctness: not verifiable (WordPress source CDN offline)
https://www.beauticate.com/beauty-style/makeup/my-queenstown-snow-trip-and-what-i-packed/,content/beauty-style/makeup/my-queenstown-snow-trip-and-what-i-packed/my-queenstown-snow-trip-and-what-i-packed.mdx,beauty-style,2019-08-14,True,broken,portrait-render,47,0,31,31,7,4,0,0,0,0,31 small/tall portrait(s) as plain markdown → render tiny & left-flush (portrait-standard violation); 7 portrait(s) inside consecutive-image grid (cover-cropped gallery); 4 landscape plain-md image(s) → fill body measure (acceptable); position-correctness: not verifiable (WordPress source CDN offline)
https://www.beauticate.com/beauty-style/makeup/natasha-poly-just-schooled-us-in-makeup/,content/beauty-style/makeup/natasha-poly-just-schooled-us-in-makeup/natasha-poly-just-schooled-us-in-makeup.mdx,beauty-style,2017-08-11,True,correct,clean,1,0,0,0,0,1,0,0,0,0,1 landscape plain-md image(s) → fill body measure (acceptable); position-correctness: not verifiable (WordPress source CDN offline)
https://www.beauticate.com/beauty-style/makeup/new-beauty-buys-illuminators-and-highlighters/,content/beauty-style/makeup/new-beauty-buys-illuminators-and-highlighters/new-beauty-buys-illuminators-and-highlighters.mdx,beauty-style,2015-02-10,True,broken,portrait-render,8,0,7,7,0,1,0,0,0,0,7 small/tall portrait(s) as plain markdown → render tiny & left-flush (portrait-standard violation); 1 landscape plain-md image(s) → fill body measure (acceptable); position-correctness: not verifiable (WordPress source CDN offline)
https://www.beauticate.com/beauty-style/makeup/new-season-makeup-must-haves/,content/beauty-style/makeup/new-season-makeup-must-haves/new-season-makeup-must-haves.mdx,beauty-style,2015-05-12,True,broken,portrait-render,9,0,6,6,0,2,0,0,0,0,6 small/tall portrait(s) as plain markdown → render tiny & left-flush (portrait-standard violation); 2 landscape plain-md image(s) → fill body measure (acceptable); position-correctness: not verifiable (WordPress source CDN offline)
https://www.beauticate.com/beauty-style/makeup/new-years-eve-makeup-inspo-from-iconic-party-girls/,content/beauty-style/makeup/new-years-eve-makeup-inspo-from-iconic-party-girls/new-years-eve-makeup-inspo-from-iconic-party-girls.mdx,beauty-style,2014-12-24,True,broken,portrait-render,28,0,27,27,0,1,0,0,0,0,27 small/tall portrait(s) as plain markdown → render tiny & left-flush (portrait-standard violation); 1 landscape plain-md image(s) → fill body measure (acceptable); position-correctness: not verifiable (WordPress source CDN offline)
https://www.beauticate.com/beauty-style/makeup/orange-really-is-the-new-black-three-non-freaky-ways-to-wear-orange-makeup/,content/beauty-style/makeup/orange-really-is-the-new-black-three-non-freaky-ways-to-wear-orange-makeup/orange-really-is-the-new-black-three-non-freaky-ways-to-wear-orange-makeup.mdx,beauty-style,2020-11-24,True,broken,portrait-render,13,0,4,4,7,1,0,0,0,0,4 small/tall portrait(s) as plain markdown → render tiny & left-flush (portrait-standard violation); 7 portrait(s) inside consecutive-image grid (cover-cropped gallery); 1 landscape plain-md image(s) → fill body measure (acceptable); position-correctness: not verifiable (WordPress source CDN offline)
https://www.beauticate.com/beauty-style/makeup/our-top-11-best-dressed-royal-wedding-guests-and-how-to-get-their-makeup-looks/,content/beauty-style/makeup/our-top-11-best-dressed-royal-wedding-guests-and-how-to-get-their-makeup-looks/our-top-11-best-dressed-royal-wedding-guests-and-how-to-get-their-makeup-looks.mdx,beauty-style,2018-05-21,True,broken,portrait-render,11,0,10,10,0,1,0,0,0,0,10 small/tall portrait(s) as plain markdown → render tiny & left-flush (portrait-standard violation); 1 landscape plain-md image(s) → fill body measure (acceptable); position-correctness: not verifiable (WordPress source CDN offline)
https://www.beauticate.com/beauty-style/makeup/permanent-under-eye-concealer/,content/beauty-style/makeup/permanent-under-eye-concealer/permanent-under-eye-concealer.mdx,beauty-style,2018-10-23,True,correct,clean,3,0,0,0,0,2,0,0,0,0,2 landscape plain-md image(s) → fill body measure (acceptable); position-correctness: not verifiable (WordPress source CDN offline)
https://www.beauticate.com/beauty-style/makeup/prep-your-skin-for-an-event/,content/beauty-style/makeup/prep-your-skin-for-an-event/prep-your-skin-for-an-event.mdx,beauty-style,2014-01-19,True,broken,portrait-render,5,0,5,5,0,0,0,0,0,0,5 small/tall portrait(s) as plain markdown → render tiny & left-flush (portrait-standard violation); position-correctness: not verifiable (WordPress source CDN offline)
https://www.beauticate.com/beauty-style/makeup/proenza-schouler-lancome-makeup-collection/,content/beauty-style/makeup/proenza-schouler-lancome-makeup-collection/proenza-schouler-lancome-makeup-collection.mdx,beauty-style,2018-08-20,True,correct,clean,4,0,0,0,0,4,0,0,0,0,4 landscape plain-md image(s) → fill body measure (acceptable); position-correctness: not verifiable (WordPress source CDN offline)
https://www.beauticate.com/beauty-style/makeup/q-how-can-i-keep-powders-ruining-my-flawless-foundation/,content/beauty-style/makeup/q-how-can-i-keep-powders-ruining-my-flawless-foundation/q-how-can-i-keep-powders-ruining-my-flawless-foundation.mdx,beauty-style,2017-10-23,True,broken,portrait-render,3,0,3,3,0,0,0,0,0,0,3 small/tall portrait(s) as plain markdown → render tiny & left-flush (portrait-standard violation); position-correctness: not verifiable (WordPress source CDN offline)
https://www.beauticate.com/beauty-style/makeup/quick-smoky-eye-with-kate-waterhouse/,content/beauty-style/makeup/quick-smoky-eye-with-kate-waterhouse/quick-smoky-eye-with-kate-waterhouse.mdx,beauty-style,2014-02-27,True,correct,clean,6,0,0,0,0,0,0,0,0,0,position-correctness: not verifiable (WordPress source CDN offline)
https://www.beauticate.com/beauty-style/makeup/reader-review-eyelash-curlers/,content/beauty-style/makeup/reader-review-eyelash-curlers/reader-review-eyelash-curlers.mdx,beauty-style,2016-05-24,True,broken,portrait-render,6,0,5,5,0,1,0,0,0,0,5 small/tall portrait(s) as plain markdown → render tiny & left-flush (portrait-standard violation); 1 landscape plain-md image(s) → fill body measure (acceptable); position-correctness: not verifiable (WordPress source CDN offline)
https://www.beauticate.com/beauty-style/makeup/reader-review-under-eye-concealers/,content/beauty-style/makeup/reader-review-under-eye-concealers/reader-review-under-eye-concealers.mdx,beauty-style,2016-01-02,True,broken,portrait-render,9,0,8,8,0,1,0,0,0,0,8 small/tall portrait(s) as plain markdown → render tiny & left-flush (portrait-standard violation); 1 landscape plain-md image(s) → fill body measure (acceptable); position-correctness: not verifiable (WordPress source CDN offline)
https://www.beauticate.com/beauty-style/makeup/reader-review-volumising-mascara/,content/beauty-style/makeup/reader-review-volumising-mascara/reader-review-volumising-mascara.mdx,beauty-style,2015-12-22,True,broken,portrait-render,8,0,7,7,0,1,0,0,0,0,7 small/tall portrait(s) as plain markdown → render tiny & left-flush (portrait-standard violation); 1 landscape plain-md image(s) → fill body measure (acceptable); position-correctness: not verifiable (WordPress source CDN offline)
https://www.beauticate.com/beauty-style/makeup/seven-of-the-best-waterproof-makeup-products/,content/beauty-style/makeup/seven-of-the-best-waterproof-makeup-products/seven-of-the-best-waterproof-makeup-products.mdx,beauty-style,2017-03-14,True,correct,clean,7,0,0,0,1,2,0,0,0,0,1 portrait(s) inside consecutive-image grid (cover-cropped gallery); 2 landscape plain-md image(s) → fill body measure (acceptable); position-correctness: not verifiable (WordPress source CDN offline)
https://www.beauticate.com/beauty-style/makeup/sigourney-road-tests-chanels-new-rouge-coco-gloss/,content/beauty-style/makeup/sigourney-road-tests-chanels-new-rouge-coco-gloss/sigourney-road-tests-chanels-new-rouge-coco-gloss.mdx,beauty-style,2017-03-15,True,correct,clean,2,0,0,0,0,1,0,0,0,0,1 landscape plain-md image(s) → fill body measure (acceptable); position-correctness: not verifiable (WordPress source CDN offline)
https://www.beauticate.com/beauty-style/makeup/six-products-that-actually-changed-your-life/,content/beauty-style/makeup/six-products-that-actually-changed-your-life/six-products-that-actually-changed-your-life.mdx,beauty-style,2017-08-02,True,broken,portrait-render,7,0,5,5,0,1,0,0,0,0,5 small/tall portrait(s) as plain markdown → render tiny & left-flush (portrait-standard violation); 1 landscape plain-md image(s) → fill body measure (acceptable); position-correctness: not verifiable (WordPress source CDN offline)
https://www.beauticate.com/beauty-style/makeup/spring-racing-season-lipstick-blush/,content/beauty-style/makeup/spring-racing-season-lipstick-blush/spring-racing-season-lipstick-blush.mdx,beauty-style,2018-10-24,True,correct,clean,1,0,0,0,0,1,0,0,0,0,1 landscape plain-md image(s) → fill body measure (acceptable); position-correctness: not verifiable (WordPress source CDN offline)
https://www.beauticate.com/beauty-style/makeup/super-easy-eye-liner/,content/beauty-style/makeup/super-easy-eye-liner/super-easy-eye-liner.mdx,beauty-style,2014-02-12,True,broken,portrait-render,3,0,3,3,0,0,0,0,0,0,3 small/tall portrait(s) as plain markdown → render tiny & left-flush (portrait-standard violation); position-correctness: not verifiable (WordPress source CDN offline)
https://www.beauticate.com/beauty-style/makeup/the-beauticate-teams-best-foundation-application-tips/,content/beauty-style/makeup/the-beauticate-teams-best-foundation-application-tips/the-beauticate-teams-best-foundation-application-tips.mdx,beauty-style,2016-06-01,True,broken,portrait-render,5,0,1,1,3,1,0,0,0,0,1 small/tall portrait(s) as plain markdown → render tiny & left-flush (portrait-standard violation); 3 portrait(s) inside consecutive-image grid (cover-cropped gallery); 1 landscape plain-md image(s) → fill body measure (acceptable); position-correctness: not verifiable (WordPress source CDN offline)
https://www.beauticate.com/beauty-style/makeup/the-best-brow-colour-reader-review/,content/beauty-style/makeup/the-best-brow-colour-reader-review/the-best-brow-colour-reader-review.mdx,beauty-style,2016-05-10,True,broken,portrait-render,9,0,3,3,0,2,0,0,0,0,3 small/tall portrait(s) as plain markdown → render tiny & left-flush (portrait-standard violation); 2 landscape plain-md image(s) → fill body measure (acceptable); position-correctness: not verifiable (WordPress source CDN offline)
https://www.beauticate.com/beauty-style/makeup/the-best-makeup-brush-cleaners-reader-review/,content/beauty-style/makeup/the-best-makeup-brush-cleaners-reader-review/the-best-makeup-brush-cleaners-reader-review.mdx,beauty-style,2017-04-05,True,broken,portrait-render,5,0,4,4,0,1,0,0,0,0,4 small/tall portrait(s) as plain markdown → render tiny & left-flush (portrait-standard violation); 1 landscape plain-md image(s) → fill body measure (acceptable); position-correctness: not verifiable (WordPress source CDN offline)
https://www.beauticate.com/beauty-style/makeup/the-best-strobing-products-reader-review-1/,content/beauty-style/makeup/the-best-strobing-products-reader-review-1/the-best-strobing-products-reader-review-1.mdx,beauty-style,2016-10-03,True,broken,portrait-render,8,0,6,6,0,1,0,0,0,0,6 small/tall portrait(s) as plain markdown → render tiny & left-flush (portrait-standard violation); 1 landscape plain-md image(s) → fill body measure (acceptable); position-correctness: not verifiable (WordPress source CDN offline)
https://www.beauticate.com/beauty-style/makeup/the-blush-lipstick-combinations-that-always-give-me-compliments/,content/beauty-style/makeup/the-blush-lipstick-combinations-that-always-give-me-compliments/the-blush-lipstick-combinations-that-always-give-me-compliments.mdx,beauty-style,2022-09-20,True,broken,portrait-render,9,0,9,9,0,0,0,0,0,0,9 small/tall portrait(s) as plain markdown → render tiny & left-flush (portrait-standard violation); position-correctness: not verifiable (WordPress source CDN offline)
https://www.beauticate.com/beauty-style/makeup/the-brow-trend-that-taught-me-self-love/,content/beauty-style/makeup/the-brow-trend-that-taught-me-self-love/the-brow-trend-that-taught-me-self-love.mdx,beauty-style,2021-05-03,True,broken,portrait-render,3,0,3,3,0,0,0,0,0,0,3 small/tall portrait(s) as plain markdown → render tiny & left-flush (portrait-standard violation); position-correctness: not verifiable (WordPress source CDN offline)
https://www.beauticate.com/beauty-style/makeup/the-eyelash-serums-that-actually-work/,content/beauty-style/makeup/the-eyelash-serums-that-actually-work/the-eyelash-serums-that-actually-work.mdx,beauty-style,2019-01-21,True,broken,portrait-render,4,0,3,3,0,1,0,0,0,0,3 small/tall portrait(s) as plain markdown → render tiny & left-flush (portrait-standard violation); 1 landscape plain-md image(s) → fill body measure (acceptable); position-correctness: not verifiable (WordPress source CDN offline)
https://www.beauticate.com/beauty-style/makeup/the-latest-care-tip-for-your-eyelashes/,content/beauty-style/makeup/the-latest-care-tip-for-your-eyelashes/the-latest-care-tip-for-your-eyelashes.mdx,beauty-style,2017-04-03,True,broken,portrait-render,3,0,3,3,0,0,0,0,0,0,3 small/tall portrait(s) as plain markdown → render tiny & left-flush (portrait-standard violation); position-correctness: not verifiable (WordPress source CDN offline)
https://www.beauticate.com/beauty-style/makeup/the-makeup-every-woman-should-own-sigourneys-edit/,content/beauty-style/makeup/the-makeup-every-woman-should-own-sigourneys-edit/the-makeup-every-woman-should-own-sigourneys-edit.mdx,beauty-style,2017-06-08,True,broken,portrait-render,34,0,33,33,0,1,0,0,0,0,33 small/tall portrait(s) as plain markdown → render tiny & left-flush (portrait-standard violation); 1 landscape plain-md image(s) → fill body measure (acceptable); position-correctness: not verifiable (WordPress source CDN offline)
https://www.beauticate.com/beauty-style/makeup/the-makeup-tools-for-people-with-disabilities/,content/beauty-style/makeup/the-makeup-tools-for-people-with-disabilities/the-makeup-tools-for-people-with-disabilities.mdx,beauty-style,2025-07-02,True,correct,clean,5,0,0,0,0,5,0,0,0,0,5 landscape plain-md image(s) → fill body measure (acceptable); position-correctness: not verifiable (WordPress source CDN offline)
https://www.beauticate.com/beauty-style/makeup/the-one-colour-your-makeup-bag-needs-right-now-sigourneys-edit/,content/beauty-style/makeup/the-one-colour-your-makeup-bag-needs-right-now-sigourneys-edit/the-one-colour-your-makeup-bag-needs-right-now-sigourneys-edit.mdx,beauty-style,2017-03-21,True,broken,portrait-render,16,0,11,11,1,3,0,0,0,0,11 small/tall portrait(s) as plain markdown → render tiny & left-flush (portrait-standard violation); 1 portrait(s) inside consecutive-image grid (cover-cropped gallery); 3 landscape plain-md image(s) → fill body measure (acceptable); position-correctness: not verifiable (WordPress source CDN offline)
https://www.beauticate.com/beauty-style/makeup/the-one-trick-that-will-give-you-a-perfect-selfie-every-time/,content/beauty-style/makeup/the-one-trick-that-will-give-you-a-perfect-selfie-every-time/the-one-trick-that-will-give-you-a-perfect-selfie-every-time.mdx,beauty-style,2017-04-19,True,correct,clean,1,0,0,0,0,1,0,0,0,0,1 landscape plain-md image(s) → fill body measure (acceptable); position-correctness: not verifiable (WordPress source CDN offline)
https://www.beauticate.com/beauty-style/makeup/the-powerful-reason-alicia-keys-wore-makeup-again/,content/beauty-style/makeup/the-powerful-reason-alicia-keys-wore-makeup-again/the-powerful-reason-alicia-keys-wore-makeup-again.mdx,beauty-style,2017-01-27,True,correct,clean,1,0,0,0,0,1,0,0,0,0,1 landscape plain-md image(s) → fill body measure (acceptable); position-correctness: not verifiable (WordPress source CDN offline)
https://www.beauticate.com/beauty-style/makeup/the-strangest-beauty-product-everyone-loves-right-now/,content/beauty-style/makeup/the-strangest-beauty-product-everyone-loves-right-now/the-strangest-beauty-product-everyone-loves-right-now.mdx,beauty-style,2016-12-06,True,correct,clean,1,0,0,0,0,1,0,0,0,0,1 landscape plain-md image(s) → fill body measure (acceptable); position-correctness: not verifiable (WordPress source CDN offline)
https://www.beauticate.com/beauty-style/makeup/the-ultimate-guide-to-fuller-lips-sans-needles/,content/beauty-style/makeup/the-ultimate-guide-to-fuller-lips-sans-needles/the-ultimate-guide-to-fuller-lips-sans-needles.mdx,beauty-style,2018-01-30,True,broken,portrait-render,7,0,1,1,5,1,0,0,0,0,1 small/tall portrait(s) as plain markdown → render tiny & left-flush (portrait-standard violation); 5 portrait(s) inside consecutive-image grid (cover-cropped gallery); 1 landscape plain-md image(s) → fill body measure (acceptable); position-correctness: not verifiable (WordPress source CDN offline)
https://www.beauticate.com/beauty-style/makeup/this-cutting-edge-brow-technique-is-one-step-up-on-microblading/,content/beauty-style/makeup/this-cutting-edge-brow-technique-is-one-step-up-on-microblading/this-cutting-edge-brow-technique-is-one-step-up-on-microblading.mdx,beauty-style,2020-10-07,True,broken,portrait-render,3,0,1,1,2,0,0,0,0,0,1 small/tall portrait(s) as plain markdown → render tiny & left-flush (portrait-standard violation); 2 portrait(s) inside consecutive-image grid (cover-cropped gallery); position-correctness: not verifiable (WordPress source CDN offline)
https://www.beauticate.com/beauty-style/makeup/this-is-literally-all-you-need-to-know-about-getting-a-lash-lift/,content/beauty-style/makeup/this-is-literally-all-you-need-to-know-about-getting-a-lash-lift/this-is-literally-all-you-need-to-know-about-getting-a-lash-lift.mdx,beauty-style,2021-04-06,True,broken,portrait-render,3,0,3,3,0,0,0,0,0,0,3 small/tall portrait(s) as plain markdown → render tiny & left-flush (portrait-standard violation); position-correctness: not verifiable (WordPress source CDN offline)
https://www.beauticate.com/beauty-style/makeup/this-is-my-winning-combo-for-airbrushed-undereyes/,content/beauty-style/makeup/this-is-my-winning-combo-for-airbrushed-undereyes/this-is-my-winning-combo-for-airbrushed-undereyes.mdx,beauty-style,2021-05-17,True,broken,portrait-render,5,0,2,2,3,0,0,0,0,0,2 small/tall portrait(s) as plain markdown → render tiny & left-flush (portrait-standard violation); 3 portrait(s) inside consecutive-image grid (cover-cropped gallery); position-correctness: not verifiable (WordPress source CDN offline)
https://www.beauticate.com/beauty-style/makeup/this-is-the-most-recommended-lipstick-by-our-who-celebrities/,content/beauty-style/makeup/this-is-the-most-recommended-lipstick-by-our-who-celebrities/this-is-the-most-recommended-lipstick-by-our-who-celebrities.mdx,beauty-style,2017-08-08,True,correct,clean,1,0,0,0,0,1,0,0,0,0,1 landscape plain-md image(s) → fill body measure (acceptable); position-correctness: not verifiable (WordPress source CDN offline)
https://www.beauticate.com/beauty-style/makeup/this-is-the-worlds-best-selling-mascara/,content/beauty-style/makeup/this-is-the-worlds-best-selling-mascara/this-is-the-worlds-best-selling-mascara.mdx,beauty-style,2017-01-18,True,broken,portrait-render,3,0,3,3,0,0,0,0,0,0,3 small/tall portrait(s) as plain markdown → render tiny & left-flush (portrait-standard violation); position-correctness: not verifiable (WordPress source CDN offline)
https://www.beauticate.com/beauty-style/makeup/three-things-your-makeup-bag-needs-now/,content/beauty-style/makeup/three-things-your-makeup-bag-needs-now/three-things-your-makeup-bag-needs-now.mdx,beauty-style,2015-04-29,True,broken,portrait-render,9,0,3,3,3,0,0,0,0,0,3 small/tall portrait(s) as plain markdown → render tiny & left-flush (portrait-standard violation); 3 portrait(s) inside consecutive-image grid (cover-cropped gallery); position-correctness: not verifiable (WordPress source CDN offline)
https://www.beauticate.com/beauty-style/makeup/timeless-beauty-the-effortless-no-makeup-makeup-look/,content/beauty-style/makeup/timeless-beauty-the-effortless-no-makeup-makeup-look/timeless-beauty-the-effortless-no-makeup-makeup-look.mdx,beauty-style,2025-03-27,True,broken,portrait-render,14,0,14,14,0,0,0,0,0,0,14 small/tall portrait(s) as plain markdown → render tiny & left-flush (portrait-standard violation); position-correctness: not verifiable (WordPress source CDN offline)
https://www.beauticate.com/beauty-style/makeup/trinny-woodall-shares-the-four-makeup-lessons-you-need-to-learn-asap/,content/beauty-style/makeup/trinny-woodall-shares-the-four-makeup-lessons-you-need-to-learn-asap/trinny-woodall-shares-the-four-makeup-lessons-you-need-to-learn-asap.mdx,beauty-style,2019-12-02,True,broken,portrait-render,2,0,2,2,0,0,0,0,0,0,2 small/tall portrait(s) as plain markdown → render tiny & left-flush (portrait-standard violation); position-correctness: not verifiable (WordPress source CDN offline)
https://www.beauticate.com/beauty-style/makeup/ultimate-guide-no-makeup-makeup/,content/beauty-style/makeup/ultimate-guide-no-makeup-makeup/ultimate-guide-no-makeup-makeup.mdx,beauty-style,2018-08-13,True,broken,portrait-render,7,0,2,2,4,1,0,0,0,0,2 small/tall portrait(s) as plain markdown → render tiny & left-flush (portrait-standard violation); 4 portrait(s) inside consecutive-image grid (cover-cropped gallery); 1 landscape plain-md image(s) → fill body measure (acceptable); position-correctness: not verifiable (WordPress source CDN offline)
https://www.beauticate.com/beauty-style/makeup/video-beauty-bites-a-fast-morning-face/,content/beauty-style/makeup/video-beauty-bites-a-fast-morning-face/video-beauty-bites-a-fast-morning-face.mdx,beauty-style,2017-10-04,True,broken,portrait-render,6,0,6,6,0,0,0,0,0,0,6 small/tall portrait(s) as plain markdown → render tiny & left-flush (portrait-standard violation); position-correctness: not verifiable (WordPress source CDN offline)
https://www.beauticate.com/beauty-style/makeup/video-beauty-bites-flawless-spring-makeup-look/,content/beauty-style/makeup/video-beauty-bites-flawless-spring-makeup-look/video-beauty-bites-flawless-spring-makeup-look.mdx,beauty-style,2017-10-18,True,broken,portrait-render,9,0,9,9,0,0,0,0,0,0,9 small/tall portrait(s) as plain markdown → render tiny & left-flush (portrait-standard violation); position-correctness: not verifiable (WordPress source CDN offline)
https://www.beauticate.com/beauty-style/makeup/video-how-to-do-a-natural-mineral-makeup-base-for-summer/,content/beauty-style/makeup/video-how-to-do-a-natural-mineral-makeup-base-for-summer/video-how-to-do-a-natural-mineral-makeup-base-for-summer.mdx,beauty-style,2015-12-07,True,correct,clean,0,0,0,0,0,0,0,0,0,0,position-correctness: not verifiable (WordPress source CDN offline)
https://www.beauticate.com/beauty-style/makeup/video-how-to-do-natural-makeup/,content/beauty-style/makeup/video-how-to-do-natural-makeup/video-how-to-do-natural-makeup.mdx,beauty-style,2016-04-27,True,broken,portrait-render,10,0,9,9,0,1,0,0,0,0,9 small/tall portrait(s) as plain markdown → render tiny & left-flush (portrait-standard violation); 1 landscape plain-md image(s) → fill body measure (acceptable); position-correctness: not verifiable (WordPress source CDN offline)
https://www.beauticate.com/beauty-style/makeup/video-how-to-fill-in-your-brows-with-kristin-fisher/,content/beauty-style/makeup/video-how-to-fill-in-your-brows-with-kristin-fisher/video-how-to-fill-in-your-brows-with-kristin-fisher.mdx,beauty-style,2017-08-14,True,correct,clean,0,0,0,0,0,0,0,0,0,0,position-correctness: not verifiable (WordPress source CDN offline)
https://www.beauticate.com/beauty-style/makeup/video-how-to-get-brows-like-bambi/,content/beauty-style/makeup/video-how-to-get-brows-like-bambi/video-how-to-get-brows-like-bambi.mdx,beauty-style,2017-11-06,True,correct,clean,3,0,0,0,3,0,0,0,0,0,3 portrait(s) inside consecutive-image grid (cover-cropped gallery); position-correctness: not verifiable (WordPress source CDN offline)
https://www.beauticate.com/beauty-style/makeup/video-how-to-make-your-eyeshadow-pop-with-max-may-and-jodi-anasta/,content/beauty-style/makeup/video-how-to-make-your-eyeshadow-pop-with-max-may-and-jodi-anasta/video-how-to-make-your-eyeshadow-pop-with-max-may-and-jodi-anasta.mdx,beauty-style,2017-10-10,True,broken,portrait-render,3,0,3,3,0,0,0,0,0,0,3 small/tall portrait(s) as plain markdown → render tiny & left-flush (portrait-standard violation); position-correctness: not verifiable (WordPress source CDN offline)
https://www.beauticate.com/beauty-style/makeup/video-inside-jessica-rowes-wacky-cat-themed-beauty-bag/,content/beauty-style/makeup/video-inside-jessica-rowes-wacky-cat-themed-beauty-bag/video-inside-jessica-rowes-wacky-cat-themed-beauty-bag.mdx,beauty-style,2019-08-13,True,broken,portrait-render,5,0,5,5,0,0,0,0,0,0,5 small/tall portrait(s) as plain markdown → render tiny & left-flush (portrait-standard violation); position-correctness: not verifiable (WordPress source CDN offline)
https://www.beauticate.com/beauty-style/makeup/video-jodi-anastas-amazing-lash-enhancing-trick/,content/beauty-style/makeup/video-jodi-anastas-amazing-lash-enhancing-trick/video-jodi-anastas-amazing-lash-enhancing-trick.mdx,beauty-style,2017-08-03,True,broken,portrait-render,2,0,2,2,0,0,0,0,0,0,2 small/tall portrait(s) as plain markdown → render tiny & left-flush (portrait-standard violation); position-correctness: not verifiable (WordPress source CDN offline)
https://www.beauticate.com/beauty-style/makeup/video-lash-extensions-we-break-it-down-for-you/,content/beauty-style/makeup/video-lash-extensions-we-break-it-down-for-you/video-lash-extensions-we-break-it-down-for-you.mdx,beauty-style,2019-03-06,True,correct,clean,3,0,0,0,3,0,0,0,0,0,3 portrait(s) inside consecutive-image grid (cover-cropped gallery); position-correctness: not verifiable (WordPress source CDN offline)
https://www.beauticate.com/beauty-style/makeup/video-michael-browns-three-tips-to-ace-your-base-with-jesinta-franklin/,content/beauty-style/makeup/video-michael-browns-three-tips-to-ace-your-base-with-jesinta-franklin/video-michael-browns-three-tips-to-ace-your-base-with-jesinta-franklin.mdx,beauty-style,2017-07-10,True,broken,portrait-render,4,0,4,4,0,0,0,0,0,0,4 small/tall portrait(s) as plain markdown → render tiny & left-flush (portrait-standard violation); position-correctness: not verifiable (WordPress source CDN offline)
https://www.beauticate.com/beauty-style/makeup/video-tash-seftons-sixty-second-eyeliner-trick/,content/beauty-style/makeup/video-tash-seftons-sixty-second-eyeliner-trick/video-tash-seftons-sixty-second-eyeliner-trick.mdx,beauty-style,2016-09-27,True,correct,clean,1,0,0,0,0,0,0,0,0,0,position-correctness: not verifiable (WordPress source CDN offline)
https://www.beauticate.com/beauty-style/makeup/video-the-one-product-you-shouldnt-be-without/,content/beauty-style/makeup/video-the-one-product-you-shouldnt-be-without/video-the-one-product-you-shouldnt-be-without.mdx,beauty-style,2017-02-15,True,broken,portrait-render,3,0,3,3,0,0,0,0,0,0,3 small/tall portrait(s) as plain markdown → render tiny & left-flush (portrait-standard violation); position-correctness: not verifiable (WordPress source CDN offline)
https://www.beauticate.com/beauty-style/makeup/video-three-tricks-for-busy-women-with-fashion-designer-rebecca-valance/,content/beauty-style/makeup/video-three-tricks-for-busy-women-with-fashion-designer-rebecca-valance/video-three-tricks-for-busy-women-with-fashion-designer-rebecca-valance.mdx,beauty-style,2017-09-20,True,broken,portrait-render,4,0,4,4,0,0,0,0,0,0,4 small/tall portrait(s) as plain markdown → render tiny & left-flush (portrait-standard violation); position-correctness: not verifiable (WordPress source CDN offline)
https://www.beauticate.com/beauty-style/makeup/we-raided-australias-top-models-handbags-heres-what-we-found/,content/beauty-style/makeup/we-raided-australias-top-models-handbags-heres-what-we-found/we-raided-australias-top-models-handbags-heres-what-we-found.mdx,beauty-style,2018-04-04,True,broken,portrait-render,21,0,20,20,0,1,0,0,0,0,20 small/tall portrait(s) as plain markdown → render tiny & left-flush (portrait-standard violation); 1 landscape plain-md image(s) → fill body measure (acceptable); position-correctness: not verifiable (WordPress source CDN offline)
https://www.beauticate.com/beauty-style/makeup/why-i-love-wine-sigourneys-edit/,content/beauty-style/makeup/why-i-love-wine-sigourneys-edit/why-i-love-wine-sigourneys-edit.mdx,beauty-style,2017-07-06,True,broken,portrait-render,4,0,1,1,2,1,0,0,0,0,1 small/tall portrait(s) as plain markdown → render tiny & left-flush (portrait-standard violation); 2 portrait(s) inside consecutive-image grid (cover-cropped gallery); 1 landscape plain-md image(s) → fill body measure (acceptable); position-correctness: not verifiable (WordPress source CDN offline)
https://www.beauticate.com/beauty-style/makeup/why-you-need-this-new-blush-in-your-makeup-bag/,content/beauty-style/makeup/why-you-need-this-new-blush-in-your-makeup-bag/why-you-need-this-new-blush-in-your-makeup-bag.mdx,beauty-style,2023-07-22,True,broken,portrait-render,10,0,9,9,0,1,0,0,0,0,9 small/tall portrait(s) as plain markdown → render tiny & left-flush (portrait-standard violation); 1 landscape plain-md image(s) → fill body measure (acceptable); position-correctness: not verifiable (WordPress source CDN offline)
https://www.beauticate.com/beauty-style/makeup/winters-fiercest-makeup-trends/,content/beauty-style/makeup/winters-fiercest-makeup-trends/winters-fiercest-makeup-trends.mdx,beauty-style,2016-04-18,True,broken,portrait-render,13,0,12,12,0,1,0,0,0,0,12 small/tall portrait(s) as plain markdown → render tiny & left-flush (portrait-standard violation); 1 landscape plain-md image(s) → fill body measure (acceptable); position-correctness: not verifiable (WordPress source CDN offline)
https://www.beauticate.com/beauty-style/makeup/you-can-now-create-your-very-own-lipstick-in-your-lunch-break/,content/beauty-style/makeup/you-can-now-create-your-very-own-lipstick-in-your-lunch-break/you-can-now-create-your-very-own-lipstick-in-your-lunch-break.mdx,beauty-style,2016-11-30,True,correct,clean,1,0,0,0,0,1,0,0,0,0,1 landscape plain-md image(s) → fill body measure (acceptable); position-correctness: not verifiable (WordPress source CDN offline)
https://www.beauticate.com/beauty-style/makeup/your-definitive-guide-to-great-brows/,content/beauty-style/makeup/your-definitive-guide-to-great-brows/your-definitive-guide-to-great-brows.mdx,beauty-style,2018-05-10,True,broken,portrait-render,12,0,6,6,5,1,0,0,0,0,6 small/tall portrait(s) as plain markdown → render tiny & left-flush (portrait-standard violation); 5 portrait(s) inside consecutive-image grid (cover-cropped gallery); 1 landscape plain-md image(s) → fill body measure (acceptable); position-correctness: not verifiable (WordPress source CDN offline)
https://www.beauticate.com/beauty-style/nails/8-must-try-nail-trends-for-the-new-season/,content/beauty-style/nails/8-must-try-nail-trends-for-the-new-season/8-must-try-nail-trends-for-the-new-season.mdx,beauty-style,2023-11-06,True,broken,portrait-render,26,0,13,13,12,0,0,0,0,0,13 small/tall portrait(s) as plain markdown → render tiny & left-flush (portrait-standard violation); 12 portrait(s) inside consecutive-image grid (cover-cropped gallery); position-correctness: not verifiable (WordPress source CDN offline)
https://www.beauticate.com/beauty-style/nails/are-at-home-gel-nail-kits-worth-the-investment/,content/beauty-style/nails/are-at-home-gel-nail-kits-worth-the-investment/are-at-home-gel-nail-kits-worth-the-investment.mdx,beauty-style,2019-09-18,True,broken,portrait-render,12,0,1,1,0,11,0,0,0,0,1 small/tall portrait(s) as plain markdown → render tiny & left-flush (portrait-standard violation); 11 landscape plain-md image(s) → fill body measure (acceptable); position-correctness: not verifiable (WordPress source CDN offline)
https://www.beauticate.com/beauty-style/nails/diy-nail-art-the-subtle-and-chic-manis-you-can-definitely-recreate-at-home/,content/beauty-style/nails/diy-nail-art-the-subtle-and-chic-manis-you-can-definitely-recreate-at-home/diy-nail-art-the-subtle-and-chic-manis-you-can-definitely-recreate-at-home.mdx,beauty-style,2020-05-18,True,broken,portrait-render,3,0,3,3,0,0,0,0,0,0,3 small/tall portrait(s) as plain markdown → render tiny & left-flush (portrait-standard violation); position-correctness: not verifiable (WordPress source CDN offline)
https://www.beauticate.com/beauty-style/nails/how-to-9-pro-tips-to-be-perennially-polished/,content/beauty-style/nails/how-to-9-pro-tips-to-be-perennially-polished/how-to-9-pro-tips-to-be-perennially-polished.mdx,beauty-style,2014-02-19,True,broken,portrait-render,9,0,2,2,4,1,0,0,0,0,2 small/tall portrait(s) as plain markdown → render tiny & left-flush (portrait-standard violation); 4 portrait(s) inside consecutive-image grid (cover-cropped gallery); 1 landscape plain-md image(s) → fill body measure (acceptable); position-correctness: not verifiable (WordPress source CDN offline)
https://www.beauticate.com/beauty-style/nails/how-to-give-yourself-a-vinylux-manicure/,content/beauty-style/nails/how-to-give-yourself-a-vinylux-manicure/how-to-give-yourself-a-vinylux-manicure.mdx,beauty-style,2014-04-03,True,correct,clean,7,0,0,0,0,7,0,0,0,0,7 landscape plain-md image(s) → fill body measure (acceptable); position-correctness: not verifiable (WordPress source CDN offline)
https://www.beauticate.com/beauty-style/nails/how-to-level-up-your-next-diy-mani-pedi/,content/beauty-style/nails/how-to-level-up-your-next-diy-mani-pedi/how-to-level-up-your-next-diy-mani-pedi.mdx,beauty-style,2022-11-30,True,broken,portrait-render,12,0,4,4,5,2,0,0,0,0,4 small/tall portrait(s) as plain markdown → render tiny & left-flush (portrait-standard violation); 5 portrait(s) inside consecutive-image grid (cover-cropped gallery); 2 landscape plain-md image(s) → fill body measure (acceptable); position-correctness: not verifiable (WordPress source CDN offline)
https://www.beauticate.com/beauty-style/nails/how-to-perfect-the-classic-manicure-2/,content/beauty-style/nails/how-to-perfect-the-classic-manicure-2/how-to-perfect-the-classic-manicure-2.mdx,beauty-style,2018-06-25,True,broken,portrait-render,8,0,3,3,1,3,0,0,0,0,3 small/tall portrait(s) as plain markdown → render tiny & left-flush (portrait-standard violation); 1 portrait(s) inside consecutive-image grid (cover-cropped gallery); 3 landscape plain-md image(s) → fill body measure (acceptable); position-correctness: not verifiable (WordPress source CDN offline)
https://www.beauticate.com/beauty-style/nails/is-nail-art-dead/,content/beauty-style/nails/is-nail-art-dead/is-nail-art-dead.mdx,beauty-style,2015-05-12,True,broken,portrait-render,6,0,1,1,3,2,0,0,0,0,1 small/tall portrait(s) as plain markdown → render tiny & left-flush (portrait-standard violation); 3 portrait(s) inside consecutive-image grid (cover-cropped gallery); 2 landscape plain-md image(s) → fill body measure (acceptable); position-correctness: not verifiable (WordPress source CDN offline)
https://www.beauticate.com/beauty-style/nails/it-bags-to-match-your-mani/,content/beauty-style/nails/it-bags-to-match-your-mani/it-bags-to-match-your-mani.mdx,beauty-style,2018-10-10,True,broken,portrait-render,12,0,1,1,10,1,0,0,0,0,1 small/tall portrait(s) as plain markdown → render tiny & left-flush (portrait-standard violation); 10 portrait(s) inside consecutive-image grid (cover-cropped gallery); 1 landscape plain-md image(s) → fill body measure (acceptable); position-correctness: not verifiable (WordPress source CDN offline)
https://www.beauticate.com/beauty-style/nails/j-hannah-nail-polish-review-the-cult-range-youll-want-to-try/,content/beauty-style/nails/j-hannah-nail-polish-review-the-cult-range-youll-want-to-try/j-hannah-nail-polish-review-the-cult-range-youll-want-to-try.mdx,beauty-style,2020-05-26,True,broken,portrait-render,4,0,1,1,3,0,0,0,0,0,1 small/tall portrait(s) as plain markdown → render tiny & left-flush (portrait-standard violation); 3 portrait(s) inside consecutive-image grid (cover-cropped gallery); position-correctness: not verifiable (WordPress source CDN offline)
https://www.beauticate.com/beauty-style/nails/not-gels-not-acrylicsnail-dipping/,content/beauty-style/nails/not-gels-not-acrylicsnail-dipping/not-gels-not-acrylicsnail-dipping.mdx,beauty-style,2017-04-04,True,correct,clean,1,0,0,0,0,1,0,0,0,0,1 landscape plain-md image(s) → fill body measure (acceptable); position-correctness: not verifiable (WordPress source CDN offline)
https://www.beauticate.com/beauty-style/nails/reader-review-bright-nail-polish/,content/beauty-style/nails/reader-review-bright-nail-polish/reader-review-bright-nail-polish.mdx,beauty-style,2016-02-29,True,broken,portrait-render,8,0,7,7,0,1,0,0,0,0,7 small/tall portrait(s) as plain markdown → render tiny & left-flush (portrait-standard violation); 1 landscape plain-md image(s) → fill body measure (acceptable); position-correctness: not verifiable (WordPress source CDN offline)
https://www.beauticate.com/beauty-style/nails/the-nail-trends-you-need-to-know-about-this-summer/,content/beauty-style/nails/the-nail-trends-you-need-to-know-about-this-summer/the-nail-trends-you-need-to-know-about-this-summer.mdx,beauty-style,2015-11-16,True,correct,clean,9,0,0,0,0,1,0,0,0,0,1 landscape plain-md image(s) → fill body measure (acceptable); position-correctness: not verifiable (WordPress source CDN offline)
https://www.beauticate.com/beauty-style/nails/the-springsummer-nail-trends-to-do-asap/,content/beauty-style/nails/the-springsummer-nail-trends-to-do-asap/the-springsummer-nail-trends-to-do-asap.mdx,beauty-style,2017-10-11,True,broken,portrait-render,7,0,1,1,5,1,0,0,0,0,1 small/tall portrait(s) as plain markdown → render tiny & left-flush (portrait-standard violation); 5 portrait(s) inside consecutive-image grid (cover-cropped gallery); 1 landscape plain-md image(s) → fill body measure (acceptable); position-correctness: not verifiable (WordPress source CDN offline)
https://www.beauticate.com/beauty-style/nails/these-nail-professionals-share-how-to-achieve-no-makeup-makeup-nails/,content/beauty-style/nails/these-nail-professionals-share-how-to-achieve-no-makeup-makeup-nails/these-nail-professionals-share-how-to-achieve-no-makeup-makeup-nails.mdx,beauty-style,2021-03-30,True,broken,portrait-render,3,0,3,3,0,0,0,0,0,0,3 small/tall portrait(s) as plain markdown → render tiny & left-flush (portrait-standard violation); position-correctness: not verifiable (WordPress source CDN offline)
https://www.beauticate.com/beauty-style/nails/video-how-to-do-a-gold-foil-pedicure/,content/beauty-style/nails/video-how-to-do-a-gold-foil-pedicure/video-how-to-do-a-gold-foil-pedicure.mdx,beauty-style,2016-04-13,True,correct,clean,6,0,0,0,0,0,0,0,0,0,position-correctness: not verifiable (WordPress source CDN offline)
https://www.beauticate.com/beauty-style/nails/what-are-the-best-nail-hardeners/,content/beauty-style/nails/what-are-the-best-nail-hardeners/what-are-the-best-nail-hardeners.mdx,beauty-style,2015-12-15,True,broken,portrait-render,7,0,6,6,0,1,0,0,0,0,6 small/tall portrait(s) as plain markdown → render tiny & left-flush (portrait-standard violation); 1 landscape plain-md image(s) → fill body measure (acceptable); position-correctness: not verifiable (WordPress source CDN offline)
https://www.beauticate.com/beauty-style/nails/you-can-now-get-blogger-approved-nails/,content/beauty-style/nails/you-can-now-get-blogger-approved-nails/you-can-now-get-blogger-approved-nails.mdx,beauty-style,2016-12-06,True,correct,clean,1,0,0,0,0,1,0,0,0,0,1 landscape plain-md image(s) → fill body measure (acceptable); position-correctness: not verifiable (WordPress source CDN offline)
https://www.beauticate.com/beauty-style/skin-care/12-great-new-foundations-and-concealers-with-real-skincare-benefits/,content/beauty-style/skin-care/12-great-new-foundations-and-concealers-with-real-skincare-benefits/12-great-new-foundations-and-concealers-with-real-skincare-benefits.mdx,beauty-style,2021-07-19,True,broken,portrait-render,11,0,1,1,9,0,0,0,0,0,1 small/tall portrait(s) as plain markdown → render tiny & left-flush (portrait-standard violation); 9 portrait(s) inside consecutive-image grid (cover-cropped gallery); position-correctness: not verifiable (WordPress source CDN offline)
https://www.beauticate.com/beauty-style/skin-care/3-underrated-amazon-finds-that-transformed-my-skin/,content/beauty-style/skin-care/3-underrated-amazon-finds-that-transformed-my-skin/3-underrated-amazon-finds-that-transformed-my-skin.mdx,beauty-style,2021-10-26,True,broken,portrait-render,2,0,2,2,0,0,0,0,0,0,2 small/tall portrait(s) as plain markdown → render tiny & left-flush (portrait-standard violation); position-correctness: not verifiable (WordPress source CDN offline)
https://www.beauticate.com/beauty-style/skin-care/4-skin-loving-easter-treats/,content/beauty-style/skin-care/4-skin-loving-easter-treats/4-skin-loving-easter-treats.mdx,beauty-style,2018-03-28,True,broken,portrait-render,5,0,4,4,0,1,0,0,0,0,4 small/tall portrait(s) as plain markdown → render tiny & left-flush (portrait-standard violation); 1 landscape plain-md image(s) → fill body measure (acceptable); position-correctness: not verifiable (WordPress source CDN offline)
https://www.beauticate.com/beauty-style/skin-care/5-eczema-facts-to-understand-and-manage-irritated-skin/,content/beauty-style/skin-care/5-eczema-facts-to-understand-and-manage-irritated-skin/5-eczema-facts-to-understand-and-manage-irritated-skin.mdx,beauty-style,2017-05-24,True,broken,portrait-render,3,0,2,2,0,1,0,0,0,0,2 small/tall portrait(s) as plain markdown → render tiny & left-flush (portrait-standard violation); 1 landscape plain-md image(s) → fill body measure (acceptable); position-correctness: not verifiable (WordPress source CDN offline)
https://www.beauticate.com/beauty-style/skin-care/5-of-the-best-hand-creams-review/,content/beauty-style/skin-care/5-of-the-best-hand-creams-review/5-of-the-best-hand-creams-review.mdx,beauty-style,2015-05-20,True,broken,portrait-render,6,0,5,5,0,1,0,0,0,0,5 small/tall portrait(s) as plain markdown → render tiny & left-flush (portrait-standard violation); 1 landscape plain-md image(s) → fill body measure (acceptable); position-correctness: not verifiable (WordPress source CDN offline)
https://www.beauticate.com/beauty-style/skin-care/5-of-the-best-products-from-around-the-globe/,content/beauty-style/skin-care/5-of-the-best-products-from-around-the-globe/5-of-the-best-products-from-around-the-globe.mdx,beauty-style,2017-07-12,True,broken,portrait-render,6,0,1,1,4,1,0,0,0,0,1 small/tall portrait(s) as plain markdown → render tiny & left-flush (portrait-standard violation); 4 portrait(s) inside consecutive-image grid (cover-cropped gallery); 1 landscape plain-md image(s) → fill body measure (acceptable); position-correctness: not verifiable (WordPress source CDN offline)
https://www.beauticate.com/beauty-style/skin-care/6-great-exfoliants-to-get-you-glowing-this-spring/,content/beauty-style/skin-care/6-great-exfoliants-to-get-you-glowing-this-spring/6-great-exfoliants-to-get-you-glowing-this-spring.mdx,beauty-style,2021-09-14,True,correct,clean,6,0,0,0,0,0,0,0,0,0,position-correctness: not verifiable (WordPress source CDN offline)
https://www.beauticate.com/beauty-style/skin-care/6-of-the-best-minimalist-beauty-brands/,content/beauty-style/skin-care/6-of-the-best-minimalist-beauty-brands/6-of-the-best-minimalist-beauty-brands.mdx,beauty-style,2017-06-20,True,correct,clean,1,0,0,0,0,1,0,0,0,0,1 landscape plain-md image(s) → fill body measure (acceptable); position-correctness: not verifiable (WordPress source CDN offline)
https://www.beauticate.com/beauty-style/skin-care/6-products-to-help-pollution-proof-your-beauty-routine/,content/beauty-style/skin-care/6-products-to-help-pollution-proof-your-beauty-routine/6-products-to-help-pollution-proof-your-beauty-routine.mdx,beauty-style,2020-01-20,True,broken,portrait-render,7,0,3,3,3,0,0,0,0,0,3 small/tall portrait(s) as plain markdown → render tiny & left-flush (portrait-standard violation); 3 portrait(s) inside consecutive-image grid (cover-cropped gallery); position-correctness: not verifiable (WordPress source CDN offline)
https://www.beauticate.com/beauty-style/skin-care/6-quick-ways-to-a-glow-up/,content/beauty-style/skin-care/6-quick-ways-to-a-glow-up/6-quick-ways-to-a-glow-up.mdx,beauty-style,2024-01-30,True,broken,portrait-render,10,0,9,9,0,1,0,0,0,0,9 small/tall portrait(s) as plain markdown → render tiny & left-flush (portrait-standard violation); 1 landscape plain-md image(s) → fill body measure (acceptable); position-correctness: not verifiable (WordPress source CDN offline)
https://www.beauticate.com/beauty-style/skin-care/6-surprising-things-that-could-be-giving-you-bad-skin/,content/beauty-style/skin-care/6-surprising-things-that-could-be-giving-you-bad-skin/6-surprising-things-that-could-be-giving-you-bad-skin.mdx,beauty-style,2016-03-08,True,correct,clean,1,0,0,0,0,1,0,0,0,0,1 landscape plain-md image(s) → fill body measure (acceptable); position-correctness: not verifiable (WordPress source CDN offline)
https://www.beauticate.com/beauty-style/skin-care/6-tanning-innovations-to-see-you-through-summer/,content/beauty-style/skin-care/6-tanning-innovations-to-see-you-through-summer/6-tanning-innovations-to-see-you-through-summer.mdx,beauty-style,2017-11-08,True,broken,portrait-render,7,0,6,6,0,1,0,0,0,0,6 small/tall portrait(s) as plain markdown → render tiny & left-flush (portrait-standard violation); 1 landscape plain-md image(s) → fill body measure (acceptable); position-correctness: not verifiable (WordPress source CDN offline)
https://www.beauticate.com/beauty-style/skin-care/8-pampering-products-to-add-to-cart-because-you-probably-need-a-treat-right-now/,content/beauty-style/skin-care/8-pampering-products-to-add-to-cart-because-you-probably-need-a-treat-right-now/8-pampering-products-to-add-to-cart-because-you-probably-need-a-treat-right-now.mdx,beauty-style,2021-08-30,True,correct,clean,8,0,0,0,1,0,0,0,0,0,1 portrait(s) inside consecutive-image grid (cover-cropped gallery); position-correctness: not verifiable (WordPress source CDN offline)
https://www.beauticate.com/beauty-style/skin-care/a-22-year-old-brand-founder-on-how-to-get-dumpling-skin/,content/beauty-style/skin-care/a-22-year-old-brand-founder-on-how-to-get-dumpling-skin/a-22-year-old-brand-founder-on-how-to-get-dumpling-skin.mdx,beauty-style,2021-10-11,True,broken,portrait-render,7,0,1,1,1,2,0,0,0,0,1 small/tall portrait(s) as plain markdown → render tiny & left-flush (portrait-standard violation); 1 portrait(s) inside consecutive-image grid (cover-cropped gallery); 2 landscape plain-md image(s) → fill body measure (acceptable); position-correctness: not verifiable (WordPress source CDN offline)
https://www.beauticate.com/beauty-style/skin-care/a-beauty-nine-australian-beauty-brands-to-get-on-your-radar/,content/beauty-style/skin-care/a-beauty-nine-australian-beauty-brands-to-get-on-your-radar/a-beauty-nine-australian-beauty-brands-to-get-on-your-radar.mdx,beauty-style,2019-09-24,True,broken,portrait-render,10,0,2,2,7,1,0,0,0,0,2 small/tall portrait(s) as plain markdown → render tiny & left-flush (portrait-standard violation); 7 portrait(s) inside consecutive-image grid (cover-cropped gallery); 1 landscape plain-md image(s) → fill body measure (acceptable); position-correctness: not verifiable (WordPress source CDN offline)
https://www.beauticate.com/beauty-style/skin-care/a-beginners-guide-to-acids/,content/beauty-style/skin-care/a-beginners-guide-to-acids/a-beginners-guide-to-acids.mdx,beauty-style,2018-02-28,True,broken,portrait-render,7,0,1,1,5,1,0,0,0,0,1 small/tall portrait(s) as plain markdown → render tiny & left-flush (portrait-standard violation); 5 portrait(s) inside consecutive-image grid (cover-cropped gallery); 1 landscape plain-md image(s) → fill body measure (acceptable); position-correctness: not verifiable (WordPress source CDN offline)
https://www.beauticate.com/beauty-style/skin-care/a-journey-into-natural-skincare-sigourneys-edit/,content/beauty-style/skin-care/a-journey-into-natural-skincare-sigourneys-edit/a-journey-into-natural-skincare-sigourneys-edit.mdx,beauty-style,2016-07-25,True,correct,clean,1,0,0,0,0,0,0,0,0,0,position-correctness: not verifiable (WordPress source CDN offline)
https://www.beauticate.com/beauty-style/skin-care/all-you-need-to-know-about-eyes/,content/beauty-style/skin-care/all-you-need-to-know-about-eyes/all-you-need-to-know-about-eyes.mdx,beauty-style,2019-08-22,True,broken,portrait-render,8,0,7,7,0,1,0,0,0,0,7 small/tall portrait(s) as plain markdown → render tiny & left-flush (portrait-standard violation); 1 landscape plain-md image(s) → fill body measure (acceptable); position-correctness: not verifiable (WordPress source CDN offline)
https://www.beauticate.com/beauty-style/skin-care/are-you-working-out-your-face-try-foga-for-a-natural-facelift-say-scientists/,content/beauty-style/skin-care/are-you-working-out-your-face-try-foga-for-a-natural-facelift-say-scientists/are-you-working-out-your-face-try-foga-for-a-natural-facelift-say-scientists.mdx,beauty-style,2018-02-21,True,broken,portrait-render,3,0,2,2,0,1,0,0,0,0,2 small/tall portrait(s) as plain markdown → render tiny & left-flush (portrait-standard violation); 1 landscape plain-md image(s) → fill body measure (acceptable); position-correctness: not verifiable (WordPress source CDN offline)
https://www.beauticate.com/beauty-style/skin-care/bathing-a-love-affair/,content/beauty-style/skin-care/bathing-a-love-affair/bathing-a-love-affair.mdx,beauty-style,2024-05-16,True,broken,portrait-render,8,0,2,2,6,0,0,0,0,0,2 small/tall portrait(s) as plain markdown → render tiny & left-flush (portrait-standard violation); 6 portrait(s) inside consecutive-image grid (cover-cropped gallery); position-correctness: not verifiable (WordPress source CDN offline)
https://www.beauticate.com/beauty-style/skin-care/beauticate-dermalogica-pro-power-peel/,content/beauty-style/skin-care/beauticate-dermalogica-pro-power-peel/beauticate-dermalogica-pro-power-peel.mdx,beauty-style,2018-09-24,True,broken,portrait-render,9,0,8,8,0,1,0,0,0,0,8 small/tall portrait(s) as plain markdown → render tiny & left-flush (portrait-standard violation); 1 landscape plain-md image(s) → fill body measure (acceptable); position-correctness: not verifiable (WordPress source CDN offline)
https://www.beauticate.com/beauty-style/skin-care/beauty-advent-calendars/,content/beauty-style/skin-care/beauty-advent-calendars/beauty-advent-calendars.mdx,beauty-style,2018-11-07,True,correct,clean,11,0,0,0,1,3,0,0,0,0,1 portrait(s) inside consecutive-image grid (cover-cropped gallery); 3 landscape plain-md image(s) → fill body measure (acceptable); position-correctness: not verifiable (WordPress source CDN offline)
https://www.beauticate.com/beauty-style/skin-care/beauty-bites-sophisticated-and-sculpted-summer-skin/,content/beauty-style/skin-care/beauty-bites-sophisticated-and-sculpted-summer-skin/beauty-bites-sophisticated-and-sculpted-summer-skin.mdx,beauty-style,2018-03-06,True,broken,portrait-render,5,0,5,5,0,0,0,0,0,0,5 small/tall portrait(s) as plain markdown → render tiny & left-flush (portrait-standard violation); position-correctness: not verifiable (WordPress source CDN offline)
https://www.beauticate.com/beauty-style/skin-care/beauty-boost-treatment-we-chat-this-cult-favourite-facial/,content/beauty-style/skin-care/beauty-boost-treatment-we-chat-this-cult-favourite-facial/beauty-boost-treatment-we-chat-this-cult-favourite-facial.mdx,beauty-style,2021-03-24,True,broken,portrait-render,1,0,1,1,0,0,0,0,0,0,1 small/tall portrait(s) as plain markdown → render tiny & left-flush (portrait-standard violation); position-correctness: not verifiable (WordPress source CDN offline)
https://www.beauticate.com/beauty-style/skin-care/beauty-enhanced-introducing-a-game-changing-collagen-mask-innovation/,content/beauty-style/skin-care/beauty-enhanced-introducing-a-game-changing-collagen-mask-innovation/beauty-enhanced-introducing-a-game-changing-collagen-mask-innovation.mdx,beauty-style,2023-09-11,True,broken,portrait-render,10,0,5,5,0,5,0,0,0,0,5 small/tall portrait(s) as plain markdown → render tiny & left-flush (portrait-standard violation); 5 landscape plain-md image(s) → fill body measure (acceptable); position-correctness: not verifiable (WordPress source CDN offline)
https://www.beauticate.com/beauty-style/skin-care/beauty-on-trial-we-put-a-new-hyaluronic-range-promising-glowing-hydrated-skin-to-the-test/,content/beauty-style/skin-care/beauty-on-trial-we-put-a-new-hyaluronic-range-promising-glowing-hydrated-skin-to-the-test/beauty-on-trial-we-put-a-new-hyaluronic-range-promising-glowing-hydrated-skin-to-the-test.mdx,beauty-style,2021-06-23,True,broken,portrait-render,9,0,3,3,3,0,0,0,0,0,3 small/tall portrait(s) as plain markdown → render tiny & left-flush (portrait-standard violation); 3 portrait(s) inside consecutive-image grid (cover-cropped gallery); position-correctness: not verifiable (WordPress source CDN offline)
https://www.beauticate.com/beauty-style/skin-care/beauty-sleep-best-new-summer-products-at-the-qt-gold-coast/,content/beauty-style/skin-care/beauty-sleep-best-new-summer-products-at-the-qt-gold-coast/beauty-sleep-best-new-summer-products-at-the-qt-gold-coast.mdx,beauty-style,2018-01-24,True,broken,portrait-render,5,0,1,1,4,0,0,0,0,0,1 small/tall portrait(s) as plain markdown → render tiny & left-flush (portrait-standard violation); 4 portrait(s) inside consecutive-image grid (cover-cropped gallery); position-correctness: not verifiable (WordPress source CDN offline)
https://www.beauticate.com/beauty-style/skin-care/beauty-sleep-the-best-new-body-and-bath-products-for-date-night/,content/beauty-style/skin-care/beauty-sleep-the-best-new-body-and-bath-products-for-date-night/beauty-sleep-the-best-new-body-and-bath-products-for-date-night.mdx,beauty-style,2018-02-07,True,broken,portrait-render,15,0,15,15,0,0,0,0,0,0,15 small/tall portrait(s) as plain markdown → render tiny & left-flush (portrait-standard violation); position-correctness: not verifiable (WordPress source CDN offline)
https://www.beauticate.com/beauty-style/skin-care/best-korean-beauty-products-2025/,content/beauty-style/skin-care/best-korean-beauty-products-2025/best-korean-beauty-products-2025.mdx,beauty-style,2025-03-26,True,correct,clean,0,0,0,0,0,0,0,0,0,0,position-correctness: not verifiable (WordPress source CDN offline)
https://www.beauticate.com/beauty-style/skin-care/best-lip-balm/,content/beauty-style/skin-care/best-lip-balm/best-lip-balm.mdx,beauty-style,2015-05-27,True,correct,clean,3,0,0,0,0,0,0,0,0,0,position-correctness: not verifiable (WordPress source CDN offline)
https://www.beauticate.com/beauty-style/skin-care/best-new-products-autumn-edit/,content/beauty-style/skin-care/best-new-products-autumn-edit/best-new-products-autumn-edit.mdx,beauty-style,2016-03-22,True,broken,portrait-render,9,0,5,5,0,0,0,0,0,0,5 small/tall portrait(s) as plain markdown → render tiny & left-flush (portrait-standard violation); position-correctness: not verifiable (WordPress source CDN offline)
https://www.beauticate.com/beauty-style/skin-care/best-party-picks-black-friday-sales/,content/beauty-style/skin-care/best-party-picks-black-friday-sales/best-party-picks-black-friday-sales.mdx,beauty-style,2018-11-23,True,broken,portrait-render,22,0,21,21,0,1,0,0,0,0,21 small/tall portrait(s) as plain markdown → render tiny & left-flush (portrait-standard violation); 1 landscape plain-md image(s) → fill body measure (acceptable); position-correctness: not verifiable (WordPress source CDN offline)
https://www.beauticate.com/beauty-style/skin-care/best-vitamin-c-serums-australia/,content/beauty-style/skin-care/best-vitamin-c-serums-australia/best-vitamin-c-serums-australia.mdx,beauty-style,2024-03-15,True,correct,clean,0,0,0,0,0,0,0,0,0,0,position-correctness: not verifiable (WordPress source CDN offline)
https://www.beauticate.com/beauty-style/skin-care/byredo-hand-cream-review-is-it-worth-it/,content/beauty-style/skin-care/byredo-hand-cream-review-is-it-worth-it/byredo-hand-cream-review-is-it-worth-it.mdx,beauty-style,2019-11-19,True,broken,portrait-render,2,0,1,1,0,1,0,0,0,0,1 small/tall portrait(s) as plain markdown → render tiny & left-flush (portrait-standard violation); 1 landscape plain-md image(s) → fill body measure (acceptable); position-correctness: not verifiable (WordPress source CDN offline)
https://www.beauticate.com/beauty-style/skin-care/can-sleeping-on-a-silk-pillowcase-prevent-wrinkles/,content/beauty-style/skin-care/can-sleeping-on-a-silk-pillowcase-prevent-wrinkles/can-sleeping-on-a-silk-pillowcase-prevent-wrinkles.mdx,beauty-style,2018-08-07,True,correct,clean,4,0,0,0,0,1,0,0,0,0,1 landscape plain-md image(s) → fill body measure (acceptable); position-correctness: not verifiable (WordPress source CDN offline)
https://www.beauticate.com/beauty-style/skin-care/cellulite-products-that-work/,content/beauty-style/skin-care/cellulite-products-that-work/cellulite-products-that-work.mdx,beauty-style,2018-08-08,True,correct,clean,5,0,0,0,4,1,0,0,0,0,4 portrait(s) inside consecutive-image grid (cover-cropped gallery); 1 landscape plain-md image(s) → fill body measure (acceptable); position-correctness: not verifiable (WordPress source CDN offline)
https://www.beauticate.com/beauty-style/skin-care/chanel-schooled-us-on-pilates-and-wellness/,content/beauty-style/skin-care/chanel-schooled-us-on-pilates-and-wellness/chanel-schooled-us-on-pilates-and-wellness.mdx,beauty-style,2019-09-17,True,broken,portrait-render,12,0,3,3,2,5,0,0,0,0,3 small/tall portrait(s) as plain markdown → render tiny & left-flush (portrait-standard violation); 2 portrait(s) inside consecutive-image grid (cover-cropped gallery); 5 landscape plain-md image(s) → fill body measure (acceptable); position-correctness: not verifiable (WordPress source CDN offline)
https://www.beauticate.com/beauty-style/skin-care/chanel-wants-you-to-live-longer-with-their-latest-superstar-serum/,content/beauty-style/skin-care/chanel-wants-you-to-live-longer-with-their-latest-superstar-serum/chanel-wants-you-to-live-longer-with-their-latest-superstar-serum.mdx,beauty-style,2017-01-10,True,broken,portrait-render,4,0,3,3,0,1,0,0,0,0,3 small/tall portrait(s) as plain markdown → render tiny & left-flush (portrait-standard violation); 1 landscape plain-md image(s) → fill body measure (acceptable); position-correctness: not verifiable (WordPress source CDN offline)
https://www.beauticate.com/beauty-style/skin-care/chemical-peels-do-you-need-one/,content/beauty-style/skin-care/chemical-peels-do-you-need-one/chemical-peels-do-you-need-one.mdx,beauty-style,2020-03-03,True,broken,portrait-render,2,0,1,1,0,1,0,0,0,0,1 small/tall portrait(s) as plain markdown → render tiny & left-flush (portrait-standard violation); 1 landscape plain-md image(s) → fill body measure (acceptable); position-correctness: not verifiable (WordPress source CDN offline)
https://www.beauticate.com/beauty-style/skin-care/chic-sunscreens-hats/,content/beauty-style/skin-care/chic-sunscreens-hats/chic-sunscreens-hats.mdx,beauty-style,2026-03-16,True,broken,portrait-render,8,1,3,3,0,5,0,0,0,0,3 small/tall portrait(s) as plain markdown → render tiny & left-flush (portrait-standard violation); 5 landscape plain-md image(s) → fill body measure (acceptable); 1 image(s) already in portrait-aware component(s); position-correctness: not verifiable (WordPress source CDN offline)
https://www.beauticate.com/beauty-style/skin-care/christmas-led-skincare-gift/,content/beauty-style/skin-care/christmas-led-skincare-gift/christmas-led-skincare-gift.mdx,beauty-style,2025-12-16,True,correct,clean,9,0,0,0,0,2,0,0,0,0,2 landscape plain-md image(s) → fill body measure (acceptable); position-correctness: not verifiable (WordPress source CDN offline)
https://www.beauticate.com/beauty-style/skin-care/cleopatras-beauty-secret-the-benefits-of-pearl-powder-for-skin/,content/beauty-style/skin-care/cleopatras-beauty-secret-the-benefits-of-pearl-powder-for-skin/cleopatras-beauty-secret-the-benefits-of-pearl-powder-for-skin.mdx,beauty-style,2021-05-24,True,broken,portrait-render,2,0,1,1,0,1,0,0,0,0,1 small/tall portrait(s) as plain markdown → render tiny & left-flush (portrait-standard violation); 1 landscape plain-md image(s) → fill body measure (acceptable); position-correctness: not verifiable (WordPress source CDN offline)
https://www.beauticate.com/beauty-style/skin-care/dermalogica-bio-peel-review/,content/beauty-style/skin-care/dermalogica-bio-peel-review/dermalogica-bio-peel-review.mdx,beauty-style,2015-04-08,True,broken,portrait-render,3,0,2,2,0,1,0,0,0,0,2 small/tall portrait(s) as plain markdown → render tiny & left-flush (portrait-standard violation); 1 landscape plain-md image(s) → fill body measure (acceptable); position-correctness: not verifiable (WordPress source CDN offline)
https://www.beauticate.com/beauty-style/skin-care/difference-between-hydrating-moisturising-products/,content/beauty-style/skin-care/difference-between-hydrating-moisturising-products/difference-between-hydrating-moisturising-products.mdx,beauty-style,2019-01-28,True,broken,portrait-render,4,0,2,2,0,2,0,0,0,0,2 small/tall portrait(s) as plain markdown → render tiny & left-flush (portrait-standard violation); 2 landscape plain-md image(s) → fill body measure (acceptable); position-correctness: not verifiable (WordPress source CDN offline)
https://www.beauticate.com/beauty-style/skin-care/do-hydration-boosting-capsules-work-we-tried-them-for-30-days/,content/beauty-style/skin-care/do-hydration-boosting-capsules-work-we-tried-them-for-30-days/do-hydration-boosting-capsules-work-we-tried-them-for-30-days.mdx,beauty-style,2020-09-16,True,broken,portrait-render,4,0,4,4,0,0,0,0,0,0,4 small/tall portrait(s) as plain markdown → render tiny & left-flush (portrait-standard violation); position-correctness: not verifiable (WordPress source CDN offline)
https://www.beauticate.com/beauty-style/skin-care/do-overnight-wrinkle-patches-really-work/,content/beauty-style/skin-care/do-overnight-wrinkle-patches-really-work/do-overnight-wrinkle-patches-really-work.mdx,beauty-style,2024-10-03,True,broken,portrait-render,5,0,4,4,0,1,0,0,0,0,4 small/tall portrait(s) as plain markdown → render tiny & left-flush (portrait-standard violation); 1 landscape plain-md image(s) → fill body measure (acceptable); position-correctness: not verifiable (WordPress source CDN offline)
https://www.beauticate.com/beauty-style/skin-care/does-vitamin-a-do-all-that-it-claims-readers-weigh-in/,content/beauty-style/skin-care/does-vitamin-a-do-all-that-it-claims-readers-weigh-in/does-vitamin-a-do-all-that-it-claims-readers-weigh-in.mdx,beauty-style,2017-09-05,True,correct,clean,1,0,0,0,0,1,0,0,0,0,1 landscape plain-md image(s) → fill body measure (acceptable); position-correctness: not verifiable (WordPress source CDN offline)
https://www.beauticate.com/beauty-style/skin-care/dr-dennis-gross-on-why-you-have-to-exfoliate-and-how-to-do-it-properly/,content/beauty-style/skin-care/dr-dennis-gross-on-why-you-have-to-exfoliate-and-how-to-do-it-properly/dr-dennis-gross-on-why-you-have-to-exfoliate-and-how-to-do-it-properly.mdx,beauty-style,2021-04-05,True,broken,portrait-render,5,0,1,1,0,0,0,0,0,0,1 small/tall portrait(s) as plain markdown → render tiny & left-flush (portrait-standard violation); position-correctness: not verifiable (WordPress source CDN offline)
https://www.beauticate.com/beauty-style/skin-care/dry-thirsty-skin-try-these-8-derm-approved-hydration-hacks/,content/beauty-style/skin-care/dry-thirsty-skin-try-these-8-derm-approved-hydration-hacks/dry-thirsty-skin-try-these-8-derm-approved-hydration-hacks.mdx,beauty-style,2020-06-23,True,broken,portrait-render,10,0,7,7,1,0,0,0,0,0,7 small/tall portrait(s) as plain markdown → render tiny & left-flush (portrait-standard violation); 1 portrait(s) inside consecutive-image grid (cover-cropped gallery); position-correctness: not verifiable (WordPress source CDN offline)
https://www.beauticate.com/beauty-style/skin-care/eczema-how-i-deal-with-it-sigourneys-edit-2/,content/beauty-style/skin-care/eczema-how-i-deal-with-it-sigourneys-edit-2/eczema-how-i-deal-with-it-sigourneys-edit-2.mdx,beauty-style,2018-05-15,True,broken,portrait-render,18,0,8,8,5,1,0,0,0,0,8 small/tall portrait(s) as plain markdown → render tiny & left-flush (portrait-standard violation); 5 portrait(s) inside consecutive-image grid (cover-cropped gallery); 1 landscape plain-md image(s) → fill body measure (acceptable); position-correctness: not verifiable (WordPress source CDN offline)
https://www.beauticate.com/beauty-style/skin-care/face-mask-your-way-to-great-skin-with-these-beauties/,content/beauty-style/skin-care/face-mask-your-way-to-great-skin-with-these-beauties/face-mask-your-way-to-great-skin-with-these-beauties.mdx,beauty-style,2019-09-09,True,broken,portrait-render,3,0,3,3,0,0,0,0,0,0,3 small/tall portrait(s) as plain markdown → render tiny & left-flush (portrait-standard violation); position-correctness: not verifiable (WordPress source CDN offline)
https://www.beauticate.com/beauty-style/skin-care/facial-exercises-for-bright-eyes-smaller-nose-slim-face/,content/beauty-style/skin-care/facial-exercises-for-bright-eyes-smaller-nose-slim-face/facial-exercises-for-bright-eyes-smaller-nose-slim-face.mdx,beauty-style,2024-02-23,True,broken,portrait-render,20,0,4,4,0,16,0,0,0,0,4 small/tall portrait(s) as plain markdown → render tiny & left-flush (portrait-standard violation); 16 landscape plain-md image(s) → fill body measure (acceptable); position-correctness: not verifiable (WordPress source CDN offline)
https://www.beauticate.com/beauty-style/skin-care/facialist-skin-tips/,content/beauty-style/skin-care/facialist-skin-tips/facialist-skin-tips.mdx,beauty-style,2019-02-25,True,broken,portrait-render,10,0,8,8,0,2,0,0,0,0,8 small/tall portrait(s) as plain markdown → render tiny & left-flush (portrait-standard violation); 2 landscape plain-md image(s) → fill body measure (acceptable); position-correctness: not verifiable (WordPress source CDN offline)
https://www.beauticate.com/beauty-style/skin-care/filorga-the-cult-french-pharmacy-brand-making-waves/,content/beauty-style/skin-care/filorga-the-cult-french-pharmacy-brand-making-waves/filorga-the-cult-french-pharmacy-brand-making-waves.mdx,beauty-style,2021-05-03,True,correct,clean,6,0,0,0,0,6,0,0,0,0,6 landscape plain-md image(s) → fill body measure (acceptable); position-correctness: not verifiable (WordPress source CDN offline)
https://www.beauticate.com/beauty-style/skin-care/five-things-you-should-never-do-after-a-facial-2/,content/beauty-style/skin-care/five-things-you-should-never-do-after-a-facial-2/five-things-you-should-never-do-after-a-facial-2.mdx,beauty-style,2018-07-09,True,correct,clean,5,0,0,0,0,1,0,0,0,0,1 landscape plain-md image(s) → fill body measure (acceptable); position-correctness: not verifiable (WordPress source CDN offline)
https://www.beauticate.com/beauty-style/skin-care/fix-freckles-pimples-and-wrinkles-with-a-trip-to-the-gym/,content/beauty-style/skin-care/fix-freckles-pimples-and-wrinkles-with-a-trip-to-the-gym/fix-freckles-pimples-and-wrinkles-with-a-trip-to-the-gym.mdx,beauty-style,2015-06-06,True,correct,clean,1,0,0,0,0,1,0,0,0,0,1 landscape plain-md image(s) → fill body measure (acceptable); position-correctness: not verifiable (WordPress source CDN offline)
https://www.beauticate.com/beauty-style/skin-care/french-vs-korean-skincare/,content/beauty-style/skin-care/french-vs-korean-skincare/french-vs-korean-skincare.mdx,beauty-style,2018-05-07,True,broken,portrait-render,8,0,7,7,0,1,0,0,0,0,7 small/tall portrait(s) as plain markdown → render tiny & left-flush (portrait-standard violation); 1 landscape plain-md image(s) → fill body measure (acceptable); position-correctness: not verifiable (WordPress source CDN offline)
https://www.beauticate.com/beauty-style/skin-care/get-glowing-skin-with-these-5-diy-treatments/,content/beauty-style/skin-care/get-glowing-skin-with-these-5-diy-treatments/get-glowing-skin-with-these-5-diy-treatments.mdx,beauty-style,2019-10-23,True,broken,portrait-render,6,0,5,5,0,1,0,0,0,0,5 small/tall portrait(s) as plain markdown → render tiny & left-flush (portrait-standard violation); 1 landscape plain-md image(s) → fill body measure (acceptable); position-correctness: not verifiable (WordPress source CDN offline)
https://www.beauticate.com/beauty-style/skin-care/get-your-skin-perfectly-prepped-for-summer-with-these-beauties/,content/beauty-style/skin-care/get-your-skin-perfectly-prepped-for-summer-with-these-beauties/get-your-skin-perfectly-prepped-for-summer-with-these-beauties.mdx,beauty-style,2020-11-23,True,broken,portrait-render,14,0,14,14,0,0,0,0,0,0,14 small/tall portrait(s) as plain markdown → render tiny & left-flush (portrait-standard violation); position-correctness: not verifiable (WordPress source CDN offline)
https://www.beauticate.com/beauty-style/skin-care/get-your-skin-ready-for-the-party-season/,content/beauty-style/skin-care/get-your-skin-ready-for-the-party-season/get-your-skin-ready-for-the-party-season.mdx,beauty-style,2016-11-14,True,correct,clean,1,0,0,0,0,1,0,0,0,0,1 landscape plain-md image(s) → fill body measure (acceptable); position-correctness: not verifiable (WordPress source CDN offline)
https://www.beauticate.com/beauty-style/skin-care/glow-giving-shiatsu-massage/,content/beauty-style/skin-care/glow-giving-shiatsu-massage/glow-giving-shiatsu-massage.mdx,beauty-style,2013-12-02,True,correct,clean,5,0,0,0,0,5,0,0,0,0,5 landscape plain-md image(s) → fill body measure (acceptable); position-correctness: not verifiable (WordPress source CDN offline)
https://www.beauticate.com/beauty-style/skin-care/going-outside-dont-without-applying-this/,content/beauty-style/skin-care/going-outside-dont-without-applying-this/going-outside-dont-without-applying-this.mdx,beauty-style,2017-09-20,True,broken,portrait-render,7,0,2,2,4,1,0,0,0,0,2 small/tall portrait(s) as plain markdown → render tiny & left-flush (portrait-standard violation); 4 portrait(s) inside consecutive-image grid (cover-cropped gallery); 1 landscape plain-md image(s) → fill body measure (acceptable); position-correctness: not verifiable (WordPress source CDN offline)
https://www.beauticate.com/beauty-style/skin-care/heres-how-to-make-the-most-of-your-beauty-fridge/,content/beauty-style/skin-care/heres-how-to-make-the-most-of-your-beauty-fridge/heres-how-to-make-the-most-of-your-beauty-fridge.mdx,beauty-style,2020-01-28,True,broken,portrait-render,3,0,1,1,2,0,0,0,0,0,1 small/tall portrait(s) as plain markdown → render tiny & left-flush (portrait-standard violation); 2 portrait(s) inside consecutive-image grid (cover-cropped gallery); position-correctness: not verifiable (WordPress source CDN offline)
https://www.beauticate.com/beauty-style/skin-care/honest-review-best-eye-cream-for-puffiness-under-eye-darkness-hydration/,content/beauty-style/skin-care/honest-review-best-eye-cream-for-puffiness-under-eye-darkness-hydration/honest-review-best-eye-cream-for-puffiness-under-eye-darkness-hydration.mdx,beauty-style,2022-06-02,True,broken,portrait-render,3,0,3,3,0,0,0,0,0,0,3 small/tall portrait(s) as plain markdown → render tiny & left-flush (portrait-standard violation); position-correctness: not verifiable (WordPress source CDN offline)
https://www.beauticate.com/beauty-style/skin-care/how-a-beauty-writer-manages-her-rosacea/,content/beauty-style/skin-care/how-a-beauty-writer-manages-her-rosacea/how-a-beauty-writer-manages-her-rosacea.mdx,beauty-style,2022-05-17,True,broken,portrait-render,12,0,12,12,0,0,0,0,0,0,12 small/tall portrait(s) as plain markdown → render tiny & left-flush (portrait-standard violation); position-correctness: not verifiable (WordPress source CDN offline)
https://www.beauticate.com/beauty-style/skin-care/how-an-australian-skincare-brand-is-giving-hollywood-its-glow/,content/beauty-style/skin-care/how-an-australian-skincare-brand-is-giving-hollywood-its-glow/how-an-australian-skincare-brand-is-giving-hollywood-its-glow.mdx,beauty-style,2023-04-18,True,broken,portrait-render,8,0,1,1,0,1,0,0,0,0,1 small/tall portrait(s) as plain markdown → render tiny & left-flush (portrait-standard violation); 1 landscape plain-md image(s) → fill body measure (acceptable); position-correctness: not verifiable (WordPress source CDN offline)
https://www.beauticate.com/beauty-style/skin-care/how-i-found-my-zen-with-yoga-inspired-skincare/,content/beauty-style/skin-care/how-i-found-my-zen-with-yoga-inspired-skincare/how-i-found-my-zen-with-yoga-inspired-skincare.mdx,beauty-style,2023-05-04,True,broken,portrait-render,11,0,9,9,0,2,0,0,0,0,9 small/tall portrait(s) as plain markdown → render tiny & left-flush (portrait-standard violation); 2 landscape plain-md image(s) → fill body measure (acceptable); position-correctness: not verifiable (WordPress source CDN offline)
https://www.beauticate.com/beauty-style/skin-care/how-i-improve-the-appearance-of-cellulite-at-home/,content/beauty-style/skin-care/how-i-improve-the-appearance-of-cellulite-at-home/how-i-improve-the-appearance-of-cellulite-at-home.mdx,beauty-style,2022-02-01,True,broken,portrait-render,6,0,6,6,0,0,0,0,0,0,6 small/tall portrait(s) as plain markdown → render tiny & left-flush (portrait-standard violation); position-correctness: not verifiable (WordPress source CDN offline)
https://www.beauticate.com/beauty-style/skin-care/how-korean-beauty-cleared-my-skin-from-acne/,content/beauty-style/skin-care/how-korean-beauty-cleared-my-skin-from-acne/how-korean-beauty-cleared-my-skin-from-acne.mdx,beauty-style,2017-07-11,True,correct,clean,5,0,0,0,3,1,0,0,0,0,3 portrait(s) inside consecutive-image grid (cover-cropped gallery); 1 landscape plain-md image(s) → fill body measure (acceptable); position-correctness: not verifiable (WordPress source CDN offline)
https://www.beauticate.com/beauty-style/skin-care/how-ksenija-lukich-cured-her-eczema-and-why-ceramides-are-the-ingredient-to-watch/,content/beauty-style/skin-care/how-ksenija-lukich-cured-her-eczema-and-why-ceramides-are-the-ingredient-to-watch/how-ksenija-lukich-cured-her-eczema-and-why-ceramides-are-the-ingredient-to-watch.mdx,beauty-style,2019-04-15,True,broken,portrait-render,6,0,5,5,0,1,0,0,0,0,5 small/tall portrait(s) as plain markdown → render tiny & left-flush (portrait-standard violation); 1 landscape plain-md image(s) → fill body measure (acceptable); position-correctness: not verifiable (WordPress source CDN offline)
https://www.beauticate.com/beauty-style/skin-care/how-not-to-use-coconut-oil-in-your-skincare-routine/,content/beauty-style/skin-care/how-not-to-use-coconut-oil-in-your-skincare-routine/how-not-to-use-coconut-oil-in-your-skincare-routine.mdx,beauty-style,2017-12-06,True,correct,clean,1,0,0,0,0,1,0,0,0,0,1 landscape plain-md image(s) → fill body measure (acceptable); position-correctness: not verifiable (WordPress source CDN offline)
https://www.beauticate.com/beauty-style/skin-care/how-should-i-use-facial-oil/,content/beauty-style/skin-care/how-should-i-use-facial-oil/how-should-i-use-facial-oil.mdx,beauty-style,2015-06-24,True,broken,portrait-render,4,0,2,2,2,0,0,0,0,0,2 small/tall portrait(s) as plain markdown → render tiny & left-flush (portrait-standard violation); 2 portrait(s) inside consecutive-image grid (cover-cropped gallery); position-correctness: not verifiable (WordPress source CDN offline)
https://www.beauticate.com/beauty-style/skin-care/how-stress-is-affecting-your-skin/,content/beauty-style/skin-care/how-stress-is-affecting-your-skin/how-stress-is-affecting-your-skin.mdx,beauty-style,2017-07-11,True,correct,clean,4,0,0,0,0,1,0,0,0,0,1 landscape plain-md image(s) → fill body measure (acceptable); position-correctness: not verifiable (WordPress source CDN offline)
https://www.beauticate.com/beauty-style/skin-care/how-to-4-ways-to-prevent-the-most-common-dermal-disasters/,content/beauty-style/skin-care/how-to-4-ways-to-prevent-the-most-common-dermal-disasters/how-to-4-ways-to-prevent-the-most-common-dermal-disasters.mdx,beauty-style,2014-06-23,True,correct,clean,2,0,0,0,0,2,0,0,0,0,2 landscape plain-md image(s) → fill body measure (acceptable); position-correctness: not verifiable (WordPress source CDN offline)
https://www.beauticate.com/beauty-style/skin-care/how-to-be-sustainable-in-style/,content/beauty-style/skin-care/how-to-be-sustainable-in-style/how-to-be-sustainable-in-style.mdx,beauty-style,2018-04-18,True,broken,portrait-render,12,0,3,3,8,1,0,0,0,0,3 small/tall portrait(s) as plain markdown → render tiny & left-flush (portrait-standard violation); 8 portrait(s) inside consecutive-image grid (cover-cropped gallery); 1 landscape plain-md image(s) → fill body measure (acceptable); position-correctness: not verifiable (WordPress source CDN offline)
https://www.beauticate.com/beauty-style/skin-care/how-to-bio-hack-your-skin-routine/,content/beauty-style/skin-care/how-to-bio-hack-your-skin-routine/how-to-bio-hack-your-skin-routine.mdx,beauty-style,2024-02-03,True,correct,clean,4,0,0,0,3,1,0,0,0,0,3 portrait(s) inside consecutive-image grid (cover-cropped gallery); 1 landscape plain-md image(s) → fill body measure (acceptable); position-correctness: not verifiable (WordPress source CDN offline)
https://www.beauticate.com/beauty-style/skin-care/how-to-blast-a-blemish/,content/beauty-style/skin-care/how-to-blast-a-blemish/how-to-blast-a-blemish.mdx,beauty-style,2015-05-26,True,broken,portrait-render,3,0,2,2,0,1,0,0,0,0,2 small/tall portrait(s) as plain markdown → render tiny & left-flush (portrait-standard violation); 1 landscape plain-md image(s) → fill body measure (acceptable); position-correctness: not verifiable (WordPress source CDN offline)
https://www.beauticate.com/beauty-style/skin-care/how-to-care-for-sensitive-skin-while-still-using-serious-skincare/,content/beauty-style/skin-care/how-to-care-for-sensitive-skin-while-still-using-serious-skincare/how-to-care-for-sensitive-skin-while-still-using-serious-skincare.mdx,beauty-style,2023-03-29,True,correct,clean,10,0,0,0,1,2,0,0,0,0,1 portrait(s) inside consecutive-image grid (cover-cropped gallery); 2 landscape plain-md image(s) → fill body measure (acceptable); position-correctness: not verifiable (WordPress source CDN offline)
https://www.beauticate.com/beauty-style/skin-care/how-to-choose-the-right-products-for-your-skin/,content/beauty-style/skin-care/how-to-choose-the-right-products-for-your-skin/how-to-choose-the-right-products-for-your-skin.mdx,beauty-style,2024-05-07,True,broken,portrait-render,14,0,10,10,0,1,0,0,0,0,10 small/tall portrait(s) as plain markdown → render tiny & left-flush (portrait-standard violation); 1 landscape plain-md image(s) → fill body measure (acceptable); position-correctness: not verifiable (WordPress source CDN offline)
https://www.beauticate.com/beauty-style/skin-care/how-to-cleanse-your-skin-in-winter-2/,content/beauty-style/skin-care/how-to-cleanse-your-skin-in-winter-2/how-to-cleanse-your-skin-in-winter-2.mdx,beauty-style,2018-05-28,True,broken,portrait-render,7,0,2,2,4,1,0,0,0,0,2 small/tall portrait(s) as plain markdown → render tiny & left-flush (portrait-standard violation); 4 portrait(s) inside consecutive-image grid (cover-cropped gallery); 1 landscape plain-md image(s) → fill body measure (acceptable); position-correctness: not verifiable (WordPress source CDN offline)
https://www.beauticate.com/beauty-style/skin-care/how-to-create-a-skincare-routine-for-your-body/,content/beauty-style/skin-care/how-to-create-a-skincare-routine-for-your-body/how-to-create-a-skincare-routine-for-your-body.mdx,beauty-style,2021-09-06,True,broken,portrait-render,11,0,4,4,7,0,0,0,0,0,4 small/tall portrait(s) as plain markdown → render tiny & left-flush (portrait-standard violation); 7 portrait(s) inside consecutive-image grid (cover-cropped gallery); position-correctness: not verifiable (WordPress source CDN offline)
https://www.beauticate.com/beauty-style/skin-care/how-to-create-your-own-french-skincare-routine/,content/beauty-style/skin-care/how-to-create-your-own-french-skincare-routine/how-to-create-your-own-french-skincare-routine.mdx,beauty-style,2019-11-11,True,broken,portrait-render,16,0,12,12,0,1,0,0,0,0,12 small/tall portrait(s) as plain markdown → render tiny & left-flush (portrait-standard violation); 1 landscape plain-md image(s) → fill body measure (acceptable); position-correctness: not verifiable (WordPress source CDN offline)
https://www.beauticate.com/beauty-style/skin-care/how-to-dermal-detox/,content/beauty-style/skin-care/how-to-dermal-detox/how-to-dermal-detox.mdx,beauty-style,2014-12-01,True,broken,portrait-render,9,0,5,5,0,1,0,0,0,0,5 small/tall portrait(s) as plain markdown → render tiny & left-flush (portrait-standard violation); 1 landscape plain-md image(s) → fill body measure (acceptable); position-correctness: not verifiable (WordPress source CDN offline)
https://www.beauticate.com/beauty-style/skin-care/how-to-double-protect-your-skin/,content/beauty-style/skin-care/how-to-double-protect-your-skin/how-to-double-protect-your-skin.mdx,beauty-style,2015-08-31,True,broken,portrait-render,4,0,4,4,0,0,0,0,0,0,4 small/tall portrait(s) as plain markdown → render tiny & left-flush (portrait-standard violation); position-correctness: not verifiable (WordPress source CDN offline)
https://www.beauticate.com/beauty-style/skin-care/how-to-dry-body-brush-properly/,content/beauty-style/skin-care/how-to-dry-body-brush-properly/how-to-dry-body-brush-properly.mdx,beauty-style,2019-10-02,True,correct,clean,3,0,0,0,2,1,0,0,0,0,2 portrait(s) inside consecutive-image grid (cover-cropped gallery); 1 landscape plain-md image(s) → fill body measure (acceptable); position-correctness: not verifiable (WordPress source CDN offline)
https://www.beauticate.com/beauty-style/skin-care/how-to-fake-gorgeous-skin/,content/beauty-style/skin-care/how-to-fake-gorgeous-skin/how-to-fake-gorgeous-skin.mdx,beauty-style,2014-03-27,True,broken,portrait-render,1,0,1,1,0,0,0,0,0,0,1 small/tall portrait(s) as plain markdown → render tiny & left-flush (portrait-standard violation); position-correctness: not verifiable (WordPress source CDN offline)
https://www.beauticate.com/beauty-style/skin-care/how-to-find-anti-ageing-products-that-wont-weigh-down-oily-skin/,content/beauty-style/skin-care/how-to-find-anti-ageing-products-that-wont-weigh-down-oily-skin/how-to-find-anti-ageing-products-that-wont-weigh-down-oily-skin.mdx,beauty-style,2020-05-11,True,broken,portrait-render,6,0,3,3,3,0,0,0,0,0,3 small/tall portrait(s) as plain markdown → render tiny & left-flush (portrait-standard violation); 3 portrait(s) inside consecutive-image grid (cover-cropped gallery); position-correctness: not verifiable (WordPress source CDN offline)
https://www.beauticate.com/beauty-style/skin-care/how-to-fix-the-skincare-mistakes-youre-probably-making/,content/beauty-style/skin-care/how-to-fix-the-skincare-mistakes-youre-probably-making/how-to-fix-the-skincare-mistakes-youre-probably-making.mdx,beauty-style,2016-05-25,True,broken,portrait-render,3,0,2,2,0,1,0,0,0,0,2 small/tall portrait(s) as plain markdown → render tiny & left-flush (portrait-standard violation); 1 landscape plain-md image(s) → fill body measure (acceptable); position-correctness: not verifiable (WordPress source CDN offline)
https://www.beauticate.com/beauty-style/skin-care/how-to-get-a-killer-tan/,content/beauty-style/skin-care/how-to-get-a-killer-tan/how-to-get-a-killer-tan.mdx,beauty-style,2015-01-21,True,broken,portrait-render,7,0,2,2,4,1,0,0,0,0,2 small/tall portrait(s) as plain markdown → render tiny & left-flush (portrait-standard violation); 4 portrait(s) inside consecutive-image grid (cover-cropped gallery); 1 landscape plain-md image(s) → fill body measure (acceptable); position-correctness: not verifiable (WordPress source CDN offline)
https://www.beauticate.com/beauty-style/skin-care/how-to-get-supermodel-skin/,content/beauty-style/skin-care/how-to-get-supermodel-skin/how-to-get-supermodel-skin.mdx,beauty-style,2016-08-15,True,broken,portrait-render,7,0,6,6,0,1,0,0,0,0,6 small/tall portrait(s) as plain markdown → render tiny & left-flush (portrait-standard violation); 1 landscape plain-md image(s) → fill body measure (acceptable); position-correctness: not verifiable (WordPress source CDN offline)
https://www.beauticate.com/beauty-style/skin-care/how-to-get-the-most-out-of-active-skincare/,content/beauty-style/skin-care/how-to-get-the-most-out-of-active-skincare/how-to-get-the-most-out-of-active-skincare.mdx,beauty-style,2022-05-25,True,correct,clean,4,0,0,0,0,1,0,0,0,0,1 landscape plain-md image(s) → fill body measure (acceptable); position-correctness: not verifiable (WordPress source CDN offline)
https://www.beauticate.com/beauty-style/skin-care/how-to-magically-de-bloat-your-face/,content/beauty-style/skin-care/how-to-magically-de-bloat-your-face/how-to-magically-de-bloat-your-face.mdx,beauty-style,2018-03-21,True,broken,portrait-render,10,0,3,3,6,1,0,0,0,0,3 small/tall portrait(s) as plain markdown → render tiny & left-flush (portrait-standard violation); 6 portrait(s) inside consecutive-image grid (cover-cropped gallery); 1 landscape plain-md image(s) → fill body measure (acceptable); position-correctness: not verifiable (WordPress source CDN offline)
https://www.beauticate.com/beauty-style/skin-care/how-to-make-your-beauty-sleep-work-harder-for-you/,content/beauty-style/skin-care/how-to-make-your-beauty-sleep-work-harder-for-you/how-to-make-your-beauty-sleep-work-harder-for-you.mdx,beauty-style,2020-08-25,True,broken,portrait-render,17,0,15,15,0,2,0,0,0,0,15 small/tall portrait(s) as plain markdown → render tiny & left-flush (portrait-standard violation); 2 landscape plain-md image(s) → fill body measure (acceptable); position-correctness: not verifiable (WordPress source CDN offline)
https://www.beauticate.com/beauty-style/skin-care/how-to-mask-according-to-your-mood/,content/beauty-style/skin-care/how-to-mask-according-to-your-mood/how-to-mask-according-to-your-mood.mdx,beauty-style,2025-04-04,True,broken,portrait-render,11,0,2,2,3,0,0,0,0,0,2 small/tall portrait(s) as plain markdown → render tiny & left-flush (portrait-standard violation); 3 portrait(s) inside consecutive-image grid (cover-cropped gallery); position-correctness: not verifiable (WordPress source CDN offline)
https://www.beauticate.com/beauty-style/skin-care/how-to-nail-the-clean-girl-beauty-trend/,content/beauty-style/skin-care/how-to-nail-the-clean-girl-beauty-trend/how-to-nail-the-clean-girl-beauty-trend.mdx,beauty-style,2024-02-05,True,broken,portrait-render,20,0,5,5,14,0,0,0,0,0,5 small/tall portrait(s) as plain markdown → render tiny & left-flush (portrait-standard violation); 14 portrait(s) inside consecutive-image grid (cover-cropped gallery); position-correctness: not verifiable (WordPress source CDN offline)
https://www.beauticate.com/beauty-style/skin-care/how-to-prime-your-skin-for-peri-and-menopause/,content/beauty-style/skin-care/how-to-prime-your-skin-for-peri-and-menopause/how-to-prime-your-skin-for-peri-and-menopause.mdx,beauty-style,2024-10-16,True,correct,clean,2,0,0,0,0,2,0,0,0,0,2 landscape plain-md image(s) → fill body measure (acceptable); position-correctness: not verifiable (WordPress source CDN offline)
https://www.beauticate.com/beauty-style/skin-care/how-to-put-your-skin-into-rehab-with-vitamin-e/,content/beauty-style/skin-care/how-to-put-your-skin-into-rehab-with-vitamin-e/how-to-put-your-skin-into-rehab-with-vitamin-e.mdx,beauty-style,2017-07-12,True,broken,portrait-render,4,0,1,1,2,1,0,0,0,0,1 small/tall portrait(s) as plain markdown → render tiny & left-flush (portrait-standard violation); 2 portrait(s) inside consecutive-image grid (cover-cropped gallery); 1 landscape plain-md image(s) → fill body measure (acceptable); position-correctness: not verifiable (WordPress source CDN offline)
https://www.beauticate.com/beauty-style/skin-care/how-to-read-skincare-packaging/,content/beauty-style/skin-care/how-to-read-skincare-packaging/how-to-read-skincare-packaging.mdx,beauty-style,2019-02-20,True,correct,clean,1,0,0,0,0,1,0,0,0,0,1 landscape plain-md image(s) → fill body measure (acceptable); position-correctness: not verifiable (WordPress source CDN offline)
https://www.beauticate.com/beauty-style/skin-care/how-to-save-the-environment-without-sacrificing-your-glow-2/,content/beauty-style/skin-care/how-to-save-the-environment-without-sacrificing-your-glow-2/how-to-save-the-environment-without-sacrificing-your-glow-2.mdx,beauty-style,2018-07-03,True,correct,clean,5,0,0,0,0,1,0,0,0,0,1 landscape plain-md image(s) → fill body measure (acceptable); position-correctness: not verifiable (WordPress source CDN offline)
https://www.beauticate.com/beauty-style/skin-care/how-to-self-prescribe-your-serums/,content/beauty-style/skin-care/how-to-self-prescribe-your-serums/how-to-self-prescribe-your-serums.mdx,beauty-style,2017-02-28,True,correct,clean,1,0,0,0,0,1,0,0,0,0,1 landscape plain-md image(s) → fill body measure (acceptable); position-correctness: not verifiable (WordPress source CDN offline)
https://www.beauticate.com/beauty-style/skin-care/how-to-shop-for-skincare-like-a-cosmetic-chemist/,content/beauty-style/skin-care/how-to-shop-for-skincare-like-a-cosmetic-chemist/how-to-shop-for-skincare-like-a-cosmetic-chemist.mdx,beauty-style,2017-12-13,True,correct,clean,1,0,0,0,0,1,0,0,0,0,1 landscape plain-md image(s) → fill body measure (acceptable); position-correctness: not verifiable (WordPress source CDN offline)
https://www.beauticate.com/beauty-style/skin-care/how-to-stop-your-hair-getting-old/,content/beauty-style/skin-care/how-to-stop-your-hair-getting-old/how-to-stop-your-hair-getting-old.mdx,beauty-style,2015-09-30,True,broken,portrait-render,7,0,6,6,0,1,0,0,0,0,6 small/tall portrait(s) as plain markdown → render tiny & left-flush (portrait-standard violation); 1 landscape plain-md image(s) → fill body measure (acceptable); position-correctness: not verifiable (WordPress source CDN offline)
https://www.beauticate.com/beauty-style/skin-care/how-to-tackle-crows-feet-while-you-sleep/,content/beauty-style/skin-care/how-to-tackle-crows-feet-while-you-sleep/how-to-tackle-crows-feet-while-you-sleep.mdx,beauty-style,2016-11-09,True,broken,portrait-render,11,0,10,10,0,1,0,0,0,0,10 small/tall portrait(s) as plain markdown → render tiny & left-flush (portrait-standard violation); 1 landscape plain-md image(s) → fill body measure (acceptable); position-correctness: not verifiable (WordPress source CDN offline)
https://www.beauticate.com/beauty-style/skin-care/how-to-transition-your-wardrobe-for-the-cooler-months-2/,content/beauty-style/skin-care/how-to-transition-your-wardrobe-for-the-cooler-months-2/how-to-transition-your-wardrobe-for-the-cooler-months-2.mdx,beauty-style,2018-04-23,True,broken,portrait-render,13,0,10,10,2,1,0,0,0,0,10 small/tall portrait(s) as plain markdown → render tiny & left-flush (portrait-standard violation); 2 portrait(s) inside consecutive-image grid (cover-cropped gallery); 1 landscape plain-md image(s) → fill body measure (acceptable); position-correctness: not verifiable (WordPress source CDN offline)
https://www.beauticate.com/beauty-style/skin-care/how-to-tv-ready-skin-with-sally-obermeder/,content/beauty-style/skin-care/how-to-tv-ready-skin-with-sally-obermeder/how-to-tv-ready-skin-with-sally-obermeder.mdx,beauty-style,2014-11-03,True,broken,portrait-render,5,0,5,5,0,0,0,0,0,0,5 small/tall portrait(s) as plain markdown → render tiny & left-flush (portrait-standard violation); position-correctness: not verifiable (WordPress source CDN offline)
https://www.beauticate.com/beauty-style/skin-care/how-to-use-superstar-skincare-ingredients-without-the-downsides/,content/beauty-style/skin-care/how-to-use-superstar-skincare-ingredients-without-the-downsides/how-to-use-superstar-skincare-ingredients-without-the-downsides.mdx,beauty-style,2023-08-02,True,broken,portrait-render,8,0,1,1,0,1,0,0,0,0,1 small/tall portrait(s) as plain markdown → render tiny & left-flush (portrait-standard violation); 1 landscape plain-md image(s) → fill body measure (acceptable); position-correctness: not verifiable (WordPress source CDN offline)
https://www.beauticate.com/beauty-style/skin-care/hypochlorous-acid-why-this-dermal-mist-has-gone-viral/,content/beauty-style/skin-care/hypochlorous-acid-why-this-dermal-mist-has-gone-viral/hypochlorous-acid-why-this-dermal-mist-has-gone-viral.mdx,beauty-style,2025-04-25,True,broken,portrait-render,6,0,6,6,0,0,0,0,0,0,6 small/tall portrait(s) as plain markdown → render tiny & left-flush (portrait-standard violation); position-correctness: not verifiable (WordPress source CDN offline)
https://www.beauticate.com/beauty-style/skin-care/i-tested-the-beauty-tips-from-our-grandmothers-heres-what-happened/,content/beauty-style/skin-care/i-tested-the-beauty-tips-from-our-grandmothers-heres-what-happened/i-tested-the-beauty-tips-from-our-grandmothers-heres-what-happened.mdx,beauty-style,2017-01-16,True,correct,clean,1,0,0,0,0,1,0,0,0,0,1 landscape plain-md image(s) → fill body measure (acceptable); position-correctness: not verifiable (WordPress source CDN offline)
https://www.beauticate.com/beauty-style/skin-care/i-tried-chanels-new-range-for-a-month/,content/beauty-style/skin-care/i-tried-chanels-new-range-for-a-month/i-tried-chanels-new-range-for-a-month.mdx,beauty-style,2022-02-10,True,broken,portrait-render,10,0,5,5,2,1,0,0,0,0,5 small/tall portrait(s) as plain markdown → render tiny & left-flush (portrait-standard violation); 2 portrait(s) inside consecutive-image grid (cover-cropped gallery); 1 landscape plain-md image(s) → fill body measure (acceptable); position-correctness: not verifiable (WordPress source CDN offline)
https://www.beauticate.com/beauty-style/skin-care/i-was-about-to-get-botox-and-tried-this-instead-2/,content/beauty-style/skin-care/i-was-about-to-get-botox-and-tried-this-instead-2/i-was-about-to-get-botox-and-tried-this-instead-2.mdx,beauty-style,2022-11-16,True,broken,portrait-render,10,0,2,2,0,6,0,0,0,0,2 small/tall portrait(s) as plain markdown → render tiny & left-flush (portrait-standard violation); 6 landscape plain-md image(s) → fill body measure (acceptable); position-correctness: not verifiable (WordPress source CDN offline)
https://www.beauticate.com/beauty-style/skin-care/im-44-everything-i-use-on-my-skin/,content/beauty-style/skin-care/im-44-everything-i-use-on-my-skin/im-44-everything-i-use-on-my-skin.mdx,beauty-style,2024-03-16,True,correct,clean,0,0,0,0,0,0,0,0,0,0,position-correctness: not verifiable (WordPress source CDN offline)
https://www.beauticate.com/beauty-style/skin-care/in-flight-beauty-how-to-look-great-at-35000-feet/,content/beauty-style/skin-care/in-flight-beauty-how-to-look-great-at-35000-feet/in-flight-beauty-how-to-look-great-at-35000-feet.mdx,beauty-style,2017-07-05,True,broken,portrait-render,13,0,10,10,2,1,0,0,0,0,10 small/tall portrait(s) as plain markdown → render tiny & left-flush (portrait-standard violation); 2 portrait(s) inside consecutive-image grid (cover-cropped gallery); 1 landscape plain-md image(s) → fill body measure (acceptable); position-correctness: not verifiable (WordPress source CDN offline)
https://www.beauticate.com/beauty-style/skin-care/ingredient-smart-beauty-swaps/,content/beauty-style/skin-care/ingredient-smart-beauty-swaps/ingredient-smart-beauty-swaps.mdx,beauty-style,2025-11-11,True,correct,clean,14,0,0,0,0,8,0,0,0,0,8 landscape plain-md image(s) → fill body measure (acceptable); position-correctness: not verifiable (WordPress source CDN offline)
https://www.beauticate.com/beauty-style/skin-care/is-it-safe-to-use-retinol-on-your-eye-area/,content/beauty-style/skin-care/is-it-safe-to-use-retinol-on-your-eye-area/is-it-safe-to-use-retinol-on-your-eye-area.mdx,beauty-style,2020-05-04,True,broken,portrait-render,1,0,1,1,0,0,0,0,0,0,1 small/tall portrait(s) as plain markdown → render tiny & left-flush (portrait-standard violation); position-correctness: not verifiable (WordPress source CDN offline)
https://www.beauticate.com/beauty-style/skin-care/korean-skin-treatments-that-we-predict-well-be-seeing-more-of/,content/beauty-style/skin-care/korean-skin-treatments-that-we-predict-well-be-seeing-more-of/korean-skin-treatments-that-we-predict-well-be-seeing-more-of.mdx,beauty-style,2024-12-20,True,broken,portrait-render,3,0,3,3,0,0,0,0,0,0,3 small/tall portrait(s) as plain markdown → render tiny & left-flush (portrait-standard violation); position-correctness: not verifiable (WordPress source CDN offline)
https://www.beauticate.com/beauty-style/skin-care/la-mer-the-concentrate-reviews/,content/beauty-style/skin-care/la-mer-the-concentrate-reviews/la-mer-the-concentrate-reviews.mdx,beauty-style,2017-05-08,True,broken,portrait-render,7,0,6,6,0,1,0,0,0,0,6 small/tall portrait(s) as plain markdown → render tiny & left-flush (portrait-standard violation); 1 landscape plain-md image(s) → fill body measure (acceptable); position-correctness: not verifiable (WordPress source CDN offline)
https://www.beauticate.com/beauty-style/skin-care/lancome-releases-new-formula-of-the-iconic-advanced-gnifique-serum/,content/beauty-style/skin-care/lancome-releases-new-formula-of-the-iconic-advanced-gnifique-serum/lancome-releases-new-formula-of-the-iconic-advanced-gnifique-serum.mdx,beauty-style,2017-02-06,True,correct,clean,1,0,0,0,0,1,0,0,0,0,1 landscape plain-md image(s) → fill body measure (acceptable); position-correctness: not verifiable (WordPress source CDN offline)
https://www.beauticate.com/beauty-style/skin-care/lara-worthington-shares-the-ten-products-she-cant-travel-without/,content/beauty-style/skin-care/lara-worthington-shares-the-ten-products-she-cant-travel-without/lara-worthington-shares-the-ten-products-she-cant-travel-without.mdx,beauty-style,2017-01-19,True,broken,portrait-render,2,0,1,1,0,1,0,0,0,0,1 small/tall portrait(s) as plain markdown → render tiny & left-flush (portrait-standard violation); 1 landscape plain-md image(s) → fill body measure (acceptable); position-correctness: not verifiable (WordPress source CDN offline)
https://www.beauticate.com/beauty-style/skin-care/luxe-products-for-spring/,content/beauty-style/skin-care/luxe-products-for-spring/luxe-products-for-spring.mdx,beauty-style,2018-11-21,True,correct,clean,5,0,0,0,0,5,0,0,0,0,5 landscape plain-md image(s) → fill body measure (acceptable); position-correctness: not verifiable (WordPress source CDN offline)
https://www.beauticate.com/beauty-style/skin-care/luxury-skincare-review/,content/beauty-style/skin-care/luxury-skincare-review/luxury-skincare-review.mdx,beauty-style,2023-02-02,True,broken,portrait-render,3,0,3,3,0,0,0,0,0,0,3 small/tall portrait(s) as plain markdown → render tiny & left-flush (portrait-standard violation); position-correctness: not verifiable (WordPress source CDN offline)
https://www.beauticate.com/beauty-style/skin-care/masks-for-stressed-skin/,content/beauty-style/skin-care/masks-for-stressed-skin/masks-for-stressed-skin.mdx,beauty-style,2026-05-22,True,correct,clean,9,0,0,0,3,6,0,0,0,0,3 portrait(s) inside consecutive-image grid (cover-cropped gallery); 6 landscape plain-md image(s) → fill body measure (acceptable); position-correctness: not verifiable (WordPress source CDN offline)
https://www.beauticate.com/beauty-style/skin-care/mesoeclat-treatment-review/,content/beauty-style/skin-care/mesoeclat-treatment-review/mesoeclat-treatment-review.mdx,beauty-style,2016-03-23,True,broken,portrait-render,3,0,2,2,0,1,0,0,0,0,2 small/tall portrait(s) as plain markdown → render tiny & left-flush (portrait-standard violation); 1 landscape plain-md image(s) → fill body measure (acceptable); position-correctness: not verifiable (WordPress source CDN offline)
https://www.beauticate.com/beauty-style/skin-care/micro-infusion-at-home/,content/beauty-style/skin-care/micro-infusion-at-home/micro-infusion-at-home.mdx,beauty-style,2024-04-17,True,correct,clean,1,3,0,0,0,1,0,0,0,0,1 landscape plain-md image(s) → fill body measure (acceptable); 3 image(s) already in portrait-aware component(s); position-correctness: not verifiable (WordPress source CDN offline)
https://www.beauticate.com/beauty-style/skin-care/move-over-spf-your-skin-now-needs-environmental-protection/,content/beauty-style/skin-care/move-over-spf-your-skin-now-needs-environmental-protection/move-over-spf-your-skin-now-needs-environmental-protection.mdx,beauty-style,2017-02-16,True,broken,portrait-render,2,0,1,1,0,1,0,0,0,0,1 small/tall portrait(s) as plain markdown → render tiny & left-flush (portrait-standard violation); 1 landscape plain-md image(s) → fill body measure (acceptable); position-correctness: not verifiable (WordPress source CDN offline)
https://www.beauticate.com/beauty-style/skin-care/my-evening-skincare-routine-sigourneys-edit/,content/beauty-style/skin-care/my-evening-skincare-routine-sigourneys-edit/my-evening-skincare-routine-sigourneys-edit.mdx,beauty-style,2015-10-12,True,broken,portrait-render,5,0,5,5,0,0,0,0,0,0,5 small/tall portrait(s) as plain markdown → render tiny & left-flush (portrait-standard violation); position-correctness: not verifiable (WordPress source CDN offline)
https://www.beauticate.com/beauty-style/skin-care/my-morning-skincare-routine-sigourneys-edit/,content/beauty-style/skin-care/my-morning-skincare-routine-sigourneys-edit/my-morning-skincare-routine-sigourneys-edit.mdx,beauty-style,2015-07-21,True,broken,portrait-render,3,0,3,3,0,0,0,0,0,0,3 small/tall portrait(s) as plain markdown → render tiny & left-flush (portrait-standard violation); position-correctness: not verifiable (WordPress source CDN offline)
https://www.beauticate.com/beauty-style/skin-care/natural-beauty-2/,content/beauty-style/skin-care/natural-beauty-2/natural-beauty-2.mdx,beauty-style,2018-11-26,True,broken,portrait-render,11,0,9,9,2,0,0,0,0,0,9 small/tall portrait(s) as plain markdown → render tiny & left-flush (portrait-standard violation); 2 portrait(s) inside consecutive-image grid (cover-cropped gallery); position-correctness: not verifiable (WordPress source CDN offline)
https://www.beauticate.com/beauty-style/skin-care/new-beauty-buys-body/,content/beauty-style/skin-care/new-beauty-buys-body/new-beauty-buys-body.mdx,beauty-style,2015-03-10,True,broken,portrait-render,7,0,6,6,0,1,0,0,0,0,6 small/tall portrait(s) as plain markdown → render tiny & left-flush (portrait-standard violation); 1 landscape plain-md image(s) → fill body measure (acceptable); position-correctness: not verifiable (WordPress source CDN offline)
https://www.beauticate.com/beauty-style/skin-care/nightly-beauty-routine/,content/beauty-style/skin-care/nightly-beauty-routine/nightly-beauty-routine.mdx,beauty-style,2025-12-19,True,correct,clean,3,0,0,0,0,3,0,0,0,0,3 landscape plain-md image(s) → fill body measure (acceptable); position-correctness: not verifiable (WordPress source CDN offline)
https://www.beauticate.com/beauty-style/skin-care/nine-natural-products-that-actually-do-something/,content/beauty-style/skin-care/nine-natural-products-that-actually-do-something/nine-natural-products-that-actually-do-something.mdx,beauty-style,2016-11-01,True,broken,portrait-render,8,0,7,7,0,1,0,0,0,0,7 small/tall portrait(s) as plain markdown → render tiny & left-flush (portrait-standard violation); 1 landscape plain-md image(s) → fill body measure (acceptable); position-correctness: not verifiable (WordPress source CDN offline)
https://www.beauticate.com/beauty-style/skin-care/nlwly6tb4eiprxsqb33eenwlh5wkcj/,content/beauty-style/skin-care/nlwly6tb4eiprxsqb33eenwlh5wkcj/nlwly6tb4eiprxsqb33eenwlh5wkcj.mdx,beauty-style,2017-09-21,True,correct,clean,3,0,0,0,3,0,0,0,0,0,3 portrait(s) inside consecutive-image grid (cover-cropped gallery); position-correctness: not verifiable (WordPress source CDN offline)
https://www.beauticate.com/beauty-style/skin-care/our-most-sensitive-skinned-readers-tested-this-breakthrough-treatment/,content/beauty-style/skin-care/our-most-sensitive-skinned-readers-tested-this-breakthrough-treatment/our-most-sensitive-skinned-readers-tested-this-breakthrough-treatment.mdx,beauty-style,2018-04-03,True,broken,portrait-render,8,0,7,7,0,1,0,0,0,0,7 small/tall portrait(s) as plain markdown → render tiny & left-flush (portrait-standard violation); 1 landscape plain-md image(s) → fill body measure (acceptable); position-correctness: not verifiable (WordPress source CDN offline)
https://www.beauticate.com/beauty-style/skin-care/overwashed-your-hands-these-are-the-best-hand-creams-for-dry-hands/,content/beauty-style/skin-care/overwashed-your-hands-these-are-the-best-hand-creams-for-dry-hands/overwashed-your-hands-these-are-the-best-hand-creams-for-dry-hands.mdx,beauty-style,2020-03-23,True,broken,portrait-render,5,0,1,1,4,0,0,0,0,0,1 small/tall portrait(s) as plain markdown → render tiny & left-flush (portrait-standard violation); 4 portrait(s) inside consecutive-image grid (cover-cropped gallery); position-correctness: not verifiable (WordPress source CDN offline)
https://www.beauticate.com/beauty-style/skin-care/pharmacy-beauty-buys-were-lusting-over/,content/beauty-style/skin-care/pharmacy-beauty-buys-were-lusting-over/pharmacy-beauty-buys-were-lusting-over.mdx,beauty-style,2019-04-09,True,correct,clean,5,0,0,0,4,1,0,0,0,0,4 portrait(s) inside consecutive-image grid (cover-cropped gallery); 1 landscape plain-md image(s) → fill body measure (acceptable); position-correctness: not verifiable (WordPress source CDN offline)
https://www.beauticate.com/beauty-style/skin-care/pinterest-predicts-the-top-beauty-trends-of-2017/,content/beauty-style/skin-care/pinterest-predicts-the-top-beauty-trends-of-2017/pinterest-predicts-the-top-beauty-trends-of-2017.mdx,beauty-style,2016-12-23,True,broken,portrait-render,3,0,3,3,0,0,0,0,0,0,3 small/tall portrait(s) as plain markdown → render tiny & left-flush (portrait-standard violation); position-correctness: not verifiable (WordPress source CDN offline)
https://www.beauticate.com/beauty-style/skin-care/prep-your-skin-for-your-most-glow-worthy-winter-yet-2/,content/beauty-style/skin-care/prep-your-skin-for-your-most-glow-worthy-winter-yet-2/prep-your-skin-for-your-most-glow-worthy-winter-yet-2.mdx,beauty-style,2018-06-11,True,broken,portrait-render,5,0,1,1,3,1,0,0,0,0,1 small/tall portrait(s) as plain markdown → render tiny & left-flush (portrait-standard violation); 3 portrait(s) inside consecutive-image grid (cover-cropped gallery); 1 landscape plain-md image(s) → fill body measure (acceptable); position-correctness: not verifiable (WordPress source CDN offline)
https://www.beauticate.com/beauty-style/skin-care/psa-this-new-australian-range-is-perfect-for-nixing-dehydration/,content/beauty-style/skin-care/psa-this-new-australian-range-is-perfect-for-nixing-dehydration/psa-this-new-australian-range-is-perfect-for-nixing-dehydration.mdx,beauty-style,2019-10-09,True,broken,portrait-render,19,0,7,7,6,1,0,0,0,0,7 small/tall portrait(s) as plain markdown → render tiny & left-flush (portrait-standard violation); 6 portrait(s) inside consecutive-image grid (cover-cropped gallery); 1 landscape plain-md image(s) → fill body measure (acceptable); position-correctness: not verifiable (WordPress source CDN offline)
https://www.beauticate.com/beauty-style/skin-care/qure-glowcase-review/,content/beauty-style/skin-care/qure-glowcase-review/qure-glowcase-review.mdx,beauty-style,2025-11-18,True,correct,clean,9,0,0,0,0,5,0,0,0,0,5 landscape plain-md image(s) → fill body measure (acceptable); position-correctness: not verifiable (WordPress source CDN offline)
https://www.beauticate.com/beauty-style/skin-care/qure-micro-infusion-system-review/,content/beauty-style/skin-care/qure-micro-infusion-system-review/qure-micro-infusion-system-review.mdx,beauty-style,2026-03-05,True,correct,clean,10,0,0,0,0,7,0,0,0,0,7 landscape plain-md image(s) → fill body measure (acceptable); position-correctness: not verifiable (WordPress source CDN offline)
https://www.beauticate.com/beauty-style/skin-care/racing-season-beauty-countdown-what-to-schedule-when/,content/beauty-style/skin-care/racing-season-beauty-countdown-what-to-schedule-when/racing-season-beauty-countdown-what-to-schedule-when.mdx,beauty-style,2015-08-31,True,broken,portrait-render,10,0,8,8,0,1,0,0,0,0,8 small/tall portrait(s) as plain markdown → render tiny & left-flush (portrait-standard violation); 1 landscape plain-md image(s) → fill body measure (acceptable); position-correctness: not verifiable (WordPress source CDN offline)
https://www.beauticate.com/beauty-style/skin-care/reader-review-after-sun-care/,content/beauty-style/skin-care/reader-review-after-sun-care/reader-review-after-sun-care.mdx,beauty-style,2016-02-03,True,broken,portrait-render,7,0,6,6,0,1,0,0,0,0,6 small/tall portrait(s) as plain markdown → render tiny & left-flush (portrait-standard violation); 1 landscape plain-md image(s) → fill body measure (acceptable); position-correctness: not verifiable (WordPress source CDN offline)
https://www.beauticate.com/beauty-style/skin-care/reader-review-antioxidant-serums/,content/beauty-style/skin-care/reader-review-antioxidant-serums/reader-review-antioxidant-serums.mdx,beauty-style,2015-11-09,True,broken,portrait-render,9,0,8,8,0,1,0,0,0,0,8 small/tall portrait(s) as plain markdown → render tiny & left-flush (portrait-standard violation); 1 landscape plain-md image(s) → fill body measure (acceptable); flag: truncated-alt-caption; position-correctness: not verifiable (WordPress source CDN offline)
https://www.beauticate.com/beauty-style/skin-care/reader-review-body-creams/,content/beauty-style/skin-care/reader-review-body-creams/reader-review-body-creams.mdx,beauty-style,2015-09-09,True,broken,portrait-render,9,0,5,5,0,1,0,0,0,0,5 small/tall portrait(s) as plain markdown → render tiny & left-flush (portrait-standard violation); 1 landscape plain-md image(s) → fill body measure (acceptable); position-correctness: not verifiable (WordPress source CDN offline)
https://www.beauticate.com/beauty-style/skin-care/reader-review-body-scrubs/,content/beauty-style/skin-care/reader-review-body-scrubs/reader-review-body-scrubs.mdx,beauty-style,2015-09-02,True,broken,portrait-render,7,0,2,2,4,1,0,0,0,0,2 small/tall portrait(s) as plain markdown → render tiny & left-flush (portrait-standard violation); 4 portrait(s) inside consecutive-image grid (cover-cropped gallery); 1 landscape plain-md image(s) → fill body measure (acceptable); position-correctness: not verifiable (WordPress source CDN offline)
https://www.beauticate.com/beauty-style/skin-care/reader-review-cleansing-oils/,content/beauty-style/skin-care/reader-review-cleansing-oils/reader-review-cleansing-oils.mdx,beauty-style,2015-08-24,True,broken,portrait-render,8,0,7,7,0,1,0,0,0,0,7 small/tall portrait(s) as plain markdown → render tiny & left-flush (portrait-standard violation); 1 landscape plain-md image(s) → fill body measure (acceptable); position-correctness: not verifiable (WordPress source CDN offline)
https://www.beauticate.com/beauty-style/skin-care/reader-review-eye-creams/,content/beauty-style/skin-care/reader-review-eye-creams/reader-review-eye-creams.mdx,beauty-style,2015-12-14,True,broken,portrait-render,7,0,5,5,0,2,0,0,0,0,5 small/tall portrait(s) as plain markdown → render tiny & left-flush (portrait-standard violation); 2 landscape plain-md image(s) → fill body measure (acceptable); position-correctness: not verifiable (WordPress source CDN offline)
https://www.beauticate.com/beauty-style/skin-care/reader-review-face-masks/,content/beauty-style/skin-care/reader-review-face-masks/reader-review-face-masks.mdx,beauty-style,2016-02-17,True,broken,portrait-render,8,0,6,6,0,1,0,0,0,0,6 small/tall portrait(s) as plain markdown → render tiny & left-flush (portrait-standard violation); 1 landscape plain-md image(s) → fill body measure (acceptable); position-correctness: not verifiable (WordPress source CDN offline)
https://www.beauticate.com/beauty-style/skin-care/reader-review-facial-exfoliants/,content/beauty-style/skin-care/reader-review-facial-exfoliants/reader-review-facial-exfoliants.mdx,beauty-style,2015-09-28,True,broken,portrait-render,6,0,5,5,0,1,0,0,0,0,5 small/tall portrait(s) as plain markdown → render tiny & left-flush (portrait-standard violation); 1 landscape plain-md image(s) → fill body measure (acceptable); position-correctness: not verifiable (WordPress source CDN offline)
https://www.beauticate.com/beauty-style/skin-care/remove-make-up-with-coconut-oil/,content/beauty-style/skin-care/remove-make-up-with-coconut-oil/remove-make-up-with-coconut-oil.mdx,beauty-style,2014-01-20,True,correct,clean,5,0,0,0,0,5,0,0,0,0,5 landscape plain-md image(s) → fill body measure (acceptable); position-correctness: not verifiable (WordPress source CDN offline)
https://www.beauticate.com/beauty-style/skin-care/repair-your-skin-barrier/,content/beauty-style/skin-care/repair-your-skin-barrier/repair-your-skin-barrier.mdx,beauty-style,2018-11-28,True,broken,portrait-render,4,0,2,2,0,2,0,0,0,0,2 small/tall portrait(s) as plain markdown → render tiny & left-flush (portrait-standard violation); 2 landscape plain-md image(s) → fill body measure (acceptable); position-correctness: not verifiable (WordPress source CDN offline)
https://www.beauticate.com/beauty-style/skin-care/rose-marie-swifts-10-beauty-rules-for-older-skin/,content/beauty-style/skin-care/rose-marie-swifts-10-beauty-rules-for-older-skin/rose-marie-swifts-10-beauty-rules-for-older-skin.mdx,beauty-style,2020-02-19,True,broken,portrait-render,5,0,5,5,0,0,0,0,0,0,5 small/tall portrait(s) as plain markdown → render tiny & left-flush (portrait-standard violation); position-correctness: not verifiable (WordPress source CDN offline)
https://www.beauticate.com/beauty-style/skin-care/seven-of-the-best-model-approved-beauty-buys/,content/beauty-style/skin-care/seven-of-the-best-model-approved-beauty-buys/seven-of-the-best-model-approved-beauty-buys.mdx,beauty-style,2016-02-16,True,broken,portrait-render,15,0,14,14,0,1,0,0,0,0,14 small/tall portrait(s) as plain markdown → render tiny & left-flush (portrait-standard violation); 1 landscape plain-md image(s) → fill body measure (acceptable); position-correctness: not verifiable (WordPress source CDN offline)
https://www.beauticate.com/beauty-style/skin-care/sigourney-1/,content/beauty-style/skin-care/sigourney-1/sigourney-1.mdx,beauty-style,2014-01-22,True,broken,portrait-render,11,0,9,9,0,0,0,0,0,0,9 small/tall portrait(s) as plain markdown → render tiny & left-flush (portrait-standard violation); position-correctness: not verifiable (WordPress source CDN offline)
https://www.beauticate.com/beauty-style/skin-care/sigourney-cantelo-bathroom-cabinet/,content/beauty-style/skin-care/sigourney-cantelo-bathroom-cabinet/sigourney-cantelo-bathroom-cabinet.mdx,beauty-style,2018-08-06,True,broken,portrait-render,12,0,12,12,0,0,0,0,0,0,12 small/tall portrait(s) as plain markdown → render tiny & left-flush (portrait-standard violation); position-correctness: not verifiable (WordPress source CDN offline)
https://www.beauticate.com/beauty-style/skin-care/sigourney-hosts-events-with-beauty-influencers-secrets-revealed/,content/beauty-style/skin-care/sigourney-hosts-events-with-beauty-influencers-secrets-revealed/sigourney-hosts-events-with-beauty-influencers-secrets-revealed.mdx,beauty-style,2018-05-04,True,broken,portrait-render,5,0,2,2,0,3,0,0,0,0,2 small/tall portrait(s) as plain markdown → render tiny & left-flush (portrait-standard violation); 3 landscape plain-md image(s) → fill body measure (acceptable); position-correctness: not verifiable (WordPress source CDN offline)
https://www.beauticate.com/beauty-style/skin-care/sigourneys-edit-inside-a-skincare-lab/,content/beauty-style/skin-care/sigourneys-edit-inside-a-skincare-lab/sigourneys-edit-inside-a-skincare-lab.mdx,beauty-style,2014-09-15,True,broken,portrait-render,8,0,8,8,0,0,0,0,0,0,8 small/tall portrait(s) as plain markdown → render tiny & left-flush (portrait-standard violation); position-correctness: not verifiable (WordPress source CDN offline)
https://www.beauticate.com/beauty-style/skin-care/six-french-girl-skincare-secrets/,content/beauty-style/skin-care/six-french-girl-skincare-secrets/six-french-girl-skincare-secrets.mdx,beauty-style,2016-08-29,True,correct,clean,1,0,0,0,0,1,0,0,0,0,1 landscape plain-md image(s) → fill body measure (acceptable); position-correctness: not verifiable (WordPress source CDN offline)
https://www.beauticate.com/beauty-style/skin-care/six-non-traditional-treatments-for-smooth-comfortable-lips/,content/beauty-style/skin-care/six-non-traditional-treatments-for-smooth-comfortable-lips/six-non-traditional-treatments-for-smooth-comfortable-lips.mdx,beauty-style,2021-06-14,True,broken,portrait-render,6,0,2,2,4,0,0,0,0,0,2 small/tall portrait(s) as plain markdown → render tiny & left-flush (portrait-standard violation); 4 portrait(s) inside consecutive-image grid (cover-cropped gallery); position-correctness: not verifiable (WordPress source CDN offline)
https://www.beauticate.com/beauty-style/skin-care/six-sheet-masks-you-need-to-try-now/,content/beauty-style/skin-care/six-sheet-masks-you-need-to-try-now/six-sheet-masks-you-need-to-try-now.mdx,beauty-style,2017-07-11,True,correct,clean,8,0,0,0,0,1,0,0,0,0,1 landscape plain-md image(s) → fill body measure (acceptable); position-correctness: not verifiable (WordPress source CDN offline)
https://www.beauticate.com/beauty-style/skin-care/skin-ageing-faster-than-it-should/,content/beauty-style/skin-care/skin-ageing-faster-than-it-should/skin-ageing-faster-than-it-should.mdx,beauty-style,2018-10-01,True,broken,portrait-render,3,0,2,2,0,1,0,0,0,0,2 small/tall portrait(s) as plain markdown → render tiny & left-flush (portrait-standard violation); 1 landscape plain-md image(s) → fill body measure (acceptable); position-correctness: not verifiable (WordPress source CDN offline)
https://www.beauticate.com/beauty-style/skin-care/skin-care-how-to-deal-with-adult-acne/,content/beauty-style/skin-care/skin-care-how-to-deal-with-adult-acne/skin-care-how-to-deal-with-adult-acne.mdx,beauty-style,2016-06-20,True,correct,clean,1,0,0,0,0,1,0,0,0,0,1 landscape plain-md image(s) → fill body measure (acceptable); position-correctness: not verifiable (WordPress source CDN offline)
https://www.beauticate.com/beauty-style/skin-care/skin-flooding-barrier-banking-method/,content/beauty-style/skin-care/skin-flooding-barrier-banking-method/skin-flooding-barrier-banking-method.mdx,beauty-style,2025-06-18,True,correct,clean,0,0,0,0,0,0,0,0,0,0,position-correctness: not verifiable (WordPress source CDN offline)
https://www.beauticate.com/beauty-style/skin-care/skincare-sos-the-soothing-moisturisers-i-use-when-my-skin-needs-help/,content/beauty-style/skin-care/skincare-sos-the-soothing-moisturisers-i-use-when-my-skin-needs-help/skincare-sos-the-soothing-moisturisers-i-use-when-my-skin-needs-help.mdx,beauty-style,2020-05-19,True,broken,portrait-render,4,0,1,1,3,0,0,0,0,0,1 small/tall portrait(s) as plain markdown → render tiny & left-flush (portrait-standard violation); 3 portrait(s) inside consecutive-image grid (cover-cropped gallery); position-correctness: not verifiable (WordPress source CDN offline)
https://www.beauticate.com/beauty-style/skin-care/skincare-success-my-eight-week-transformation-with-professional-grade-products/,content/beauty-style/skin-care/skincare-success-my-eight-week-transformation-with-professional-grade-products/skincare-success-my-eight-week-transformation-with-professional-grade-products.mdx,beauty-style,2023-09-29,True,correct,clean,9,0,0,0,0,9,0,0,0,0,9 landscape plain-md image(s) → fill body measure (acceptable); position-correctness: not verifiable (WordPress source CDN offline)
https://www.beauticate.com/beauty-style/skin-care/smooth-operators-the-best-exfoliators-for-all-skin-concerns/,content/beauty-style/skin-care/smooth-operators-the-best-exfoliators-for-all-skin-concerns/smooth-operators-the-best-exfoliators-for-all-skin-concerns.mdx,beauty-style,2024-01-02,True,broken,portrait-render,5,0,1,1,4,0,0,0,0,0,1 small/tall portrait(s) as plain markdown → render tiny & left-flush (portrait-standard violation); 4 portrait(s) inside consecutive-image grid (cover-cropped gallery); position-correctness: not verifiable (WordPress source CDN offline)
https://www.beauticate.com/beauty-style/skin-care/spf-makeup/,content/beauty-style/skin-care/spf-makeup/spf-makeup.mdx,beauty-style,2019-02-13,True,correct,clean,4,0,0,0,0,2,0,0,0,0,2 landscape plain-md image(s) → fill body measure (acceptable); position-correctness: not verifiable (WordPress source CDN offline)
https://www.beauticate.com/beauty-style/skin-care/steroid-free-soothers-for-troubled-skin/,content/beauty-style/skin-care/steroid-free-soothers-for-troubled-skin/steroid-free-soothers-for-troubled-skin.mdx,beauty-style,2021-06-21,True,broken,portrait-render,5,0,5,5,0,0,0,0,0,0,5 small/tall portrait(s) as plain markdown → render tiny & left-flush (portrait-standard violation); position-correctness: not verifiable (WordPress source CDN offline)
https://www.beauticate.com/beauty-style/skin-care/summer-style-essentials/,content/beauty-style/skin-care/summer-style-essentials/summer-style-essentials.mdx,beauty-style,2016-12-08,True,broken,portrait-render,19,0,3,3,3,10,0,0,0,0,3 small/tall portrait(s) as plain markdown → render tiny & left-flush (portrait-standard violation); 3 portrait(s) inside consecutive-image grid (cover-cropped gallery); 10 landscape plain-md image(s) → fill body measure (acceptable); position-correctness: not verifiable (WordPress source CDN offline)
https://www.beauticate.com/beauty-style/skin-care/sunscreen-innovations/,content/beauty-style/skin-care/sunscreen-innovations/sunscreen-innovations.mdx,beauty-style,2019-01-16,True,broken,portrait-render,5,0,2,2,0,3,0,0,0,0,2 small/tall portrait(s) as plain markdown → render tiny & left-flush (portrait-standard violation); 3 landscape plain-md image(s) → fill body measure (acceptable); position-correctness: not verifiable (WordPress source CDN offline)
https://www.beauticate.com/beauty-style/skin-care/systeme-bio-plus-oil-serum-review/,content/beauty-style/skin-care/systeme-bio-plus-oil-serum-review/systeme-bio-plus-oil-serum-review.mdx,beauty-style,2026-04-12,True,correct,clean,2,0,0,0,0,0,0,0,0,0,position-correctness: not verifiable (WordPress source CDN offline)
https://www.beauticate.com/beauty-style/skin-care/the-11-french-pharmacy-products-you-need-that-you-can-buy-in-australia/,content/beauty-style/skin-care/the-11-french-pharmacy-products-you-need-that-you-can-buy-in-australia/the-11-french-pharmacy-products-you-need-that-you-can-buy-in-australia.mdx,beauty-style,2018-07-11,True,broken,portrait-render,11,0,2,2,8,1,0,0,0,0,2 small/tall portrait(s) as plain markdown → render tiny & left-flush (portrait-standard violation); 8 portrait(s) inside consecutive-image grid (cover-cropped gallery); 1 landscape plain-md image(s) → fill body measure (acceptable); position-correctness: not verifiable (WordPress source CDN offline)
https://www.beauticate.com/beauty-style/skin-care/the-5-best-facial-spritzes-to-refresh-your-makeup-and-your-mood/,content/beauty-style/skin-care/the-5-best-facial-spritzes-to-refresh-your-makeup-and-your-mood/the-5-best-facial-spritzes-to-refresh-your-makeup-and-your-mood.mdx,beauty-style,2021-01-19,True,broken,portrait-render,5,0,2,2,3,0,0,0,0,0,2 small/tall portrait(s) as plain markdown → render tiny & left-flush (portrait-standard violation); 3 portrait(s) inside consecutive-image grid (cover-cropped gallery); position-correctness: not verifiable (WordPress source CDN offline)
https://www.beauticate.com/beauty-style/skin-care/the-5-skincare-ingredients-you-need-to-know-about-in-2017/,content/beauty-style/skin-care/the-5-skincare-ingredients-you-need-to-know-about-in-2017/the-5-skincare-ingredients-you-need-to-know-about-in-2017.mdx,beauty-style,2017-01-09,True,correct,clean,6,0,0,0,0,1,0,0,0,0,1 landscape plain-md image(s) → fill body measure (acceptable); position-correctness: not verifiable (WordPress source CDN offline)
https://www.beauticate.com/beauty-style/skin-care/the-5-things-beauty-experts-wish-you-would-stop-buying-2/,content/beauty-style/skin-care/the-5-things-beauty-experts-wish-you-would-stop-buying-2/the-5-things-beauty-experts-wish-you-would-stop-buying-2.mdx,beauty-style,2018-07-24,True,broken,portrait-render,12,0,1,1,10,1,0,0,0,0,1 small/tall portrait(s) as plain markdown → render tiny & left-flush (portrait-standard violation); 10 portrait(s) inside consecutive-image grid (cover-cropped gallery); 1 landscape plain-md image(s) → fill body measure (acceptable); position-correctness: not verifiable (WordPress source CDN offline)
https://www.beauticate.com/beauty-style/skin-care/the-7-beauty-pick-me-ups-to-add-to-cart-this-spring/,content/beauty-style/skin-care/the-7-beauty-pick-me-ups-to-add-to-cart-this-spring/the-7-beauty-pick-me-ups-to-add-to-cart-this-spring.mdx,beauty-style,2020-09-22,True,broken,portrait-render,6,0,1,1,5,0,0,0,0,0,1 small/tall portrait(s) as plain markdown → render tiny & left-flush (portrait-standard violation); 5 portrait(s) inside consecutive-image grid (cover-cropped gallery); position-correctness: not verifiable (WordPress source CDN offline)
https://www.beauticate.com/beauty-style/skin-care/the-acne-mistakes-you-dont-even-know-youre-making/,content/beauty-style/skin-care/the-acne-mistakes-you-dont-even-know-youre-making/the-acne-mistakes-you-dont-even-know-youre-making.mdx,beauty-style,2018-04-16,True,broken,portrait-render,4,0,1,1,2,1,0,0,0,0,1 small/tall portrait(s) as plain markdown → render tiny & left-flush (portrait-standard violation); 2 portrait(s) inside consecutive-image grid (cover-cropped gallery); 1 landscape plain-md image(s) → fill body measure (acceptable); position-correctness: not verifiable (WordPress source CDN offline)
https://www.beauticate.com/beauty-style/skin-care/the-at-home-ipl-hair-removal-device-that-actually-works/,content/beauty-style/skin-care/the-at-home-ipl-hair-removal-device-that-actually-works/the-at-home-ipl-hair-removal-device-that-actually-works.mdx,beauty-style,2019-05-08,True,broken,portrait-render,9,0,1,1,0,8,0,0,0,0,1 small/tall portrait(s) as plain markdown → render tiny & left-flush (portrait-standard violation); 8 landscape plain-md image(s) → fill body measure (acceptable); position-correctness: not verifiable (WordPress source CDN offline)
https://www.beauticate.com/beauty-style/skin-care/the-beautiful-bush-inspired-facial-that-actually-packs-a-dermal-punch/,content/beauty-style/skin-care/the-beautiful-bush-inspired-facial-that-actually-packs-a-dermal-punch/the-beautiful-bush-inspired-facial-that-actually-packs-a-dermal-punch.mdx,beauty-style,2017-05-29,True,broken,portrait-render,5,0,4,4,0,1,0,0,0,0,4 small/tall portrait(s) as plain markdown → render tiny & left-flush (portrait-standard violation); 1 landscape plain-md image(s) → fill body measure (acceptable); position-correctness: not verifiable (WordPress source CDN offline)
https://www.beauticate.com/beauty-style/skin-care/the-beauty-rules-that-are-meant-to-be-broken/,content/beauty-style/skin-care/the-beauty-rules-that-are-meant-to-be-broken/the-beauty-rules-that-are-meant-to-be-broken.mdx,beauty-style,2015-10-26,True,broken,portrait-render,7,0,6,6,0,1,0,0,0,0,6 small/tall portrait(s) as plain markdown → render tiny & left-flush (portrait-standard violation); 1 landscape plain-md image(s) → fill body measure (acceptable); position-correctness: not verifiable (WordPress source CDN offline)
https://www.beauticate.com/beauty-style/skin-care/the-best-body-washes-reader-review/,content/beauty-style/skin-care/the-best-body-washes-reader-review/the-best-body-washes-reader-review.mdx,beauty-style,2016-04-05,True,broken,portrait-render,6,0,5,5,0,1,0,0,0,0,5 small/tall portrait(s) as plain markdown → render tiny & left-flush (portrait-standard violation); 1 landscape plain-md image(s) → fill body measure (acceptable); position-correctness: not verifiable (WordPress source CDN offline)
https://www.beauticate.com/beauty-style/skin-care/the-best-cruelty-free-vegan-beauty-buys-according-to-a-former-beauty-therapist/,content/beauty-style/skin-care/the-best-cruelty-free-vegan-beauty-buys-according-to-a-former-beauty-therapist/the-best-cruelty-free-vegan-beauty-buys-according-to-a-former-beauty-therapist.mdx,beauty-style,2024-01-01,True,broken,portrait-render,12,0,4,4,8,0,0,0,0,0,4 small/tall portrait(s) as plain markdown → render tiny & left-flush (portrait-standard violation); 8 portrait(s) inside consecutive-image grid (cover-cropped gallery); position-correctness: not verifiable (WordPress source CDN offline)
https://www.beauticate.com/beauty-style/skin-care/the-best-eye-creams-and-mascaras-for-super-sensitive-eyes/,content/beauty-style/skin-care/the-best-eye-creams-and-mascaras-for-super-sensitive-eyes/the-best-eye-creams-and-mascaras-for-super-sensitive-eyes.mdx,beauty-style,2024-05-16,True,broken,portrait-render,6,0,2,2,4,0,0,0,0,0,2 small/tall portrait(s) as plain markdown → render tiny & left-flush (portrait-standard violation); 4 portrait(s) inside consecutive-image grid (cover-cropped gallery); position-correctness: not verifiable (WordPress source CDN offline)
https://www.beauticate.com/beauty-style/skin-care/the-best-face-masks-for-your-skin-and-lifestyle/,content/beauty-style/skin-care/the-best-face-masks-for-your-skin-and-lifestyle/the-best-face-masks-for-your-skin-and-lifestyle.mdx,beauty-style,2017-06-05,True,broken,portrait-render,5,0,4,4,0,1,0,0,0,0,4 small/tall portrait(s) as plain markdown → render tiny & left-flush (portrait-standard violation); 1 landscape plain-md image(s) → fill body measure (acceptable); position-correctness: not verifiable (WordPress source CDN offline)
https://www.beauticate.com/beauty-style/skin-care/the-best-facial-toners-reader-review/,content/beauty-style/skin-care/the-best-facial-toners-reader-review/the-best-facial-toners-reader-review.mdx,beauty-style,2017-05-02,True,broken,portrait-render,10,0,9,9,0,1,0,0,0,0,9 small/tall portrait(s) as plain markdown → render tiny & left-flush (portrait-standard violation); 1 landscape plain-md image(s) → fill body measure (acceptable); position-correctness: not verifiable (WordPress source CDN offline)
https://www.beauticate.com/beauty-style/skin-care/the-best-natural-beauty-products-sigourneys-edit/,content/beauty-style/skin-care/the-best-natural-beauty-products-sigourneys-edit/the-best-natural-beauty-products-sigourneys-edit.mdx,beauty-style,2016-06-16,True,broken,portrait-render,7,0,6,6,0,1,0,0,0,0,6 small/tall portrait(s) as plain markdown → render tiny & left-flush (portrait-standard violation); 1 landscape plain-md image(s) → fill body measure (acceptable); position-correctness: not verifiable (WordPress source CDN offline)
https://www.beauticate.com/beauty-style/skin-care/the-best-new-ways-to-perfect-your-fake-tan/,content/beauty-style/skin-care/the-best-new-ways-to-perfect-your-fake-tan/the-best-new-ways-to-perfect-your-fake-tan.mdx,beauty-style,2023-05-04,True,broken,portrait-render,9,0,4,4,4,0,0,0,0,0,4 small/tall portrait(s) as plain markdown → render tiny & left-flush (portrait-standard violation); 4 portrait(s) inside consecutive-image grid (cover-cropped gallery); position-correctness: not verifiable (WordPress source CDN offline)
https://www.beauticate.com/beauty-style/skin-care/the-best-night-creams-reader-review/,content/beauty-style/skin-care/the-best-night-creams-reader-review/the-best-night-creams-reader-review.mdx,beauty-style,2017-03-07,True,broken,portrait-render,11,0,3,3,0,2,0,0,0,0,3 small/tall portrait(s) as plain markdown → render tiny & left-flush (portrait-standard violation); 2 landscape plain-md image(s) → fill body measure (acceptable); position-correctness: not verifiable (WordPress source CDN offline)
https://www.beauticate.com/beauty-style/skin-care/the-best-pigmentation-treatments-reader-review/,content/beauty-style/skin-care/the-best-pigmentation-treatments-reader-review/the-best-pigmentation-treatments-reader-review.mdx,beauty-style,2016-08-23,True,broken,portrait-render,5,0,4,4,0,1,0,0,0,0,4 small/tall portrait(s) as plain markdown → render tiny & left-flush (portrait-standard violation); 1 landscape plain-md image(s) → fill body measure (acceptable); position-correctness: not verifiable (WordPress source CDN offline)
https://www.beauticate.com/beauty-style/skin-care/the-best-products-to-lighten-up-your-skincare-for-spring/,content/beauty-style/skin-care/the-best-products-to-lighten-up-your-skincare-for-spring/the-best-products-to-lighten-up-your-skincare-for-spring.mdx,beauty-style,2022-10-18,True,broken,portrait-render,12,0,6,6,6,0,0,0,0,0,6 small/tall portrait(s) as plain markdown → render tiny & left-flush (portrait-standard violation); 6 portrait(s) inside consecutive-image grid (cover-cropped gallery); position-correctness: not verifiable (WordPress source CDN offline)
https://www.beauticate.com/beauty-style/skin-care/the-best-salons-for-pre-party-preening/,content/beauty-style/skin-care/the-best-salons-for-pre-party-preening/the-best-salons-for-pre-party-preening.mdx,beauty-style,2016-12-28,True,broken,portrait-render,5,0,4,4,0,1,0,0,0,0,4 small/tall portrait(s) as plain markdown → render tiny & left-flush (portrait-standard violation); 1 landscape plain-md image(s) → fill body measure (acceptable); position-correctness: not verifiable (WordPress source CDN offline)
https://www.beauticate.com/beauty-style/skin-care/the-black-friday-skin-deals-you-cant-miss/,content/beauty-style/skin-care/the-black-friday-skin-deals-you-cant-miss/the-black-friday-skin-deals-you-cant-miss.mdx,beauty-style,2024-11-28,True,broken,portrait-render,7,0,7,7,0,0,0,0,0,0,7 small/tall portrait(s) as plain markdown → render tiny & left-flush (portrait-standard violation); position-correctness: not verifiable (WordPress source CDN offline)
https://www.beauticate.com/beauty-style/skin-care/the-drugstore-products-that-saved-my-skin-3/,content/beauty-style/skin-care/the-drugstore-products-that-saved-my-skin-3/the-drugstore-products-that-saved-my-skin-3.mdx,beauty-style,2018-06-19,True,broken,portrait-render,7,0,6,6,0,1,0,0,0,0,6 small/tall portrait(s) as plain markdown → render tiny & left-flush (portrait-standard violation); 1 landscape plain-md image(s) → fill body measure (acceptable); position-correctness: not verifiable (WordPress source CDN offline)
https://www.beauticate.com/beauty-style/skin-care/the-extreme-beauty-standards-flight-attendants-adhere-to/,content/beauty-style/skin-care/the-extreme-beauty-standards-flight-attendants-adhere-to/the-extreme-beauty-standards-flight-attendants-adhere-to.mdx,beauty-style,2019-11-04,True,broken,portrait-render,24,0,8,8,10,5,0,0,0,0,8 small/tall portrait(s) as plain markdown → render tiny & left-flush (portrait-standard violation); 10 portrait(s) inside consecutive-image grid (cover-cropped gallery); 5 landscape plain-md image(s) → fill body measure (acceptable); position-correctness: not verifiable (WordPress source CDN offline)
https://www.beauticate.com/beauty-style/skin-care/the-fab-four-handcreams-were-using-on-repeat-right-now/,content/beauty-style/skin-care/the-fab-four-handcreams-were-using-on-repeat-right-now/the-fab-four-handcreams-were-using-on-repeat-right-now.mdx,beauty-style,2021-05-17,True,broken,portrait-render,8,0,8,8,0,0,0,0,0,0,8 small/tall portrait(s) as plain markdown → render tiny & left-flush (portrait-standard violation); position-correctness: not verifiable (WordPress source CDN offline)
https://www.beauticate.com/beauty-style/skin-care/the-french-girl-summer-skin-secrets-i-live-by-sigourneys-edit/,content/beauty-style/skin-care/the-french-girl-summer-skin-secrets-i-live-by-sigourneys-edit/the-french-girl-summer-skin-secrets-i-live-by-sigourneys-edit.mdx,beauty-style,2017-09-12,True,broken,portrait-render,13,0,6,6,6,1,0,0,0,0,6 small/tall portrait(s) as plain markdown → render tiny & left-flush (portrait-standard violation); 6 portrait(s) inside consecutive-image grid (cover-cropped gallery); 1 landscape plain-md image(s) → fill body measure (acceptable); position-correctness: not verifiable (WordPress source CDN offline)
https://www.beauticate.com/beauty-style/skin-care/the-groomed-brow-edit-my-favoured-products-for-full-but-natural-arches/,content/beauty-style/skin-care/the-groomed-brow-edit-my-favoured-products-for-full-but-natural-arches/the-groomed-brow-edit-my-favoured-products-for-full-but-natural-arches.mdx,beauty-style,2021-06-07,True,correct,clean,5,0,0,0,0,0,0,0,0,0,position-correctness: not verifiable (WordPress source CDN offline)
https://www.beauticate.com/beauty-style/skin-care/the-mother-daughter-duo-approaching-aging-practically/,content/beauty-style/skin-care/the-mother-daughter-duo-approaching-aging-practically/the-mother-daughter-duo-approaching-aging-practically.mdx,beauty-style,2023-10-18,True,broken,portrait-render,12,0,7,7,0,4,0,0,0,0,7 small/tall portrait(s) as plain markdown → render tiny & left-flush (portrait-standard violation); 4 landscape plain-md image(s) → fill body measure (acceptable); position-correctness: not verifiable (WordPress source CDN offline)
https://www.beauticate.com/beauty-style/skin-care/the-new-approach-to-layering-skincare/,content/beauty-style/skin-care/the-new-approach-to-layering-skincare/the-new-approach-to-layering-skincare.mdx,beauty-style,2019-03-14,True,correct,clean,8,0,0,0,2,1,0,0,0,0,2 portrait(s) inside consecutive-image grid (cover-cropped gallery); 1 landscape plain-md image(s) → fill body measure (acceptable); position-correctness: not verifiable (WordPress source CDN offline)
https://www.beauticate.com/beauty-style/skin-care/the-new-australian-skincare-brand-making-the-most-of-our-beautiful-oceans/,content/beauty-style/skin-care/the-new-australian-skincare-brand-making-the-most-of-our-beautiful-oceans/the-new-australian-skincare-brand-making-the-most-of-our-beautiful-oceans.mdx,beauty-style,2022-10-20,True,broken,portrait-render,7,0,3,3,0,0,0,0,0,0,3 small/tall portrait(s) as plain markdown → render tiny & left-flush (portrait-standard violation); position-correctness: not verifiable (WordPress source CDN offline)
https://www.beauticate.com/beauty-style/skin-care/the-new-beauty-tech-tools-were-truly-excited-about/,content/beauty-style/skin-care/the-new-beauty-tech-tools-were-truly-excited-about/the-new-beauty-tech-tools-were-truly-excited-about.mdx,beauty-style,2017-06-14,True,correct,clean,3,0,0,0,0,1,0,0,0,0,1 landscape plain-md image(s) → fill body measure (acceptable); position-correctness: not verifiable (WordPress source CDN offline)
https://www.beauticate.com/beauty-style/skin-care/the-new-s/,content/beauty-style/skin-care/the-new-s/the-new-s.mdx,beauty-style,2017-04-24,True,broken,portrait-render,12,0,10,10,0,1,0,0,0,0,10 small/tall portrait(s) as plain markdown → render tiny & left-flush (portrait-standard violation); 1 landscape plain-md image(s) → fill body measure (acceptable); position-correctness: not verifiable (WordPress source CDN offline)
https://www.beauticate.com/beauty-style/skin-care/the-new-years-resolutions-ive-kept-so-far-sigourneys-edit/,content/beauty-style/skin-care/the-new-years-resolutions-ive-kept-so-far-sigourneys-edit/the-new-years-resolutions-ive-kept-so-far-sigourneys-edit.mdx,beauty-style,2015-01-27,True,broken,portrait-render,17,0,14,14,2,1,0,0,0,0,14 small/tall portrait(s) as plain markdown → render tiny & left-flush (portrait-standard violation); 2 portrait(s) inside consecutive-image grid (cover-cropped gallery); 1 landscape plain-md image(s) → fill body measure (acceptable); position-correctness: not verifiable (WordPress source CDN offline)
https://www.beauticate.com/beauty-style/skin-care/the-nourishing-winter-oils-to-suit-every-beauty-style/,content/beauty-style/skin-care/the-nourishing-winter-oils-to-suit-every-beauty-style/the-nourishing-winter-oils-to-suit-every-beauty-style.mdx,beauty-style,2019-06-11,True,broken,portrait-render,13,0,4,4,8,0,0,0,0,0,4 small/tall portrait(s) as plain markdown → render tiny & left-flush (portrait-standard violation); 8 portrait(s) inside consecutive-image grid (cover-cropped gallery); position-correctness: not verifiable (WordPress source CDN offline)
https://www.beauticate.com/beauty-style/skin-care/the-one-thing-that-made-zoe-foster-blake-nervous/,content/beauty-style/skin-care/the-one-thing-that-made-zoe-foster-blake-nervous/the-one-thing-that-made-zoe-foster-blake-nervous.mdx,beauty-style,2019-10-09,True,broken,portrait-render,7,0,5,5,0,2,0,0,0,0,5 small/tall portrait(s) as plain markdown → render tiny & left-flush (portrait-standard violation); 2 landscape plain-md image(s) → fill body measure (acceptable); position-correctness: not verifiable (WordPress source CDN offline)
https://www.beauticate.com/beauty-style/skin-care/the-pimple-injection-and-other-blemish-hacks-that-actually-work/,content/beauty-style/skin-care/the-pimple-injection-and-other-blemish-hacks-that-actually-work/the-pimple-injection-and-other-blemish-hacks-that-actually-work.mdx,beauty-style,2019-04-16,True,broken,portrait-render,4,0,3,3,0,1,0,0,0,0,3 small/tall portrait(s) as plain markdown → render tiny & left-flush (portrait-standard violation); 1 landscape plain-md image(s) → fill body measure (acceptable); position-correctness: not verifiable (WordPress source CDN offline)
https://www.beauticate.com/beauty-style/skin-care/the-product-that-made-me-completely-rethink-cleansers/,content/beauty-style/skin-care/the-product-that-made-me-completely-rethink-cleansers/the-product-that-made-me-completely-rethink-cleansers.mdx,beauty-style,2021-04-21,True,correct,clean,5,0,0,0,0,2,0,0,0,0,2 landscape plain-md image(s) → fill body measure (acceptable); position-correctness: not verifiable (WordPress source CDN offline)
https://www.beauticate.com/beauty-style/skin-care/the-products-i-traveled-europe-with/,content/beauty-style/skin-care/the-products-i-traveled-europe-with/the-products-i-traveled-europe-with.mdx,beauty-style,2018-12-12,True,broken,portrait-render,26,0,24,24,0,2,0,0,0,0,24 small/tall portrait(s) as plain markdown → render tiny & left-flush (portrait-standard violation); 2 landscape plain-md image(s) → fill body measure (acceptable); position-correctness: not verifiable (WordPress source CDN offline)
https://www.beauticate.com/beauty-style/skin-care/the-secret-on-everyones-lips-the-range-promising-to-shake-up-the-skincare-scene/,content/beauty-style/skin-care/the-secret-on-everyones-lips-the-range-promising-to-shake-up-the-skincare-scene/the-secret-on-everyones-lips-the-range-promising-to-shake-up-the-skincare-scene.mdx,beauty-style,2020-06-24,True,broken,portrait-render,3,0,3,3,0,0,0,0,0,0,3 small/tall portrait(s) as plain markdown → render tiny & left-flush (portrait-standard violation); position-correctness: not verifiable (WordPress source CDN offline)
https://www.beauticate.com/beauty-style/skin-care/the-self-care-rituals-i-swear-by-mothers-day-or-not/,content/beauty-style/skin-care/the-self-care-rituals-i-swear-by-mothers-day-or-not/the-self-care-rituals-i-swear-by-mothers-day-or-not.mdx,beauty-style,2020-05-05,True,broken,portrait-render,30,0,26,26,0,4,0,0,0,0,26 small/tall portrait(s) as plain markdown → render tiny & left-flush (portrait-standard violation); 4 landscape plain-md image(s) → fill body measure (acceptable); position-correctness: not verifiable (WordPress source CDN offline)
https://www.beauticate.com/beauty-style/skin-care/the-single-ingredient-i-know-will-keep-me-looking-young-sigourneys-edit/,content/beauty-style/skin-care/the-single-ingredient-i-know-will-keep-me-looking-young-sigourneys-edit/the-single-ingredient-i-know-will-keep-me-looking-young-sigourneys-edit.mdx,beauty-style,2017-05-17,True,broken,portrait-render,4,0,3,3,0,1,0,0,0,0,3 small/tall portrait(s) as plain markdown → render tiny & left-flush (portrait-standard violation); 1 landscape plain-md image(s) → fill body measure (acceptable); position-correctness: not verifiable (WordPress source CDN offline)
https://www.beauticate.com/beauty-style/skin-care/the-sisters-using-science-and-astrology-to-care-for-your-skin/,content/beauty-style/skin-care/the-sisters-using-science-and-astrology-to-care-for-your-skin/the-sisters-using-science-and-astrology-to-care-for-your-skin.mdx,beauty-style,2022-12-15,True,broken,portrait-render,9,0,5,5,0,4,0,0,0,0,5 small/tall portrait(s) as plain markdown → render tiny & left-flush (portrait-standard violation); 4 landscape plain-md image(s) → fill body measure (acceptable); position-correctness: not verifiable (WordPress source CDN offline)
https://www.beauticate.com/beauty-style/skin-care/the-skincare-ingredients-that-will-fade-redness-for-good/,content/beauty-style/skin-care/the-skincare-ingredients-that-will-fade-redness-for-good/the-skincare-ingredients-that-will-fade-redness-for-good.mdx,beauty-style,2018-04-30,True,broken,portrait-render,11,0,3,3,7,1,0,0,0,0,3 small/tall portrait(s) as plain markdown → render tiny & left-flush (portrait-standard violation); 7 portrait(s) inside consecutive-image grid (cover-cropped gallery); 1 landscape plain-md image(s) → fill body measure (acceptable); position-correctness: not verifiable (WordPress source CDN offline)
https://www.beauticate.com/beauty-style/skin-care/the-supermodel-weapon-for-a-sculpted-face-jade-roller-benefits/,content/beauty-style/skin-care/the-supermodel-weapon-for-a-sculpted-face-jade-roller-benefits/the-supermodel-weapon-for-a-sculpted-face-jade-roller-benefits.mdx,beauty-style,2021-05-31,True,broken,portrait-render,3,0,2,1,0,0,0,0,0,0,1 small/tall portrait(s) as plain markdown → render tiny & left-flush (portrait-standard violation); position-correctness: not verifiable (WordPress source CDN offline)
https://www.beauticate.com/beauty-style/skin-care/the-top-6-products-to-fake-great-skin/,content/beauty-style/skin-care/the-top-6-products-to-fake-great-skin/the-top-6-products-to-fake-great-skin.mdx,beauty-style,2020-04-20,True,broken,portrait-render,6,0,2,2,4,0,0,0,0,0,2 small/tall portrait(s) as plain markdown → render tiny & left-flush (portrait-standard violation); 4 portrait(s) inside consecutive-image grid (cover-cropped gallery); position-correctness: not verifiable (WordPress source CDN offline)
https://www.beauticate.com/beauty-style/skin-care/the-twenty-second-skincare-video/,content/beauty-style/skin-care/the-twenty-second-skincare-video/the-twenty-second-skincare-video.mdx,beauty-style,2016-05-15,True,correct,clean,1,0,0,0,0,0,0,0,0,0,position-correctness: not verifiable (WordPress source CDN offline)
https://www.beauticate.com/beauty-style/skin-care/the-under-25-budget-buys-were-using-on-repeat/,content/beauty-style/skin-care/the-under-25-budget-buys-were-using-on-repeat/the-under-25-budget-buys-were-using-on-repeat.mdx,beauty-style,2020-08-25,True,broken,portrait-render,5,0,1,1,1,0,0,0,0,0,1 small/tall portrait(s) as plain markdown → render tiny & left-flush (portrait-standard violation); 1 portrait(s) inside consecutive-image grid (cover-cropped gallery); position-correctness: not verifiable (WordPress source CDN offline)
https://www.beauticate.com/beauty-style/skin-care/these-are-the-essentials-your-skin-needs-this-winter/,content/beauty-style/skin-care/these-are-the-essentials-your-skin-needs-this-winter/these-are-the-essentials-your-skin-needs-this-winter.mdx,beauty-style,2024-03-31,True,broken,portrait-render,15,0,15,15,0,0,0,0,0,0,15 small/tall portrait(s) as plain markdown → render tiny & left-flush (portrait-standard violation); position-correctness: not verifiable (WordPress source CDN offline)
https://www.beauticate.com/beauty-style/skin-care/these-are-the-exact-products-we-swear-by-to-travel-in-style/,content/beauty-style/skin-care/these-are-the-exact-products-we-swear-by-to-travel-in-style/these-are-the-exact-products-we-swear-by-to-travel-in-style.mdx,beauty-style,2019-12-16,True,broken,content-defect,42,0,37,37,0,0,0,4,0,0,37 small/tall portrait(s) as plain markdown → render tiny & left-flush (portrait-standard violation); ISSUE: non-image-src@bodyL17:'/shop/makeup/your-skin-but-better-cc-cream/'; ISSUE: non-image-src@bodyL25:'/shop/skin/flannel-flower-absolute/'; ISSUE: non-image-src@bodyL61:'/shop/skin/skin-food/'; ISSUE: non-image-src@bodyL165:'/shop/makeup/eyelash-curler/'; position-correctness: not verifiable (WordPress source CDN offline)
https://www.beauticate.com/beauty-style/skin-care/these-are-the-products-that-will-make-your-shower-as-fun-as-bath/,content/beauty-style/skin-care/these-are-the-products-that-will-make-your-shower-as-fun-as-bath/these-are-the-products-that-will-make-your-shower-as-fun-as-bath.mdx,beauty-style,2021-01-26,True,broken,portrait-render,5,0,1,1,3,0,0,0,0,0,1 small/tall portrait(s) as plain markdown → render tiny & left-flush (portrait-standard violation); 3 portrait(s) inside consecutive-image grid (cover-cropped gallery); position-correctness: not verifiable (WordPress source CDN offline)
https://www.beauticate.com/beauty-style/skin-care/these-are-the-six-products-i-use-to-get-my-skin-beach-ready/,content/beauty-style/skin-care/these-are-the-six-products-i-use-to-get-my-skin-beach-ready/these-are-the-six-products-i-use-to-get-my-skin-beach-ready.mdx,beauty-style,2022-02-21,True,broken,portrait-render,5,0,2,2,3,0,0,0,0,0,2 small/tall portrait(s) as plain markdown → render tiny & left-flush (portrait-standard violation); 3 portrait(s) inside consecutive-image grid (cover-cropped gallery); position-correctness: not verifiable (WordPress source CDN offline)
https://www.beauticate.com/beauty-style/skin-care/these-are-your-favourite-skincare-products/,content/beauty-style/skin-care/these-are-your-favourite-skincare-products/these-are-your-favourite-skincare-products.mdx,beauty-style,2024-01-11,True,correct,clean,0,0,0,0,0,0,0,0,0,0,position-correctness: not verifiable (WordPress source CDN offline)
https://www.beauticate.com/beauty-style/skin-care/these-beauties-will-help-you-refresh-your-skincare-regime/,content/beauty-style/skin-care/these-beauties-will-help-you-refresh-your-skincare-regime/these-beauties-will-help-you-refresh-your-skincare-regime.mdx,beauty-style,2021-03-02,True,correct,clean,11,0,0,0,0,0,0,0,0,0,position-correctness: not verifiable (WordPress source CDN offline)
https://www.beauticate.com/beauty-style/skin-care/think-twice-about-using-a-towel-to-dry-your-face/,content/beauty-style/skin-care/think-twice-about-using-a-towel-to-dry-your-face/think-twice-about-using-a-towel-to-dry-your-face.mdx,beauty-style,2018-05-23,True,broken,portrait-render,6,0,1,1,4,1,0,0,0,0,1 small/tall portrait(s) as plain markdown → render tiny & left-flush (portrait-standard violation); 4 portrait(s) inside consecutive-image grid (cover-cropped gallery); 1 landscape plain-md image(s) → fill body measure (acceptable); position-correctness: not verifiable (WordPress source CDN offline)
https://www.beauticate.com/beauty-style/skin-care/this-bizarre-skincare-ingredient-is-set-to-be-the-latest-miracle-worker/,content/beauty-style/skin-care/this-bizarre-skincare-ingredient-is-set-to-be-the-latest-miracle-worker/this-bizarre-skincare-ingredient-is-set-to-be-the-latest-miracle-worker.mdx,beauty-style,2017-02-08,True,broken,portrait-render,3,0,3,3,0,0,0,0,0,0,3 small/tall portrait(s) as plain markdown → render tiny & left-flush (portrait-standard violation); position-correctness: not verifiable (WordPress source CDN offline)
https://www.beauticate.com/beauty-style/skin-care/this-is-the-gold-mask-the-victorias-secret-angels-are-using/,content/beauty-style/skin-care/this-is-the-gold-mask-the-victorias-secret-angels-are-using/this-is-the-gold-mask-the-victorias-secret-angels-are-using.mdx,beauty-style,2016-12-01,True,broken,portrait-render,2,0,1,1,0,1,0,0,0,0,1 small/tall portrait(s) as plain markdown → render tiny & left-flush (portrait-standard violation); 1 landscape plain-md image(s) → fill body measure (acceptable); position-correctness: not verifiable (WordPress source CDN offline)
https://www.beauticate.com/beauty-style/skin-care/this-is-your-post-lockdown-beauty-to-do-list/,content/beauty-style/skin-care/this-is-your-post-lockdown-beauty-to-do-list/this-is-your-post-lockdown-beauty-to-do-list.mdx,beauty-style,2020-11-03,True,correct,clean,10,0,0,0,6,0,0,0,0,0,6 portrait(s) inside consecutive-image grid (cover-cropped gallery); position-correctness: not verifiable (WordPress source CDN offline)
https://www.beauticate.com/beauty-style/skin-care/this-pharmacy-night-routine-gets-my-big-tick-of-approval/,content/beauty-style/skin-care/this-pharmacy-night-routine-gets-my-big-tick-of-approval/this-pharmacy-night-routine-gets-my-big-tick-of-approval.mdx,beauty-style,2020-08-12,True,broken,portrait-render,16,0,7,7,3,0,0,0,0,0,7 small/tall portrait(s) as plain markdown → render tiny & left-flush (portrait-standard violation); 3 portrait(s) inside consecutive-image grid (cover-cropped gallery); position-correctness: not verifiable (WordPress source CDN offline)
https://www.beauticate.com/beauty-style/skin-care/this-stylist-has-a-kickass-anti-ageing-routine/,content/beauty-style/skin-care/this-stylist-has-a-kickass-anti-ageing-routine/this-stylist-has-a-kickass-anti-ageing-routine.mdx,beauty-style,2017-11-01,True,broken,portrait-render,13,0,8,8,4,1,0,0,0,0,8 small/tall portrait(s) as plain markdown → render tiny & left-flush (portrait-standard violation); 4 portrait(s) inside consecutive-image grid (cover-cropped gallery); 1 landscape plain-md image(s) → fill body measure (acceptable); position-correctness: not verifiable (WordPress source CDN offline)
https://www.beauticate.com/beauty-style/skin-care/this-top-mua-shares-how-to-get-runway-ready-skin-at-home/,content/beauty-style/skin-care/this-top-mua-shares-how-to-get-runway-ready-skin-at-home/this-top-mua-shares-how-to-get-runway-ready-skin-at-home.mdx,beauty-style,2020-10-22,True,broken,portrait-render,11,0,9,9,2,0,0,0,0,0,9 small/tall portrait(s) as plain markdown → render tiny & left-flush (portrait-standard violation); 2 portrait(s) inside consecutive-image grid (cover-cropped gallery); position-correctness: not verifiable (WordPress source CDN offline)
https://www.beauticate.com/beauty-style/skin-care/time-saving-beauty-hacks-for-mums-and-busy-women-in-general/,content/beauty-style/skin-care/time-saving-beauty-hacks-for-mums-and-busy-women-in-general/time-saving-beauty-hacks-for-mums-and-busy-women-in-general.mdx,beauty-style,2017-05-10,True,broken,portrait-render,8,0,5,5,0,2,0,0,0,0,5 small/tall portrait(s) as plain markdown → render tiny & left-flush (portrait-standard violation); 2 landscape plain-md image(s) → fill body measure (acceptable); position-correctness: not verifiable (WordPress source CDN offline)
https://www.beauticate.com/beauty-style/skin-care/top-50-skincare-products/,content/beauty-style/skin-care/top-50-skincare-products/top-50-skincare-products.mdx,beauty-style,2026-01-15,True,correct,clean,0,0,0,0,0,0,0,0,0,0,position-correctness: not verifiable (WordPress source CDN offline)
https://www.beauticate.com/beauty-style/skin-care/vagina-skincare/,content/beauty-style/skin-care/vagina-skincare/vagina-skincare.mdx,beauty-style,2023-09-07,True,broken,portrait-render,7,0,4,4,0,1,0,0,0,0,4 small/tall portrait(s) as plain markdown → render tiny & left-flush (portrait-standard violation); 1 landscape plain-md image(s) → fill body measure (acceptable); position-correctness: not verifiable (WordPress source CDN offline)
https://www.beauticate.com/beauty-style/skin-care/video-beauty-and-fashion-expert-trinny-woodall-on-how-to-truly-change-your-skin/,content/beauty-style/skin-care/video-beauty-and-fashion-expert-trinny-woodall-on-how-to-truly-change-your-skin/video-beauty-and-fashion-expert-trinny-woodall-on-how-to-truly-change-your-skin.mdx,beauty-style,2021-09-28,True,correct,clean,4,0,0,0,0,0,0,0,0,0,position-correctness: not verifiable (WordPress source CDN offline)
https://www.beauticate.com/beauty-style/skin-care/video-damiens-skincare-journey/,content/beauty-style/skin-care/video-damiens-skincare-journey/video-damiens-skincare-journey.mdx,beauty-style,2017-12-20,True,correct,clean,3,0,0,0,3,0,0,0,0,0,3 portrait(s) inside consecutive-image grid (cover-cropped gallery); position-correctness: not verifiable (WordPress source CDN offline)
https://www.beauticate.com/beauty-style/skin-care/video-darren-palmer-and-olivier-duvillards-all-time-favourite-mens-products/,content/beauty-style/skin-care/video-darren-palmer-and-olivier-duvillards-all-time-favourite-mens-products/video-darren-palmer-and-olivier-duvillards-all-time-favourite-mens-products.mdx,beauty-style,2017-12-11,True,broken,portrait-render,4,0,4,4,0,0,0,0,0,0,4 small/tall portrait(s) as plain markdown → render tiny & left-flush (portrait-standard violation); position-correctness: not verifiable (WordPress source CDN offline)
https://www.beauticate.com/beauty-style/skin-care/video-elle-ferguson-shows-us-her-beauty-stash/,content/beauty-style/skin-care/video-elle-ferguson-shows-us-her-beauty-stash/video-elle-ferguson-shows-us-her-beauty-stash.mdx,beauty-style,2019-06-05,True,correct,clean,0,0,0,0,0,0,0,0,0,0,position-correctness: not verifiable (WordPress source CDN offline)
https://www.beauticate.com/beauty-style/skin-care/video-everything-you-and-your-man-need-to-know-about-his-skin/,content/beauty-style/skin-care/video-everything-you-and-your-man-need-to-know-about-his-skin/video-everything-you-and-your-man-need-to-know-about-his-skin.mdx,beauty-style,2017-08-23,True,correct,clean,0,0,0,0,0,0,0,0,0,0,position-correctness: not verifiable (WordPress source CDN offline)
https://www.beauticate.com/beauty-style/skin-care/video-how-to-do-a-luxe-skincare-ritual-with-caviar/,content/beauty-style/skin-care/video-how-to-do-a-luxe-skincare-ritual-with-caviar/video-how-to-do-a-luxe-skincare-ritual-with-caviar.mdx,beauty-style,2017-01-16,True,broken,portrait-render,3,0,1,1,2,0,0,0,0,0,1 small/tall portrait(s) as plain markdown → render tiny & left-flush (portrait-standard violation); 2 portrait(s) inside consecutive-image grid (cover-cropped gallery); position-correctness: not verifiable (WordPress source CDN offline)
https://www.beauticate.com/beauty-style/skin-care/video-how-to-steam-your-skin/,content/beauty-style/skin-care/video-how-to-steam-your-skin/video-how-to-steam-your-skin.mdx,beauty-style,2018-07-18,True,broken,portrait-render,6,0,6,6,0,0,0,0,0,0,6 small/tall portrait(s) as plain markdown → render tiny & left-flush (portrait-standard violation); position-correctness: not verifiable (WordPress source CDN offline)
https://www.beauticate.com/beauty-style/skin-care/video-megan-gale-on-rituals-crystals-and-meditation/,content/beauty-style/skin-care/video-megan-gale-on-rituals-crystals-and-meditation/video-megan-gale-on-rituals-crystals-and-meditation.mdx,beauty-style,2020-02-05,True,broken,portrait-render,3,0,3,3,0,0,0,0,0,0,3 small/tall portrait(s) as plain markdown → render tiny & left-flush (portrait-standard violation); position-correctness: not verifiable (WordPress source CDN offline)
https://www.beauticate.com/beauty-style/skin-care/video-mid-year-escape-skin-and-haircare-must-haves/,content/beauty-style/skin-care/video-mid-year-escape-skin-and-haircare-must-haves/video-mid-year-escape-skin-and-haircare-must-haves.mdx,beauty-style,2019-08-19,True,correct,clean,9,0,0,0,8,1,0,0,0,0,8 portrait(s) inside consecutive-image grid (cover-cropped gallery); 1 landscape plain-md image(s) → fill body measure (acceptable); position-correctness: not verifiable (WordPress source CDN offline)
https://www.beauticate.com/beauty-style/skin-care/video-mornings-with-sigourney-and-family/,content/beauty-style/skin-care/video-mornings-with-sigourney-and-family/video-mornings-with-sigourney-and-family.mdx,beauty-style,2019-07-31,True,broken,portrait-render,6,0,6,6,0,0,0,0,0,0,6 small/tall portrait(s) as plain markdown → render tiny & left-flush (portrait-standard violation); position-correctness: not verifiable (WordPress source CDN offline)
https://www.beauticate.com/beauty-style/skin-care/video-sigourney-on-her-ultimate-eye-care-routine/,content/beauty-style/skin-care/video-sigourney-on-her-ultimate-eye-care-routine/video-sigourney-on-her-ultimate-eye-care-routine.mdx,beauty-style,2019-09-10,True,broken,portrait-render,3,0,3,3,0,0,0,0,0,0,3 small/tall portrait(s) as plain markdown → render tiny & left-flush (portrait-standard violation); position-correctness: not verifiable (WordPress source CDN offline)
https://www.beauticate.com/beauty-style/skin-care/video-sigourney-on-how-to-nourish-your-skin/,content/beauty-style/skin-care/video-sigourney-on-how-to-nourish-your-skin/video-sigourney-on-how-to-nourish-your-skin.mdx,beauty-style,2019-05-23,True,broken,portrait-render,9,0,7,7,1,0,0,0,0,0,7 small/tall portrait(s) as plain markdown → render tiny & left-flush (portrait-standard violation); 1 portrait(s) inside consecutive-image grid (cover-cropped gallery); position-correctness: not verifiable (WordPress source CDN offline)
https://www.beauticate.com/beauty-style/skin-care/video-sigourney-plies-skincare-secrets-from-victoria-beckhams-derm/,content/beauty-style/skin-care/video-sigourney-plies-skincare-secrets-from-victoria-beckhams-derm/video-sigourney-plies-skincare-secrets-from-victoria-beckhams-derm.mdx,beauty-style,2020-01-22,True,broken,portrait-render,3,0,3,3,0,0,0,0,0,0,3 small/tall portrait(s) as plain markdown → render tiny & left-flush (portrait-standard violation); position-correctness: not verifiable (WordPress source CDN offline)
https://www.beauticate.com/beauty-style/skin-care/video-sigourney-road-tests-3d-skin-tightening-treatment-2/,content/beauty-style/skin-care/video-sigourney-road-tests-3d-skin-tightening-treatment-2/video-sigourney-road-tests-3d-skin-tightening-treatment-2.mdx,beauty-style,2017-10-25,True,broken,portrait-render,3,0,3,3,0,0,0,0,0,0,3 small/tall portrait(s) as plain markdown → render tiny & left-flush (portrait-standard violation); position-correctness: not verifiable (WordPress source CDN offline)
https://www.beauticate.com/beauty-style/skin-care/video-sigourneys-in-flight-beauty-routine/,content/beauty-style/skin-care/video-sigourneys-in-flight-beauty-routine/video-sigourneys-in-flight-beauty-routine.mdx,beauty-style,2017-06-21,True,broken,portrait-render,13,0,13,13,0,0,0,0,0,0,13 small/tall portrait(s) as plain markdown → render tiny & left-flush (portrait-standard violation); position-correctness: not verifiable (WordPress source CDN offline)
https://www.beauticate.com/beauty-style/skin-care/video-six-steps-to-a-zenned-out-complexion/,content/beauty-style/skin-care/video-six-steps-to-a-zenned-out-complexion/video-six-steps-to-a-zenned-out-complexion.mdx,beauty-style,2016-08-16,True,correct,clean,6,0,0,0,0,0,0,0,0,0,position-correctness: not verifiable (WordPress source CDN offline)
https://www.beauticate.com/beauty-style/skin-care/video-teresa-palmer-and-chrissy-duigan-on-their-travel-essentials/,content/beauty-style/skin-care/video-teresa-palmer-and-chrissy-duigan-on-their-travel-essentials/video-teresa-palmer-and-chrissy-duigan-on-their-travel-essentials.mdx,beauty-style,2019-06-05,True,broken,portrait-render,4,0,4,4,0,0,0,0,0,0,4 small/tall portrait(s) as plain markdown → render tiny & left-flush (portrait-standard violation); position-correctness: not verifiable (WordPress source CDN offline)
https://www.beauticate.com/beauty-style/skin-care/video-the-eco-warrior-model-on-her-best-ways-to-minimise-plastic/,content/beauty-style/skin-care/video-the-eco-warrior-model-on-her-best-ways-to-minimise-plastic/video-the-eco-warrior-model-on-her-best-ways-to-minimise-plastic.mdx,beauty-style,2020-09-08,True,broken,portrait-render,3,0,3,3,0,0,0,0,0,0,3 small/tall portrait(s) as plain markdown → render tiny & left-flush (portrait-standard violation); position-correctness: not verifiable (WordPress source CDN offline)
https://www.beauticate.com/beauty-style/skin-care/video-why-you-should-be-using-a-home-roller/,content/beauty-style/skin-care/video-why-you-should-be-using-a-home-roller/video-why-you-should-be-using-a-home-roller.mdx,beauty-style,2016-03-16,True,correct,clean,3,0,0,0,3,0,0,0,0,0,3 portrait(s) inside consecutive-image grid (cover-cropped gallery); position-correctness: not verifiable (WordPress source CDN offline)
https://www.beauticate.com/beauty-style/skin-care/video-winter-body-routine-sigourneys-edit/,content/beauty-style/skin-care/video-winter-body-routine-sigourneys-edit/video-winter-body-routine-sigourneys-edit.mdx,beauty-style,2016-08-02,True,correct,clean,9,0,0,0,0,0,0,0,0,0,position-correctness: not verifiable (WordPress source CDN offline)
https://www.beauticate.com/beauty-style/skin-care/we-headed-to-the-worlds-skincare-capital-to-school-up-on-zero-waste-beauty-2/,content/beauty-style/skin-care/we-headed-to-the-worlds-skincare-capital-to-school-up-on-zero-waste-beauty-2/we-headed-to-the-worlds-skincare-capital-to-school-up-on-zero-waste-beauty-2.mdx,beauty-style,2020-02-10,True,broken,portrait-render,10,0,6,6,0,4,0,0,0,0,6 small/tall portrait(s) as plain markdown → render tiny & left-flush (portrait-standard violation); 4 landscape plain-md image(s) → fill body measure (acceptable); position-correctness: not verifiable (WordPress source CDN offline)
https://www.beauticate.com/beauty-style/skin-care/we-try-a-lifting-tightening-facial/,content/beauty-style/skin-care/we-try-a-lifting-tightening-facial/we-try-a-lifting-tightening-facial.mdx,beauty-style,2017-11-29,True,broken,portrait-render,5,0,2,2,2,1,0,0,0,0,2 small/tall portrait(s) as plain markdown → render tiny & left-flush (portrait-standard violation); 2 portrait(s) inside consecutive-image grid (cover-cropped gallery); 1 landscape plain-md image(s) → fill body measure (acceptable); position-correctness: not verifiable (WordPress source CDN offline)
https://www.beauticate.com/beauty-style/skin-care/what-i-wish-i-knew-before-i-got-acne-again/,content/beauty-style/skin-care/what-i-wish-i-knew-before-i-got-acne-again/what-i-wish-i-knew-before-i-got-acne-again.mdx,beauty-style,2017-09-11,True,broken,portrait-render,9,0,8,8,0,1,0,0,0,0,8 small/tall portrait(s) as plain markdown → render tiny & left-flush (portrait-standard violation); 1 landscape plain-md image(s) → fill body measure (acceptable); position-correctness: not verifiable (WordPress source CDN offline)
https://www.beauticate.com/beauty-style/skin-care/what-is-a-skin-booster-and-why-do-i-need-one/,content/beauty-style/skin-care/what-is-a-skin-booster-and-why-do-i-need-one/what-is-a-skin-booster-and-why-do-i-need-one.mdx,beauty-style,2015-10-07,True,broken,portrait-render,4,0,3,3,0,1,0,0,0,0,3 small/tall portrait(s) as plain markdown → render tiny & left-flush (portrait-standard violation); 1 landscape plain-md image(s) → fill body measure (acceptable); position-correctness: not verifiable (WordPress source CDN offline)
https://www.beauticate.com/beauty-style/skin-care/what-is-the-best-value-led-mask-on-the-market-qure/,content/beauty-style/skin-care/what-is-the-best-value-led-mask-on-the-market-qure/what-is-the-best-value-led-mask-on-the-market-qure.mdx,beauty-style,2024-05-14,True,broken,portrait-render,7,0,7,7,0,0,0,0,0,0,7 small/tall portrait(s) as plain markdown → render tiny & left-flush (portrait-standard violation); position-correctness: not verifiable (WordPress source CDN offline)
https://www.beauticate.com/beauty-style/skin-care/what-london-taught-me-about-beauty-sigourneys-edit/,content/beauty-style/skin-care/what-london-taught-me-about-beauty-sigourneys-edit/what-london-taught-me-about-beauty-sigourneys-edit.mdx,beauty-style,2019-03-27,True,broken,portrait-render,25,0,5,5,12,7,0,0,0,0,5 small/tall portrait(s) as plain markdown → render tiny & left-flush (portrait-standard violation); 12 portrait(s) inside consecutive-image grid (cover-cropped gallery); 7 landscape plain-md image(s) → fill body measure (acceptable); position-correctness: not verifiable (WordPress source CDN offline)
https://www.beauticate.com/beauty-style/skin-care/what-your-skin-needs-now-that-youre-stuck-inside/,content/beauty-style/skin-care/what-your-skin-needs-now-that-youre-stuck-inside/what-your-skin-needs-now-that-youre-stuck-inside.mdx,beauty-style,2020-04-15,True,broken,portrait-render,6,0,1,1,0,2,0,0,0,0,1 small/tall portrait(s) as plain markdown → render tiny & left-flush (portrait-standard violation); 2 landscape plain-md image(s) → fill body measure (acceptable); position-correctness: not verifiable (WordPress source CDN offline)
https://www.beauticate.com/beauty-style/skin-care/why-chanels-latest-cream-is-as-covetable-as-their-handbags/,content/beauty-style/skin-care/why-chanels-latest-cream-is-as-covetable-as-their-handbags/why-chanels-latest-cream-is-as-covetable-as-their-handbags.mdx,beauty-style,2016-02-24,True,broken,portrait-render,3,0,3,3,0,0,0,0,0,0,3 small/tall portrait(s) as plain markdown → render tiny & left-flush (portrait-standard violation); position-correctness: not verifiable (WordPress source CDN offline)
https://www.beauticate.com/beauty-style/skin-care/why-i-changed-my-mind-about-masks-sigourneys-edit/,content/beauty-style/skin-care/why-i-changed-my-mind-about-masks-sigourneys-edit/why-i-changed-my-mind-about-masks-sigourneys-edit.mdx,beauty-style,2018-10-10,True,broken,portrait-render,5,0,3,3,0,2,0,0,0,0,3 small/tall portrait(s) as plain markdown → render tiny & left-flush (portrait-standard violation); 2 landscape plain-md image(s) → fill body measure (acceptable); position-correctness: not verifiable (WordPress source CDN offline)
https://www.beauticate.com/beauty-style/skin-care/why-just-going-outside-could-make-your-skin-sensitive-and-now-theres-an-app-for-that/,content/beauty-style/skin-care/why-just-going-outside-could-make-your-skin-sensitive-and-now-theres-an-app-for-that/why-just-going-outside-could-make-your-skin-sensitive-and-now-theres-an-app-for-that.mdx,beauty-style,2018-03-27,True,broken,portrait-render,12,0,7,7,2,3,0,0,0,0,7 small/tall portrait(s) as plain markdown → render tiny & left-flush (portrait-standard violation); 2 portrait(s) inside consecutive-image grid (cover-cropped gallery); 3 landscape plain-md image(s) → fill body measure (acceptable); position-correctness: not verifiable (WordPress source CDN offline)
https://www.beauticate.com/beauty-style/skin-care/why-korean-cleansing-water-should-be-your-next-beauty-buy/,content/beauty-style/skin-care/why-korean-cleansing-water-should-be-your-next-beauty-buy/why-korean-cleansing-water-should-be-your-next-beauty-buy.mdx,beauty-style,2017-08-09,True,broken,portrait-render,2,0,2,2,0,0,0,0,0,0,2 small/tall portrait(s) as plain markdown → render tiny & left-flush (portrait-standard violation); position-correctness: not verifiable (WordPress source CDN offline)
https://www.beauticate.com/beauty-style/skin-care/why-the-ocean-is-your-skins-best-friend/,content/beauty-style/skin-care/why-the-ocean-is-your-skins-best-friend/why-the-ocean-is-your-skins-best-friend.mdx,beauty-style,2016-01-08,True,broken,portrait-render,4,0,3,3,0,1,0,0,0,0,3 small/tall portrait(s) as plain markdown → render tiny & left-flush (portrait-standard violation); 1 landscape plain-md image(s) → fill body measure (acceptable); position-correctness: not verifiable (WordPress source CDN offline)
https://www.beauticate.com/beauty-style/skin-care/why-you-need-vitamin-serums-in-your-skincare-arsenal-this-summer/,content/beauty-style/skin-care/why-you-need-vitamin-serums-in-your-skincare-arsenal-this-summer/why-you-need-vitamin-serums-in-your-skincare-arsenal-this-summer.mdx,beauty-style,2017-11-22,True,correct,clean,1,0,0,0,0,1,0,0,0,0,1 landscape plain-md image(s) → fill body measure (acceptable); position-correctness: not verifiable (WordPress source CDN offline)
https://www.beauticate.com/beauty-style/skin-care/why-you-really-need-vitamin-b-in-your-life/,content/beauty-style/skin-care/why-you-really-need-vitamin-b-in-your-life/why-you-really-need-vitamin-b-in-your-life.mdx,beauty-style,2017-04-19,True,broken,portrait-render,16,0,7,7,0,0,0,0,0,0,7 small/tall portrait(s) as plain markdown → render tiny & left-flush (portrait-standard violation); position-correctness: not verifiable (WordPress source CDN offline)
https://www.beauticate.com/beauty-style/skin-care/why-you-should-be-using-probiotics-for-skincare-2/,content/beauty-style/skin-care/why-you-should-be-using-probiotics-for-skincare-2/why-you-should-be-using-probiotics-for-skincare-2.mdx,beauty-style,2018-05-14,True,broken,portrait-render,8,0,1,1,6,1,0,0,0,0,1 small/tall portrait(s) as plain markdown → render tiny & left-flush (portrait-standard violation); 6 portrait(s) inside consecutive-image grid (cover-cropped gallery); 1 landscape plain-md image(s) → fill body measure (acceptable); position-correctness: not verifiable (WordPress source CDN offline)
https://www.beauticate.com/beauty-style/skin-care/why-you-should-clay-mask/,content/beauty-style/skin-care/why-you-should-clay-mask/why-you-should-clay-mask.mdx,beauty-style,2018-03-27,True,broken,portrait-render,6,0,5,5,0,1,0,0,0,0,5 small/tall portrait(s) as plain markdown → render tiny & left-flush (portrait-standard violation); 1 landscape plain-md image(s) → fill body measure (acceptable); position-correctness: not verifiable (WordPress source CDN offline)
https://www.beauticate.com/beauty-style/skin-care/why-you-should-gua-sha-your-neck-too/,content/beauty-style/skin-care/why-you-should-gua-sha-your-neck-too/why-you-should-gua-sha-your-neck-too.mdx,beauty-style,2023-04-20,True,broken,portrait-render,4,0,2,2,0,2,0,0,0,0,2 small/tall portrait(s) as plain markdown → render tiny & left-flush (portrait-standard violation); 2 landscape plain-md image(s) → fill body measure (acceptable); position-correctness: not verifiable (WordPress source CDN offline)
https://www.beauticate.com/beauty-style/skin-care/why-your-skin-needs-a-cleansing-balm-asap-and-which-one-to-pick/,content/beauty-style/skin-care/why-your-skin-needs-a-cleansing-balm-asap-and-which-one-to-pick/why-your-skin-needs-a-cleansing-balm-asap-and-which-one-to-pick.mdx,beauty-style,2020-09-08,True,correct,clean,8,0,0,0,0,0,0,0,0,0,position-correctness: not verifiable (WordPress source CDN offline)
https://www.beauticate.com/beauty-style/skin-care/why-your-tap-water-might-be-ruining-your-skin-and-what-to-do-about-it/,content/beauty-style/skin-care/why-your-tap-water-might-be-ruining-your-skin-and-what-to-do-about-it/why-your-tap-water-might-be-ruining-your-skin-and-what-to-do-about-it.mdx,beauty-style,2025-02-26,True,correct,clean,4,0,0,0,0,4,0,0,0,0,4 landscape plain-md image(s) → fill body measure (acceptable); position-correctness: not verifiable (WordPress source CDN offline)
https://www.beauticate.com/beauty-style/skin-care/wildcrafted-organics-australian-botanical-skincare-that-doesnt-compromise-on-science/,content/beauty-style/skin-care/wildcrafted-organics-australian-botanical-skincare-that-doesnt-compromise-on-science/wildcrafted-organics-australian-botanical-skincare-that-doesnt-compromise-on-science.mdx,beauty-style,2023-07-05,True,broken,portrait-render,9,0,2,2,3,2,0,0,0,0,2 small/tall portrait(s) as plain markdown → render tiny & left-flush (portrait-standard violation); 3 portrait(s) inside consecutive-image grid (cover-cropped gallery); 2 landscape plain-md image(s) → fill body measure (acceptable); position-correctness: not verifiable (WordPress source CDN offline)
https://www.beauticate.com/beauty-style/skin-care/wine-for-your-skin-resveratrol-heres-what-you-need-to-know/,content/beauty-style/skin-care/wine-for-your-skin-resveratrol-heres-what-you-need-to-know/wine-for-your-skin-resveratrol-heres-what-you-need-to-know.mdx,beauty-style,2017-02-13,True,broken,portrait-render,4,0,3,3,0,1,0,0,0,0,3 small/tall portrait(s) as plain markdown → render tiny & left-flush (portrait-standard violation); 1 landscape plain-md image(s) → fill body measure (acceptable); position-correctness: not verifiable (WordPress source CDN offline)
https://www.beauticate.com/beauty-style/style/christmas-with-our-friends-and-family-sigourneys-edit/,content/beauty-style/style/christmas-with-our-friends-and-family-sigourneys-edit/christmas-with-our-friends-and-family-sigourneys-edit.mdx,beauty-style,2016-12-20,True,broken,portrait-render,19,0,2,2,11,3,0,0,0,0,2 small/tall portrait(s) as plain markdown → render tiny & left-flush (portrait-standard violation); 11 portrait(s) inside consecutive-image grid (cover-cropped gallery); 3 landscape plain-md image(s) → fill body measure (acceptable); position-correctness: not verifiable (WordPress source CDN offline)
https://www.beauticate.com/beauty-style/style/confessions-of-a-beauty-shopgirl/,content/beauty-style/style/confessions-of-a-beauty-shopgirl/confessions-of-a-beauty-shopgirl.mdx,beauty-style,2016-12-19,True,correct,clean,1,0,0,0,0,1,0,0,0,0,1 landscape plain-md image(s) → fill body measure (acceptable); position-correctness: not verifiable (WordPress source CDN offline)
https://www.beauticate.com/beauty-style/style/everyday-style-essentials-sigourneys-edit/,content/beauty-style/style/everyday-style-essentials-sigourneys-edit/everyday-style-essentials-sigourneys-edit.mdx,beauty-style,2015-09-24,True,broken,portrait-render,24,0,17,17,0,7,0,0,0,0,17 small/tall portrait(s) as plain markdown → render tiny & left-flush (portrait-standard violation); 7 landscape plain-md image(s) → fill body measure (acceptable); position-correctness: not verifiable (WordPress source CDN offline)
https://www.beauticate.com/beauty-style/style/faces-of-fashion-month-the-new-girls-to-follow/,content/beauty-style/style/faces-of-fashion-month-the-new-girls-to-follow/faces-of-fashion-month-the-new-girls-to-follow.mdx,beauty-style,2017-03-06,True,correct,clean,1,0,0,0,0,1,0,0,0,0,1 landscape plain-md image(s) → fill body measure (acceptable); position-correctness: not verifiable (WordPress source CDN offline)
https://www.beauticate.com/beauty-style/style/fashion-designers-on-their-beauty-muses/,content/beauty-style/style/fashion-designers-on-their-beauty-muses/fashion-designers-on-their-beauty-muses.mdx,beauty-style,2015-04-15,True,broken,portrait-render,15,0,14,14,0,1,0,0,0,0,14 small/tall portrait(s) as plain markdown → render tiny & left-flush (portrait-standard violation); 1 landscape plain-md image(s) → fill body measure (acceptable); position-correctness: not verifiable (WordPress source CDN offline)
https://www.beauticate.com/beauty-style/style/five-reasons-why-winter-fashion-is-the-best/,content/beauty-style/style/five-reasons-why-winter-fashion-is-the-best/five-reasons-why-winter-fashion-is-the-best.mdx,beauty-style,2018-07-17,True,correct,clean,6,0,0,0,5,1,0,0,0,0,5 portrait(s) inside consecutive-image grid (cover-cropped gallery); 1 landscape plain-md image(s) → fill body measure (acceptable); position-correctness: not verifiable (WordPress source CDN offline)
https://www.beauticate.com/beauty-style/style/how-to-accessorize-with-jackets-with-kelly-smythe/,content/beauty-style/style/how-to-accessorize-with-jackets-with-kelly-smythe/how-to-accessorize-with-jackets-with-kelly-smythe.mdx,beauty-style,2014-05-14,True,correct,clean,0,0,0,0,0,0,0,0,0,0,position-correctness: not verifiable (WordPress source CDN offline)
https://www.beauticate.com/beauty-style/style/how-to-do-festivals-like-a-rock-gods-daughter/,content/beauty-style/style/how-to-do-festivals-like-a-rock-gods-daughter/how-to-do-festivals-like-a-rock-gods-daughter.mdx,beauty-style,2014-07-22,True,broken,portrait-render,18,0,15,15,0,1,0,0,0,0,15 small/tall portrait(s) as plain markdown → render tiny & left-flush (portrait-standard violation); 1 landscape plain-md image(s) → fill body measure (acceptable); position-correctness: not verifiable (WordPress source CDN offline)
https://www.beauticate.com/beauty-style/style/how-to-feel-better-in-a-swimsuit/,content/beauty-style/style/how-to-feel-better-in-a-swimsuit/how-to-feel-better-in-a-swimsuit.mdx,beauty-style,2017-02-01,True,broken,portrait-render,5,0,2,2,2,1,0,0,0,0,2 small/tall portrait(s) as plain markdown → render tiny & left-flush (portrait-standard violation); 2 portrait(s) inside consecutive-image grid (cover-cropped gallery); 1 landscape plain-md image(s) → fill body measure (acceptable); position-correctness: not verifiable (WordPress source CDN offline)
https://www.beauticate.com/beauty-style/style/how-to-look-better-in-a-swimsuit-sigourneys-edit/,content/beauty-style/style/how-to-look-better-in-a-swimsuit-sigourneys-edit/how-to-look-better-in-a-swimsuit-sigourneys-edit.mdx,beauty-style,2018-01-11,True,broken,portrait-render,17,0,15,15,0,2,0,0,0,0,15 small/tall portrait(s) as plain markdown → render tiny & left-flush (portrait-standard violation); 2 landscape plain-md image(s) → fill body measure (acceptable); position-correctness: not verifiable (WordPress source CDN offline)
https://www.beauticate.com/beauty-style/style/how-to-spring-racing-beauty-edit/,content/beauty-style/style/how-to-spring-racing-beauty-edit/how-to-spring-racing-beauty-edit.mdx,beauty-style,2014-10-30,True,broken,portrait-render,23,0,22,22,0,1,0,0,0,0,22 small/tall portrait(s) as plain markdown → render tiny & left-flush (portrait-standard violation); 1 landscape plain-md image(s) → fill body measure (acceptable); position-correctness: not verifiable (WordPress source CDN offline)
https://www.beauticate.com/beauty-style/style/how-to-wear-colour-this-winter/,content/beauty-style/style/how-to-wear-colour-this-winter/how-to-wear-colour-this-winter.mdx,beauty-style,2018-05-08,True,broken,portrait-render,19,0,18,18,0,1,0,0,0,0,18 small/tall portrait(s) as plain markdown → render tiny & left-flush (portrait-standard violation); 1 landscape plain-md image(s) → fill body measure (acceptable); position-correctness: not verifiable (WordPress source CDN offline)
https://www.beauticate.com/beauty-style/style/inside-the-beauty-cupboards-of-our-fave-aussie-designers-part-two/,content/beauty-style/style/inside-the-beauty-cupboards-of-our-fave-aussie-designers-part-two/inside-the-beauty-cupboards-of-our-fave-aussie-designers-part-two.mdx,beauty-style,2018-01-25,True,broken,portrait-render,25,0,14,14,2,9,0,0,0,0,14 small/tall portrait(s) as plain markdown → render tiny & left-flush (portrait-standard violation); 2 portrait(s) inside consecutive-image grid (cover-cropped gallery); 9 landscape plain-md image(s) → fill body measure (acceptable); position-correctness: not verifiable (WordPress source CDN offline)
https://www.beauticate.com/beauty-style/style/inside-the-beauty-cupboards-of-our-fave-aussie-designers/,content/beauty-style/style/inside-the-beauty-cupboards-of-our-fave-aussie-designers/inside-the-beauty-cupboards-of-our-fave-aussie-designers.mdx,beauty-style,2018-01-08,True,broken,portrait-render,16,0,10,10,0,6,0,0,0,0,10 small/tall portrait(s) as plain markdown → render tiny & left-flush (portrait-standard violation); 6 landscape plain-md image(s) → fill body measure (acceptable); position-correctness: not verifiable (WordPress source CDN offline)
https://www.beauticate.com/beauty-style/style/london-fashion-week-round-up/,content/beauty-style/style/london-fashion-week-round-up/london-fashion-week-round-up.mdx,beauty-style,2015-03-02,True,broken,portrait-render,6,0,5,5,0,1,0,0,0,0,5 small/tall portrait(s) as plain markdown → render tiny & left-flush (portrait-standard violation); 1 landscape plain-md image(s) → fill body measure (acceptable); position-correctness: not verifiable (WordPress source CDN offline)
https://www.beauticate.com/beauty-style/style/mastectomy-swimwear-breast-cancer-awareness-month/,content/beauty-style/style/mastectomy-swimwear-breast-cancer-awareness-month/mastectomy-swimwear-breast-cancer-awareness-month.mdx,beauty-style,2018-10-08,True,broken,portrait-render,6,0,5,5,0,1,0,0,0,0,5 small/tall portrait(s) as plain markdown → render tiny & left-flush (portrait-standard violation); 1 landscape plain-md image(s) → fill body measure (acceptable); position-correctness: not verifiable (WordPress source CDN offline)
https://www.beauticate.com/beauty-style/style/olivia-bond-on-how-to-make-your-jewellery-sparkle-like-new/,content/beauty-style/style/olivia-bond-on-how-to-make-your-jewellery-sparkle-like-new/olivia-bond-on-how-to-make-your-jewellery-sparkle-like-new.mdx,beauty-style,2021-07-27,True,broken,portrait-render,3,0,2,2,0,1,0,0,0,0,2 small/tall portrait(s) as plain markdown → render tiny & left-flush (portrait-standard violation); 1 landscape plain-md image(s) → fill body measure (acceptable); position-correctness: not verifiable (WordPress source CDN offline)
https://www.beauticate.com/beauty-style/style/online-fashion-hub-gets-into-the-beauty-biz/,content/beauty-style/style/online-fashion-hub-gets-into-the-beauty-biz/online-fashion-hub-gets-into-the-beauty-biz.mdx,beauty-style,2016-12-13,True,correct,clean,1,0,0,0,0,1,0,0,0,0,1 landscape plain-md image(s) → fill body measure (acceptable); position-correctness: not verifiable (WordPress source CDN offline)
https://www.beauticate.com/beauty-style/style/pack-your-handbag-for-day-night-and-weekend/,content/beauty-style/style/pack-your-handbag-for-day-night-and-weekend/pack-your-handbag-for-day-night-and-weekend.mdx,beauty-style,2014-01-05,True,correct,clean,3,0,0,0,0,3,0,0,0,0,3 landscape plain-md image(s) → fill body measure (acceptable); position-correctness: not verifiable (WordPress source CDN offline)
https://www.beauticate.com/beauty-style/style/shop-sigs-look-from-her-parlour-x-shoot/,content/beauty-style/style/shop-sigs-look-from-her-parlour-x-shoot/shop-sigs-look-from-her-parlour-x-shoot.mdx,beauty-style,2019-03-11,True,broken,portrait-render,32,0,16,16,12,1,0,0,0,0,16 small/tall portrait(s) as plain markdown → render tiny & left-flush (portrait-standard violation); 12 portrait(s) inside consecutive-image grid (cover-cropped gallery); 1 landscape plain-md image(s) → fill body measure (acceptable); position-correctness: not verifiable (WordPress source CDN offline)
https://www.beauticate.com/beauty-style/style/six-wardrobe-staples-every-woman-needs-to-invest-in/,content/beauty-style/style/six-wardrobe-staples-every-woman-needs-to-invest-in/six-wardrobe-staples-every-woman-needs-to-invest-in.mdx,beauty-style,2017-06-15,True,broken,portrait-render,10,0,1,1,8,1,0,0,0,0,1 small/tall portrait(s) as plain markdown → render tiny & left-flush (portrait-standard violation); 8 portrait(s) inside consecutive-image grid (cover-cropped gallery); 1 landscape plain-md image(s) → fill body measure (acceptable); position-correctness: not verifiable (WordPress source CDN offline)
https://www.beauticate.com/beauty-style/style/spring-style-beauty-updates/,content/beauty-style/style/spring-style-beauty-updates/spring-style-beauty-updates.mdx,beauty-style,2018-11-15,True,correct,clean,20,0,0,0,7,1,0,0,0,0,7 portrait(s) inside consecutive-image grid (cover-cropped gallery); 1 landscape plain-md image(s) → fill body measure (acceptable); position-correctness: not verifiable (WordPress source CDN offline)
https://www.beauticate.com/beauty-style/style/stunning-looks-from-award-season/,content/beauty-style/style/stunning-looks-from-award-season/stunning-looks-from-award-season.mdx,beauty-style,2018-03-13,True,broken,portrait-render,13,0,12,12,0,1,0,0,0,0,12 small/tall portrait(s) as plain markdown → render tiny & left-flush (portrait-standard violation); 1 landscape plain-md image(s) → fill body measure (acceptable); position-correctness: not verifiable (WordPress source CDN offline)
https://www.beauticate.com/beauty-style/style/the-beauty-of-a-white-shirt/,content/beauty-style/style/the-beauty-of-a-white-shirt/the-beauty-of-a-white-shirt.mdx,beauty-style,2015-04-14,True,broken,portrait-render,3,0,2,2,0,1,0,0,0,0,2 small/tall portrait(s) as plain markdown → render tiny & left-flush (portrait-standard violation); 1 landscape plain-md image(s) → fill body measure (acceptable); position-correctness: not verifiable (WordPress source CDN offline)
https://www.beauticate.com/beauty-style/style/the-best-celeb-halloween-costumes-2017/,content/beauty-style/style/the-best-celeb-halloween-costumes-2017/the-best-celeb-halloween-costumes-2017.mdx,beauty-style,2017-11-01,True,correct,clean,1,0,0,0,0,1,0,0,0,0,1 landscape plain-md image(s) → fill body measure (acceptable); position-correctness: not verifiable (WordPress source CDN offline)
https://www.beauticate.com/beauty-style/style/the-critics-choice-awards-looks-were-coveting-right-now/,content/beauty-style/style/the-critics-choice-awards-looks-were-coveting-right-now/the-critics-choice-awards-looks-were-coveting-right-now.mdx,beauty-style,2016-12-13,True,correct,clean,1,0,0,0,0,1,0,0,0,0,1 landscape plain-md image(s) → fill body measure (acceptable); position-correctness: not verifiable (WordPress source CDN offline)
https://www.beauticate.com/beauty-style/style/the-fashion-podcasts-you-need-to-spice-up-your-commute-2/,content/beauty-style/style/the-fashion-podcasts-you-need-to-spice-up-your-commute-2/the-fashion-podcasts-you-need-to-spice-up-your-commute-2.mdx,beauty-style,2018-09-20,True,broken,portrait-render,5,0,1,1,3,1,0,0,0,0,1 small/tall portrait(s) as plain markdown → render tiny & left-flush (portrait-standard violation); 3 portrait(s) inside consecutive-image grid (cover-cropped gallery); 1 landscape plain-md image(s) → fill body measure (acceptable); position-correctness: not verifiable (WordPress source CDN offline)
https://www.beauticate.com/beauty-style/style/the-sleepwear-brands-you-need-to-know-about/,content/beauty-style/style/the-sleepwear-brands-you-need-to-know-about/the-sleepwear-brands-you-need-to-know-about.mdx,beauty-style,2018-05-01,True,broken,portrait-render,6,0,6,6,0,0,0,0,0,0,6 small/tall portrait(s) as plain markdown → render tiny & left-flush (portrait-standard violation); position-correctness: not verifiable (WordPress source CDN offline)
https://www.beauticate.com/beauty-style/style/the-style-hacks-that-will-make-you-look-thinner-without-breaking-a-sweat/,content/beauty-style/style/the-style-hacks-that-will-make-you-look-thinner-without-breaking-a-sweat/the-style-hacks-that-will-make-you-look-thinner-without-breaking-a-sweat.mdx,beauty-style,2018-05-30,True,broken,portrait-render,33,0,24,24,0,1,0,0,0,0,24 small/tall portrait(s) as plain markdown → render tiny & left-flush (portrait-standard violation); 1 landscape plain-md image(s) → fill body measure (acceptable); position-correctness: not verifiable (WordPress source CDN offline)
https://www.beauticate.com/beauty-style/style/three-linen-looks-you-will-love/,content/beauty-style/style/three-linen-looks-you-will-love/three-linen-looks-you-will-love.mdx,beauty-style,2018-12-05,True,correct,clean,4,0,0,0,0,4,0,0,0,0,4 landscape plain-md image(s) → fill body measure (acceptable); position-correctness: not verifiable (WordPress source CDN offline)
https://www.beauticate.com/beauty-style/style/video-how-to-pack-your-suitcase/,content/beauty-style/style/video-how-to-pack-your-suitcase/video-how-to-pack-your-suitcase.mdx,beauty-style,2018-07-11,True,broken,portrait-render,6,0,6,6,0,0,0,0,0,0,6 small/tall portrait(s) as plain markdown → render tiny & left-flush (portrait-standard violation); position-correctness: not verifiable (WordPress source CDN offline)
https://www.beauticate.com/beauty-style/style/what-to-wear-for-winter-workouts/,content/beauty-style/style/what-to-wear-for-winter-workouts/what-to-wear-for-winter-workouts.mdx,beauty-style,2015-04-30,True,correct,clean,3,0,0,0,0,2,0,0,0,0,2 landscape plain-md image(s) → fill body measure (acceptable); position-correctness: not verifiable (WordPress source CDN offline)
https://www.beauticate.com/beauty-style/style/xcfbf6433ewbfy6wdt71tyd23x3cyj/,content/beauty-style/style/xcfbf6433ewbfy6wdt71tyd23x3cyj/xcfbf6433ewbfy6wdt71tyd23x3cyj.mdx,beauty-style,2017-07-17,True,correct,clean,2,0,0,0,0,2,0,0,0,0,2 landscape plain-md image(s) → fill body measure (acceptable); position-correctness: not verifiable (WordPress source CDN offline)
https://www.beauticate.com/beauty-style/style/your-ultimate-guide-to-mini-bags-10-mini-bags-to-elevate-your-style/,content/beauty-style/style/your-ultimate-guide-to-mini-bags-10-mini-bags-to-elevate-your-style/your-ultimate-guide-to-mini-bags-10-mini-bags-to-elevate-your-style.mdx,beauty-style,2025-03-14,True,broken,portrait-render,6,0,6,6,0,0,0,0,0,0,6 small/tall portrait(s) as plain markdown → render tiny & left-flush (portrait-standard violation); position-correctness: not verifiable (WordPress source CDN offline)
https://www.beauticate.com/destinations/bathhouses/38-the-bathhouse-bondi/,content/destinations/bathhouses/38-the-bathhouse-bondi/38-the-bathhouse-bondi.mdx,destinations,2026-01-15,True,correct,clean,0,0,0,0,0,0,0,0,0,0,position-correctness: not verifiable (WordPress source CDN offline)
https://www.beauticate.com/destinations/bathhouses/aalto-community-goodwood/,content/destinations/bathhouses/aalto-community-goodwood/aalto-community-goodwood.mdx,destinations,2026-01-15,True,correct,clean,0,0,0,0,0,0,0,0,0,0,position-correctness: not verifiable (WordPress source CDN offline)
https://www.beauticate.com/destinations/bathhouses/alchemy-saunas-east-fremantle/,content/destinations/bathhouses/alchemy-saunas-east-fremantle/alchemy-saunas-east-fremantle.mdx,destinations,2026-01-15,True,correct,clean,0,0,0,0,0,0,0,0,0,0,position-correctness: not verifiable (WordPress source CDN offline)
https://www.beauticate.com/destinations/bathhouses/capybara/,content/destinations/bathhouses/capybara/capybara.mdx,destinations,2026-01-15,True,correct,clean,0,0,0,0,0,0,0,0,0,0,position-correctness: not verifiable (WordPress source CDN offline)
https://www.beauticate.com/destinations/bathhouses/change-wellness-north-adelaide/,content/destinations/bathhouses/change-wellness-north-adelaide/change-wellness-north-adelaide.mdx,destinations,2026-01-15,True,correct,clean,0,0,0,0,0,0,0,0,0,0,position-correctness: not verifiable (WordPress source CDN offline)
https://www.beauticate.com/destinations/bathhouses/cloud-9-sauna-macmasters-beach/,content/destinations/bathhouses/cloud-9-sauna-macmasters-beach/cloud-9-sauna-macmasters-beach.mdx,destinations,2026-01-15,True,correct,clean,0,0,0,0,0,0,0,0,0,0,position-correctness: not verifiable (WordPress source CDN offline)
https://www.beauticate.com/destinations/bathhouses/comma-cremorne/,content/destinations/bathhouses/comma-cremorne/comma-cremorne.mdx,destinations,2026-01-15,True,correct,clean,0,0,0,0,0,0,0,0,0,0,position-correctness: not verifiable (WordPress source CDN offline)
https://www.beauticate.com/destinations/bathhouses/contro-wellness-lutwyche/,content/destinations/bathhouses/contro-wellness-lutwyche/contro-wellness-lutwyche.mdx,destinations,2026-01-15,True,correct,clean,0,0,0,0,0,0,0,0,0,0,position-correctness: not verifiable (WordPress source CDN offline)
https://www.beauticate.com/destinations/bathhouses/else-bathhouse-south-melbourne/,content/destinations/bathhouses/else-bathhouse-south-melbourne/else-bathhouse-south-melbourne.mdx,destinations,2026-01-15,True,correct,clean,0,0,0,0,0,0,0,0,0,0,position-correctness: not verifiable (WordPress source CDN offline)
https://www.beauticate.com/destinations/bathhouses/escape-bathhouse-roseville/,content/destinations/bathhouses/escape-bathhouse-roseville/escape-bathhouse-roseville.mdx,destinations,2026-01-15,True,correct,clean,0,0,0,0,0,0,0,0,0,0,position-correctness: not verifiable (WordPress source CDN offline)
https://www.beauticate.com/destinations/bathhouses/floating-sauna-lake-derby/,content/destinations/bathhouses/floating-sauna-lake-derby/floating-sauna-lake-derby.mdx,destinations,2026-01-15,True,correct,clean,0,0,0,0,0,0,0,0,0,0,position-correctness: not verifiable (WordPress source CDN offline)
https://www.beauticate.com/destinations/bathhouses/mend-margaret-river/,content/destinations/bathhouses/mend-margaret-river/mend-margaret-river.mdx,destinations,2026-01-15,True,correct,clean,0,0,0,0,0,0,0,0,0,0,position-correctness: not verifiable (WordPress source CDN offline)
https://www.beauticate.com/destinations/bathhouses/merse-wellness-osborne-park/,content/destinations/bathhouses/merse-wellness-osborne-park/merse-wellness-osborne-park.mdx,destinations,2026-01-15,True,correct,clean,0,0,0,0,0,0,0,0,0,0,position-correctness: not verifiable (WordPress source CDN offline)
https://www.beauticate.com/destinations/bathhouses/navia-bathhouse-byron-bay/,content/destinations/bathhouses/navia-bathhouse-byron-bay/navia-bathhouse-byron-bay.mdx,destinations,2026-01-15,True,correct,clean,0,0,0,0,0,0,0,0,0,0,position-correctness: not verifiable (WordPress source CDN offline)
https://www.beauticate.com/destinations/bathhouses/nova-holistic-spa-hobart/,content/destinations/bathhouses/nova-holistic-spa-hobart/nova-holistic-spa-hobart.mdx,destinations,2026-01-15,True,correct,clean,0,0,0,0,0,0,0,0,0,0,position-correctness: not verifiable (WordPress source CDN offline)
https://www.beauticate.com/destinations/bathhouses/onsen-torrensville/,content/destinations/bathhouses/onsen-torrensville/onsen-torrensville.mdx,destinations,2026-01-15,True,correct,clean,0,0,0,0,0,0,0,0,0,0,position-correctness: not verifiable (WordPress source CDN offline)
https://www.beauticate.com/destinations/bathhouses/sauna-goose-northcote/,content/destinations/bathhouses/sauna-goose-northcote/sauna-goose-northcote.mdx,destinations,2026-01-15,True,correct,clean,0,0,0,0,0,0,0,0,0,0,position-correctness: not verifiable (WordPress source CDN offline)
https://www.beauticate.com/destinations/bathhouses/sol-saunas-prahran/,content/destinations/bathhouses/sol-saunas-prahran/sol-saunas-prahran.mdx,destinations,2026-01-15,True,correct,clean,0,0,0,0,0,0,0,0,0,0,position-correctness: not verifiable (WordPress source CDN offline)
https://www.beauticate.com/destinations/bathhouses/tank-bathhouse-mooloolaba/,content/destinations/bathhouses/tank-bathhouse-mooloolaba/tank-bathhouse-mooloolaba.mdx,destinations,2026-01-15,True,correct,clean,0,0,0,0,0,0,0,0,0,0,position-correctness: not verifiable (WordPress source CDN offline)
https://www.beauticate.com/destinations/bathhouses/the-bathhouse-albion/,content/destinations/bathhouses/the-bathhouse-albion/the-bathhouse-albion.mdx,destinations,2026-01-15,True,correct,clean,0,0,0,0,0,0,0,0,0,0,position-correctness: not verifiable (WordPress source CDN offline)
https://www.beauticate.com/destinations/bathhouses/the-byron-bathhouse/,content/destinations/bathhouses/the-byron-bathhouse/the-byron-bathhouse.mdx,destinations,2026-01-15,True,correct,clean,0,0,0,0,0,0,0,0,0,0,position-correctness: not verifiable (WordPress source CDN offline)
https://www.beauticate.com/destinations/bathhouses/vikasati-bathhouse-southport/,content/destinations/bathhouses/vikasati-bathhouse-southport/vikasati-bathhouse-southport.mdx,destinations,2026-01-15,True,correct,clean,0,0,0,0,0,0,0,0,0,0,position-correctness: not verifiable (WordPress source CDN offline)
https://www.beauticate.com/destinations/clinics/academy-face-and-body-subiaco-wa/,content/destinations/clinics/academy-face-and-body-subiaco-wa/academy-face-and-body-subiaco-wa.mdx,destinations,2026-01-15,True,broken,portrait-render,1,0,1,1,0,0,0,0,0,0,1 small/tall portrait(s) as plain markdown → render tiny & left-flush (portrait-standard violation); position-correctness: not verifiable (WordPress source CDN offline)
https://www.beauticate.com/destinations/clinics/aesop-paddington/,content/destinations/clinics/aesop-paddington/aesop-paddington.mdx,destinations,2026-01-15,True,correct,clean,2,0,0,0,2,0,0,0,0,0,2 portrait(s) inside consecutive-image grid (cover-cropped gallery); position-correctness: not verifiable (WordPress source CDN offline)
https://www.beauticate.com/destinations/clinics/aesthetica-byron-bay/,content/destinations/clinics/aesthetica-byron-bay/aesthetica-byron-bay.mdx,destinations,2026-01-15,True,correct,clean,0,0,0,0,0,0,0,0,0,0,position-correctness: not verifiable (WordPress source CDN offline)
https://www.beauticate.com/destinations/clinics/agape-hair-hobart/,content/destinations/clinics/agape-hair-hobart/agape-hair-hobart.mdx,destinations,2026-01-15,True,correct,clean,0,0,0,0,0,0,0,0,0,0,position-correctness: not verifiable (WordPress source CDN offline)
https://www.beauticate.com/destinations/clinics/all-saints-skin-clinic-double-bay/,content/destinations/clinics/all-saints-skin-clinic-double-bay/all-saints-skin-clinic-double-bay.mdx,destinations,2026-01-15,True,broken,portrait-render,3,0,1,1,2,0,0,0,0,0,1 small/tall portrait(s) as plain markdown → render tiny & left-flush (portrait-standard violation); 2 portrait(s) inside consecutive-image grid (cover-cropped gallery); position-correctness: not verifiable (WordPress source CDN offline)
https://www.beauticate.com/destinations/clinics/amy-jean-eye-couture-sydney/,content/destinations/clinics/amy-jean-eye-couture-sydney/amy-jean-eye-couture-sydney.mdx,destinations,2026-01-15,True,broken,portrait-render,4,0,3,3,0,0,0,0,0,0,3 small/tall portrait(s) as plain markdown → render tiny & left-flush (portrait-standard violation); position-correctness: not verifiable (WordPress source CDN offline)
https://www.beauticate.com/destinations/clinics/artisan-aesthetic-clinics-bruce/,content/destinations/clinics/artisan-aesthetic-clinics-bruce/artisan-aesthetic-clinics-bruce.mdx,destinations,2026-01-15,True,correct,clean,0,0,0,0,0,0,0,0,0,0,position-correctness: not verifiable (WordPress source CDN offline)
https://www.beauticate.com/destinations/clinics/assure-cosmetic-centre-subiaco-wa/,content/destinations/clinics/assure-cosmetic-centre-subiaco-wa/assure-cosmetic-centre-subiaco-wa.mdx,destinations,2026-01-15,True,broken,portrait-render,2,0,2,2,0,0,0,0,0,0,2 small/tall portrait(s) as plain markdown → render tiny & left-flush (portrait-standard violation); position-correctness: not verifiable (WordPress source CDN offline)
https://www.beauticate.com/destinations/clinics/axis-hair-braddon/,content/destinations/clinics/axis-hair-braddon/axis-hair-braddon.mdx,destinations,2026-01-15,True,correct,clean,0,0,0,0,0,0,0,0,0,0,position-correctness: not verifiable (WordPress source CDN offline)
https://www.beauticate.com/destinations/clinics/bare-beauty-house-manly/,content/destinations/clinics/bare-beauty-house-manly/bare-beauty-house-manly.mdx,destinations,2026-01-15,True,correct,clean,5,0,0,0,0,5,0,0,0,0,5 landscape plain-md image(s) → fill body measure (acceptable); position-correctness: not verifiable (WordPress source CDN offline)
https://www.beauticate.com/destinations/clinics/bixie-colour/,content/destinations/clinics/bixie-colour/bixie-colour.mdx,destinations,2026-01-15,True,broken,portrait-render,4,0,4,4,0,0,0,0,0,0,4 small/tall portrait(s) as plain markdown → render tiny & left-flush (portrait-standard violation); position-correctness: not verifiable (WordPress source CDN offline)
https://www.beauticate.com/destinations/clinics/blanc-wa/,content/destinations/clinics/blanc-wa/blanc-wa.mdx,destinations,2026-01-15,True,broken,portrait-render,6,0,5,5,0,1,0,0,0,0,5 small/tall portrait(s) as plain markdown → render tiny & left-flush (portrait-standard violation); 1 landscape plain-md image(s) → fill body measure (acceptable); position-correctness: not verifiable (WordPress source CDN offline)
https://www.beauticate.com/destinations/clinics/brad-ngata-darlinghurst/,content/destinations/clinics/brad-ngata-darlinghurst/brad-ngata-darlinghurst.mdx,destinations,2026-01-15,True,broken,portrait-render,1,0,1,1,0,0,0,0,0,0,1 small/tall portrait(s) as plain markdown → render tiny & left-flush (portrait-standard violation); position-correctness: not verifiable (WordPress source CDN offline)
https://www.beauticate.com/destinations/clinics/brow-and-lash-co-byron-bay/,content/destinations/clinics/brow-and-lash-co-byron-bay/brow-and-lash-co-byron-bay.mdx,destinations,2026-01-15,True,correct,clean,0,0,0,0,0,0,0,0,0,0,position-correctness: not verifiable (WordPress source CDN offline)
https://www.beauticate.com/destinations/clinics/clear-skincare-clinic-clarence-street-sydney/,content/destinations/clinics/clear-skincare-clinic-clarence-street-sydney/clear-skincare-clinic-clarence-street-sydney.mdx,destinations,2026-01-15,True,broken,portrait-render,3,0,2,2,0,1,0,0,0,0,2 small/tall portrait(s) as plain markdown → render tiny & left-flush (portrait-standard violation); 1 landscape plain-md image(s) → fill body measure (acceptable); position-correctness: not verifiable (WordPress source CDN offline)
https://www.beauticate.com/destinations/clinics/coco-by-artisan-newcastle/,content/destinations/clinics/coco-by-artisan-newcastle/coco-by-artisan-newcastle.mdx,destinations,2026-01-15,True,correct,clean,0,0,0,0,0,0,0,0,0,0,position-correctness: not verifiable (WordPress source CDN offline)
https://www.beauticate.com/destinations/clinics/concept-cosmetic-medicine-newcastle/,content/destinations/clinics/concept-cosmetic-medicine-newcastle/concept-cosmetic-medicine-newcastle.mdx,destinations,2026-01-15,True,correct,clean,0,0,0,0,0,0,0,0,0,0,position-correctness: not verifiable (WordPress source CDN offline)
https://www.beauticate.com/destinations/clinics/daly-st-salon-adelaide/,content/destinations/clinics/daly-st-salon-adelaide/daly-st-salon-adelaide.mdx,destinations,2026-01-15,True,correct,clean,0,0,0,0,0,0,0,0,0,0,position-correctness: not verifiable (WordPress source CDN offline)
https://www.beauticate.com/destinations/clinics/delphine-sorel-sydney/,content/destinations/clinics/delphine-sorel-sydney/delphine-sorel-sydney.mdx,destinations,2026-01-15,True,broken,portrait-render,8,0,4,4,0,4,0,0,0,0,4 small/tall portrait(s) as plain markdown → render tiny & left-flush (portrait-standard violation); 4 landscape plain-md image(s) → fill body measure (acceptable); position-correctness: not verifiable (WordPress source CDN offline)
https://www.beauticate.com/destinations/clinics/dessange-paddington/,content/destinations/clinics/dessange-paddington/dessange-paddington.mdx,destinations,2026-01-15,True,broken,portrait-render,2,0,2,2,0,0,0,0,0,0,2 small/tall portrait(s) as plain markdown → render tiny & left-flush (portrait-standard violation); position-correctness: not verifiable (WordPress source CDN offline)
https://www.beauticate.com/destinations/clinics/djurra-salon-freemantle/,content/destinations/clinics/djurra-salon-freemantle/djurra-salon-freemantle.mdx,destinations,2026-01-15,True,broken,portrait-render,6,0,3,3,0,0,0,0,0,0,3 small/tall portrait(s) as plain markdown → render tiny & left-flush (portrait-standard violation); position-correctness: not verifiable (WordPress source CDN offline)
https://www.beauticate.com/destinations/clinics/door-no-18-sydney/,content/destinations/clinics/door-no-18-sydney/door-no-18-sydney.mdx,destinations,2026-01-15,True,correct,clean,0,0,0,0,0,0,0,0,0,0,position-correctness: not verifiable (WordPress source CDN offline)
https://www.beauticate.com/destinations/clinics/dr-anh-clinic-review/,content/destinations/clinics/dr-anh-clinic-review/dr-anh-clinic-review.mdx,destinations,2026-01-15,True,broken,portrait-render,3,0,1,1,2,0,0,0,0,0,1 small/tall portrait(s) as plain markdown → render tiny & left-flush (portrait-standard violation); 2 portrait(s) inside consecutive-image grid (cover-cropped gallery); position-correctness: not verifiable (WordPress source CDN offline)
https://www.beauticate.com/destinations/clinics/eclaire-beauty-studio-melbourne/,content/destinations/clinics/eclaire-beauty-studio-melbourne/eclaire-beauty-studio-melbourne.mdx,destinations,2026-01-15,True,correct,clean,0,0,0,0,0,0,0,0,0,0,position-correctness: not verifiable (WordPress source CDN offline)
https://www.beauticate.com/destinations/clinics/edwards-and-co-melbourne/,content/destinations/clinics/edwards-and-co-melbourne/edwards-and-co-melbourne.mdx,destinations,2026-01-15,True,correct,clean,9,0,0,0,4,1,0,0,0,0,4 portrait(s) inside consecutive-image grid (cover-cropped gallery); 1 landscape plain-md image(s) → fill body measure (acceptable); position-correctness: not verifiable (WordPress source CDN offline)
https://www.beauticate.com/destinations/clinics/edwards-and-co-surry-hills/,content/destinations/clinics/edwards-and-co-surry-hills/edwards-and-co-surry-hills.mdx,destinations,2026-01-15,True,correct,clean,0,0,0,0,0,0,0,0,0,0,position-correctness: not verifiable (WordPress source CDN offline)
https://www.beauticate.com/destinations/clinics/edwards-co-surry-hills/,content/destinations/clinics/edwards-co-surry-hills/edwards-co-surry-hills.mdx,destinations,2026-01-15,True,correct,clean,4,0,0,0,4,0,0,0,0,0,4 portrait(s) inside consecutive-image grid (cover-cropped gallery); position-correctness: not verifiable (WordPress source CDN offline)
https://www.beauticate.com/destinations/clinics/ella-bache-bondi-junction/,content/destinations/clinics/ella-bache-bondi-junction/ella-bache-bondi-junction.mdx,destinations,2026-01-15,True,broken,portrait-render,3,0,2,2,0,1,0,0,0,0,2 small/tall portrait(s) as plain markdown → render tiny & left-flush (portrait-standard violation); 1 landscape plain-md image(s) → fill body measure (acceptable); position-correctness: not verifiable (WordPress source CDN offline)
https://www.beauticate.com/destinations/clinics/esteem-medi-spa-gold-coast/,content/destinations/clinics/esteem-medi-spa-gold-coast/esteem-medi-spa-gold-coast.mdx,destinations,2026-01-15,True,correct,clean,0,0,0,0,0,0,0,0,0,0,position-correctness: not verifiable (WordPress source CDN offline)
https://www.beauticate.com/destinations/clinics/fenn-paddington/,content/destinations/clinics/fenn-paddington/fenn-paddington.mdx,destinations,2026-01-15,True,correct,clean,0,0,0,0,0,0,0,0,0,0,position-correctness: not verifiable (WordPress source CDN offline)
https://www.beauticate.com/destinations/clinics/follow-hair-studio-surfers-paradise/,content/destinations/clinics/follow-hair-studio-surfers-paradise/follow-hair-studio-surfers-paradise.mdx,destinations,2026-01-15,True,correct,clean,1,0,0,0,0,1,0,0,0,0,1 landscape plain-md image(s) → fill body measure (acceptable); position-correctness: not verifiable (WordPress source CDN offline)
https://www.beauticate.com/destinations/clinics/franck-provost-barangaroo-nsw/,content/destinations/clinics/franck-provost-barangaroo-nsw/franck-provost-barangaroo-nsw.mdx,destinations,2026-01-15,True,broken,portrait-render,7,0,4,4,0,3,0,0,0,0,4 small/tall portrait(s) as plain markdown → render tiny & left-flush (portrait-standard violation); 3 landscape plain-md image(s) → fill body measure (acceptable); position-correctness: not verifiable (WordPress source CDN offline)
https://www.beauticate.com/destinations/clinics/glow-haus-potts-point/,content/destinations/clinics/glow-haus-potts-point/glow-haus-potts-point.mdx,destinations,2026-01-15,True,correct,clean,0,0,0,0,0,0,0,0,0,0,position-correctness: not verifiable (WordPress source CDN offline)
https://www.beauticate.com/destinations/clinics/head-studio-perth/,content/destinations/clinics/head-studio-perth/head-studio-perth.mdx,destinations,2026-01-15,True,correct,clean,0,0,0,0,0,0,0,0,0,0,position-correctness: not verifiable (WordPress source CDN offline)
https://www.beauticate.com/destinations/clinics/headcase-hair-paddington/,content/destinations/clinics/headcase-hair-paddington/headcase-hair-paddington.mdx,destinations,2026-01-15,True,broken,portrait-render,5,0,1,1,3,0,0,0,0,0,1 small/tall portrait(s) as plain markdown → render tiny & left-flush (portrait-standard violation); 3 portrait(s) inside consecutive-image grid (cover-cropped gallery); position-correctness: not verifiable (WordPress source CDN offline)
https://www.beauticate.com/destinations/clinics/herbario-prahran/,content/destinations/clinics/herbario-prahran/herbario-prahran.mdx,destinations,2026-01-15,True,correct,clean,0,0,0,0,0,0,0,0,0,0,position-correctness: not verifiable (WordPress source CDN offline)
https://www.beauticate.com/destinations/clinics/jocelyn-petroni-woollahra/,content/destinations/clinics/jocelyn-petroni-woollahra/jocelyn-petroni-woollahra.mdx,destinations,2026-01-15,True,correct,clean,8,0,0,0,4,0,0,0,0,0,4 portrait(s) inside consecutive-image grid (cover-cropped gallery); position-correctness: not verifiable (WordPress source CDN offline)
https://www.beauticate.com/destinations/clinics/joey-scandizzo-south-yarra/,content/destinations/clinics/joey-scandizzo-south-yarra/joey-scandizzo-south-yarra.mdx,destinations,2026-01-15,True,correct,clean,0,0,0,0,0,0,0,0,0,0,position-correctness: not verifiable (WordPress source CDN offline)
https://www.beauticate.com/destinations/clinics/joh-bailey-double-bay/,content/destinations/clinics/joh-bailey-double-bay/joh-bailey-double-bay.mdx,destinations,2026-01-15,True,correct,clean,2,0,0,0,0,2,0,0,0,0,2 landscape plain-md image(s) → fill body measure (acceptable); position-correctness: not verifiable (WordPress source CDN offline)
https://www.beauticate.com/destinations/clinics/juliana-marcs-double-bay/,content/destinations/clinics/juliana-marcs-double-bay/juliana-marcs-double-bay.mdx,destinations,2026-01-15,True,broken,portrait-render,4,0,3,3,0,1,0,0,0,0,3 small/tall portrait(s) as plain markdown → render tiny & left-flush (portrait-standard violation); 1 landscape plain-md image(s) → fill body measure (acceptable); position-correctness: not verifiable (WordPress source CDN offline)
https://www.beauticate.com/destinations/clinics/kailo-wellness-medispa-fortitude-valley/,content/destinations/clinics/kailo-wellness-medispa-fortitude-valley/kailo-wellness-medispa-fortitude-valley.mdx,destinations,2026-01-15,True,correct,clean,0,0,0,0,0,0,0,0,0,0,position-correctness: not verifiable (WordPress source CDN offline)
https://www.beauticate.com/destinations/clinics/koda-cutters-bondi/,content/destinations/clinics/koda-cutters-bondi/koda-cutters-bondi.mdx,destinations,2026-01-15,True,broken,portrait-render,12,0,4,4,3,3,0,0,0,0,4 small/tall portrait(s) as plain markdown → render tiny & left-flush (portrait-standard violation); 3 portrait(s) inside consecutive-image grid (cover-cropped gallery); 3 landscape plain-md image(s) → fill body measure (acceptable); position-correctness: not verifiable (WordPress source CDN offline)
https://www.beauticate.com/destinations/clinics/la-belle-peau-north-perth/,content/destinations/clinics/la-belle-peau-north-perth/la-belle-peau-north-perth.mdx,destinations,2026-01-15,True,correct,clean,4,0,0,0,4,0,0,0,0,0,4 portrait(s) inside consecutive-image grid (cover-cropped gallery); position-correctness: not verifiable (WordPress source CDN offline)
https://www.beauticate.com/destinations/clinics/la-boutique-double-bay/,content/destinations/clinics/la-boutique-double-bay/la-boutique-double-bay.mdx,destinations,2026-01-15,True,correct,clean,2,0,0,0,0,2,0,0,0,0,2 landscape plain-md image(s) → fill body measure (acceptable); position-correctness: not verifiable (WordPress source CDN offline)
https://www.beauticate.com/destinations/clinics/lavada-hobart/,content/destinations/clinics/lavada-hobart/lavada-hobart.mdx,destinations,2026-01-15,True,correct,clean,0,0,0,0,0,0,0,0,0,0,position-correctness: not verifiable (WordPress source CDN offline)
https://www.beauticate.com/destinations/clinics/lee-preston-hairdressing-south-perth/,content/destinations/clinics/lee-preston-hairdressing-south-perth/lee-preston-hairdressing-south-perth.mdx,destinations,2026-01-15,True,correct,clean,0,0,0,0,0,0,0,0,0,0,position-correctness: not verifiable (WordPress source CDN offline)
https://www.beauticate.com/destinations/clinics/little-company-collingwood/,content/destinations/clinics/little-company-collingwood/little-company-collingwood.mdx,destinations,2026-01-15,True,correct,clean,0,0,0,0,0,0,0,0,0,0,position-correctness: not verifiable (WordPress source CDN offline)
https://www.beauticate.com/destinations/clinics/love-those-lashes-paddington/,content/destinations/clinics/love-those-lashes-paddington/love-those-lashes-paddington.mdx,destinations,2026-01-15,True,broken,portrait-render,2,0,2,2,0,0,0,0,0,0,2 small/tall portrait(s) as plain markdown → render tiny & left-flush (portrait-standard violation); position-correctness: not verifiable (WordPress source CDN offline)
https://www.beauticate.com/destinations/clinics/me-skin-and-body-south-yarra/,content/destinations/clinics/me-skin-and-body-south-yarra/me-skin-and-body-south-yarra.mdx,destinations,2026-01-15,True,broken,portrait-render,6,0,2,2,0,4,0,0,0,0,2 small/tall portrait(s) as plain markdown → render tiny & left-flush (portrait-standard violation); 4 landscape plain-md image(s) → fill body measure (acceptable); position-correctness: not verifiable (WordPress source CDN offline)
https://www.beauticate.com/destinations/clinics/melanie-grant-armadale/,content/destinations/clinics/melanie-grant-armadale/melanie-grant-armadale.mdx,destinations,2026-01-15,True,correct,clean,0,0,0,0,0,0,0,0,0,0,position-correctness: not verifiable (WordPress source CDN offline)
https://www.beauticate.com/destinations/clinics/mineral-lifestyle-hair-spa-paddington/,content/destinations/clinics/mineral-lifestyle-hair-spa-paddington/mineral-lifestyle-hair-spa-paddington.mdx,destinations,2026-01-15,True,broken,portrait-render,3,0,2,2,0,1,0,0,0,0,2 small/tall portrait(s) as plain markdown → render tiny & left-flush (portrait-standard violation); 1 landscape plain-md image(s) → fill body measure (acceptable); position-correctness: not verifiable (WordPress source CDN offline)
https://www.beauticate.com/destinations/clinics/mr-burrows-newtown/,content/destinations/clinics/mr-burrows-newtown/mr-burrows-newtown.mdx,destinations,2026-01-15,True,correct,clean,0,0,0,0,0,0,0,0,0,0,position-correctness: not verifiable (WordPress source CDN offline)
https://www.beauticate.com/destinations/clinics/mukti-organics-mullumbimby/,content/destinations/clinics/mukti-organics-mullumbimby/mukti-organics-mullumbimby.mdx,destinations,2026-01-15,True,correct,clean,0,0,0,0,0,0,0,0,0,0,position-correctness: not verifiable (WordPress source CDN offline)
https://www.beauticate.com/destinations/clinics/oscar-oscar-paddington/,content/destinations/clinics/oscar-oscar-paddington/oscar-oscar-paddington.mdx,destinations,2026-01-15,True,broken,portrait-render,4,0,1,1,0,0,0,0,0,0,1 small/tall portrait(s) as plain markdown → render tiny & left-flush (portrait-standard violation); position-correctness: not verifiable (WordPress source CDN offline)
https://www.beauticate.com/destinations/clinics/oscar-oscar-palazzo-versace-gold-coast/,content/destinations/clinics/oscar-oscar-palazzo-versace-gold-coast/oscar-oscar-palazzo-versace-gold-coast.mdx,destinations,2026-01-15,True,correct,clean,1,0,0,0,0,1,0,0,0,0,1 landscape plain-md image(s) → fill body measure (acceptable); position-correctness: not verifiable (WordPress source CDN offline)
https://www.beauticate.com/destinations/clinics/paddington-beauty-room-paddington/,content/destinations/clinics/paddington-beauty-room-paddington/paddington-beauty-room-paddington.mdx,destinations,2026-01-15,True,broken,portrait-render,3,0,3,3,0,0,0,0,0,0,3 small/tall portrait(s) as plain markdown → render tiny & left-flush (portrait-standard violation); position-correctness: not verifiable (WordPress source CDN offline)
https://www.beauticate.com/destinations/clinics/painted-darlinghurst/,content/destinations/clinics/painted-darlinghurst/painted-darlinghurst.mdx,destinations,2026-01-15,True,correct,clean,0,0,0,0,0,0,0,0,0,0,position-correctness: not verifiable (WordPress source CDN offline)
https://www.beauticate.com/destinations/clinics/pamperina-woollahra/,content/destinations/clinics/pamperina-woollahra/pamperina-woollahra.mdx,destinations,2026-01-15,True,broken,portrait-render,12,0,4,4,5,0,0,0,0,0,4 small/tall portrait(s) as plain markdown → render tiny & left-flush (portrait-standard violation); 5 portrait(s) inside consecutive-image grid (cover-cropped gallery); position-correctness: not verifiable (WordPress source CDN offline)
https://www.beauticate.com/destinations/clinics/polished-beauty-rooms-byron-bay/,content/destinations/clinics/polished-beauty-rooms-byron-bay/polished-beauty-rooms-byron-bay.mdx,destinations,2026-01-15,True,correct,clean,0,0,0,0,0,0,0,0,0,0,position-correctness: not verifiable (WordPress source CDN offline)
https://www.beauticate.com/destinations/clinics/que-colour-darlinghurst-2/,content/destinations/clinics/que-colour-darlinghurst-2/que-colour-darlinghurst-2.mdx,destinations,2026-01-15,True,broken,portrait-render,4,0,1,1,0,3,0,0,0,0,1 small/tall portrait(s) as plain markdown → render tiny & left-flush (portrait-standard violation); 3 landscape plain-md image(s) → fill body measure (acceptable); position-correctness: not verifiable (WordPress source CDN offline)
https://www.beauticate.com/destinations/clinics/que-colour-darlinghurst/,content/destinations/clinics/que-colour-darlinghurst/que-colour-darlinghurst.mdx,destinations,2026-01-15,True,broken,portrait-render,4,0,2,2,0,2,0,0,0,0,2 small/tall portrait(s) as plain markdown → render tiny & left-flush (portrait-standard violation); 2 landscape plain-md image(s) → fill body measure (acceptable); position-correctness: not verifiable (WordPress source CDN offline)
https://www.beauticate.com/destinations/clinics/raw-anthony-nader-surry-hills/,content/destinations/clinics/raw-anthony-nader-surry-hills/raw-anthony-nader-surry-hills.mdx,destinations,2026-01-15,True,correct,clean,2,0,0,0,2,0,0,0,0,0,2 portrait(s) inside consecutive-image grid (cover-cropped gallery); position-correctness: not verifiable (WordPress source CDN offline)
https://www.beauticate.com/destinations/clinics/reader-review-advanced-aestheticsmedi-clinic-gold-coast/,content/destinations/clinics/reader-review-advanced-aestheticsmedi-clinic-gold-coast/reader-review-advanced-aestheticsmedi-clinic-gold-coast.mdx,destinations,2026-01-15,True,correct,clean,0,0,0,0,0,0,0,0,0,0,position-correctness: not verifiable (WordPress source CDN offline)
https://www.beauticate.com/destinations/clinics/realskin-clinic-hamilton/,content/destinations/clinics/realskin-clinic-hamilton/realskin-clinic-hamilton.mdx,destinations,2026-01-15,True,broken,portrait-render,5,0,1,1,4,0,0,0,0,0,1 small/tall portrait(s) as plain markdown → render tiny & left-flush (portrait-standard violation); 4 portrait(s) inside consecutive-image grid (cover-cropped gallery); position-correctness: not verifiable (WordPress source CDN offline)
https://www.beauticate.com/destinations/clinics/reve-skin-beauty-annandale/,content/destinations/clinics/reve-skin-beauty-annandale/reve-skin-beauty-annandale.mdx,destinations,2026-01-15,True,broken,portrait-render,9,0,6,6,1,1,0,0,0,0,6 small/tall portrait(s) as plain markdown → render tiny & left-flush (portrait-standard violation); 1 portrait(s) inside consecutive-image grid (cover-cropped gallery); 1 landscape plain-md image(s) → fill body measure (acceptable); position-correctness: not verifiable (WordPress source CDN offline)
https://www.beauticate.com/destinations/clinics/robertson-kirkwood-salon-rozelle/,content/destinations/clinics/robertson-kirkwood-salon-rozelle/robertson-kirkwood-salon-rozelle.mdx,destinations,2026-01-15,True,broken,portrait-render,2,0,2,2,0,0,0,0,0,0,2 small/tall portrait(s) as plain markdown → render tiny & left-flush (portrait-standard violation); position-correctness: not verifiable (WordPress source CDN offline)
https://www.beauticate.com/destinations/clinics/roji-canberra/,content/destinations/clinics/roji-canberra/roji-canberra.mdx,destinations,2026-01-15,True,correct,clean,0,0,0,0,0,0,0,0,0,0,position-correctness: not verifiable (WordPress source CDN offline)
https://www.beauticate.com/destinations/clinics/salon-x-paddington/,content/destinations/clinics/salon-x-paddington/salon-x-paddington.mdx,destinations,2026-01-15,True,correct,clean,0,0,0,0,0,0,0,0,0,0,position-correctness: not verifiable (WordPress source CDN offline)
https://www.beauticate.com/destinations/clinics/sante-skin-south-fremantle/,content/destinations/clinics/sante-skin-south-fremantle/sante-skin-south-fremantle.mdx,destinations,2026-01-15,True,correct,clean,0,0,0,0,0,0,0,0,0,0,position-correctness: not verifiable (WordPress source CDN offline)
https://www.beauticate.com/destinations/clinics/skin-and-tonic-armidale/,content/destinations/clinics/skin-and-tonic-armidale/skin-and-tonic-armidale.mdx,destinations,2026-01-15,True,correct,clean,0,0,0,0,0,0,0,0,0,0,position-correctness: not verifiable (WordPress source CDN offline)
https://www.beauticate.com/destinations/clinics/skin-brilliance-brighton/,content/destinations/clinics/skin-brilliance-brighton/skin-brilliance-brighton.mdx,destinations,2026-01-15,True,broken,portrait-render,2,0,2,2,0,0,0,0,0,0,2 small/tall portrait(s) as plain markdown → render tiny & left-flush (portrait-standard violation); position-correctness: not verifiable (WordPress source CDN offline)
https://www.beauticate.com/destinations/clinics/skin-deep-medi-spa-perth/,content/destinations/clinics/skin-deep-medi-spa-perth/skin-deep-medi-spa-perth.mdx,destinations,2026-01-15,True,correct,clean,0,0,0,0,0,0,0,0,0,0,position-correctness: not verifiable (WordPress source CDN offline)
https://www.beauticate.com/destinations/clinics/skin-temple-melbourne/,content/destinations/clinics/skin-temple-melbourne/skin-temple-melbourne.mdx,destinations,2026-01-15,True,broken,portrait-render,6,0,3,3,0,1,0,0,0,0,3 small/tall portrait(s) as plain markdown → render tiny & left-flush (portrait-standard violation); 1 landscape plain-md image(s) → fill body measure (acceptable); position-correctness: not verifiable (WordPress source CDN offline)
https://www.beauticate.com/destinations/clinics/skindepth-balaclava/,content/destinations/clinics/skindepth-balaclava/skindepth-balaclava.mdx,destinations,2026-01-15,True,correct,clean,0,0,0,0,0,0,0,0,0,0,position-correctness: not verifiable (WordPress source CDN offline)
https://www.beauticate.com/destinations/clinics/skinologie-albert-park/,content/destinations/clinics/skinologie-albert-park/skinologie-albert-park.mdx,destinations,2026-01-15,True,correct,clean,5,0,0,0,4,1,0,0,0,0,4 portrait(s) inside consecutive-image grid (cover-cropped gallery); 1 landscape plain-md image(s) → fill body measure (acceptable); position-correctness: not verifiable (WordPress source CDN offline)
https://www.beauticate.com/destinations/clinics/skyn-perth/,content/destinations/clinics/skyn-perth/skyn-perth.mdx,destinations,2026-01-15,True,broken,portrait-render,2,0,1,1,0,1,0,0,0,0,1 small/tall portrait(s) as plain markdown → render tiny & left-flush (portrait-standard violation); 1 landscape plain-md image(s) → fill body measure (acceptable); position-correctness: not verifiable (WordPress source CDN offline)
https://www.beauticate.com/destinations/clinics/spaq-qt-gold-coast/,content/destinations/clinics/spaq-qt-gold-coast/spaq-qt-gold-coast.mdx,destinations,2026-01-15,True,correct,clean,0,0,0,0,0,0,0,0,0,0,position-correctness: not verifiable (WordPress source CDN offline)
https://www.beauticate.com/destinations/clinics/spaq-qt-port-douglas/,content/destinations/clinics/spaq-qt-port-douglas/spaq-qt-port-douglas.mdx,destinations,2026-01-15,True,correct,clean,0,0,0,0,0,0,0,0,0,0,position-correctness: not verifiable (WordPress source CDN offline)
https://www.beauticate.com/destinations/clinics/surskin-west-leederville/,content/destinations/clinics/surskin-west-leederville/surskin-west-leederville.mdx,destinations,2026-01-15,True,correct,clean,0,0,0,0,0,0,0,0,0,0,position-correctness: not verifiable (WordPress source CDN offline)
https://www.beauticate.com/destinations/clinics/tan-temple-bondi/,content/destinations/clinics/tan-temple-bondi/tan-temple-bondi.mdx,destinations,2026-01-15,True,correct,clean,8,0,0,0,4,0,0,0,0,0,4 portrait(s) inside consecutive-image grid (cover-cropped gallery); position-correctness: not verifiable (WordPress source CDN offline)
https://www.beauticate.com/destinations/clinics/the-facialist-darwin/,content/destinations/clinics/the-facialist-darwin/the-facialist-darwin.mdx,destinations,2026-01-15,True,correct,clean,0,0,0,0,0,0,0,0,0,0,position-correctness: not verifiable (WordPress source CDN offline)
https://www.beauticate.com/destinations/clinics/the-facialist-noosa/,content/destinations/clinics/the-facialist-noosa/the-facialist-noosa.mdx,destinations,2026-01-15,True,correct,clean,0,0,0,0,0,0,0,0,0,0,position-correctness: not verifiable (WordPress source CDN offline)
https://www.beauticate.com/destinations/clinics/the-manse-clinic-paddington/,content/destinations/clinics/the-manse-clinic-paddington/the-manse-clinic-paddington.mdx,destinations,2026-01-15,True,correct,clean,0,0,0,0,0,0,0,0,0,0,position-correctness: not verifiable (WordPress source CDN offline)
https://www.beauticate.com/destinations/clinics/the-nail-lab-darlinghurst/,content/destinations/clinics/the-nail-lab-darlinghurst/the-nail-lab-darlinghurst.mdx,destinations,2026-01-15,True,broken,portrait-render,3,0,3,3,0,0,0,0,0,0,3 small/tall portrait(s) as plain markdown → render tiny & left-flush (portrait-standard violation); position-correctness: not verifiable (WordPress source CDN offline)
https://www.beauticate.com/destinations/clinics/the-parlour-room/,content/destinations/clinics/the-parlour-room/the-parlour-room.mdx,destinations,2026-01-15,True,broken,portrait-render,5,0,5,5,0,0,0,0,0,0,5 small/tall portrait(s) as plain markdown → render tiny & left-flush (portrait-standard violation); position-correctness: not verifiable (WordPress source CDN offline)
https://www.beauticate.com/destinations/clinics/the-sleek-skin-clinic-favoured-by-in-the-know-melburnians/,content/destinations/clinics/the-sleek-skin-clinic-favoured-by-in-the-know-melburnians/the-sleek-skin-clinic-favoured-by-in-the-know-melburnians.mdx,destinations,2026-01-15,True,broken,portrait-render,7,0,3,3,0,4,0,0,0,0,3 small/tall portrait(s) as plain markdown → render tiny & left-flush (portrait-standard violation); 4 landscape plain-md image(s) → fill body measure (acceptable); position-correctness: not verifiable (WordPress source CDN offline)
https://www.beauticate.com/destinations/clinics/the-victorian-dermal-group-melbourne/,content/destinations/clinics/the-victorian-dermal-group-melbourne/the-victorian-dermal-group-melbourne.mdx,destinations,2026-01-15,True,broken,portrait-render,3,0,2,2,0,1,0,0,0,0,2 small/tall portrait(s) as plain markdown → render tiny & left-flush (portrait-standard violation); 1 landscape plain-md image(s) → fill body measure (acceptable); position-correctness: not verifiable (WordPress source CDN offline)
https://www.beauticate.com/destinations/clinics/the-youth-lab-perth/,content/destinations/clinics/the-youth-lab-perth/the-youth-lab-perth.mdx,destinations,2026-01-15,True,correct,clean,5,0,0,0,0,5,0,0,0,0,5 landscape plain-md image(s) → fill body measure (acceptable); position-correctness: not verifiable (WordPress source CDN offline)
https://www.beauticate.com/destinations/clinics/togninis-hair-skin-and-body-fortitude-valley/,content/destinations/clinics/togninis-hair-skin-and-body-fortitude-valley/togninis-hair-skin-and-body-fortitude-valley.mdx,destinations,2026-01-15,True,correct,clean,1,0,0,0,0,1,0,0,0,0,1 landscape plain-md image(s) → fill body measure (acceptable); position-correctness: not verifiable (WordPress source CDN offline)
https://www.beauticate.com/destinations/clinics/toni-and-guy-subiaco/,content/destinations/clinics/toni-and-guy-subiaco/toni-and-guy-subiaco.mdx,destinations,2026-01-15,True,correct,clean,0,0,0,0,0,0,0,0,0,0,position-correctness: not verifiable (WordPress source CDN offline)
https://www.beauticate.com/destinations/clinics/vaia-beauty-darlinghurst/,content/destinations/clinics/vaia-beauty-darlinghurst/vaia-beauty-darlinghurst.mdx,destinations,2026-01-15,True,correct,clean,6,0,0,0,5,0,0,0,0,0,5 portrait(s) inside consecutive-image grid (cover-cropped gallery); position-correctness: not verifiable (WordPress source CDN offline)
https://www.beauticate.com/destinations/clinics/valonz-paddington/,content/destinations/clinics/valonz-paddington/valonz-paddington.mdx,destinations,2026-01-15,True,correct,clean,4,0,0,0,0,2,0,0,0,0,2 landscape plain-md image(s) → fill body measure (acceptable); position-correctness: not verifiable (WordPress source CDN offline)
https://www.beauticate.com/destinations/clinics/wieselmann-south-yarra/,content/destinations/clinics/wieselmann-south-yarra/wieselmann-south-yarra.mdx,destinations,2026-01-15,True,broken,portrait-render,1,0,1,1,0,0,0,0,0,0,1 small/tall portrait(s) as plain markdown → render tiny & left-flush (portrait-standard violation); position-correctness: not verifiable (WordPress source CDN offline)
https://www.beauticate.com/destinations/clinics/wildlife-origin-milsons-point/,content/destinations/clinics/wildlife-origin-milsons-point/wildlife-origin-milsons-point.mdx,destinations,2026-01-15,True,broken,portrait-render,5,0,1,1,4,0,0,0,0,0,1 small/tall portrait(s) as plain markdown → render tiny & left-flush (portrait-standard violation); 4 portrait(s) inside consecutive-image grid (cover-cropped gallery); position-correctness: not verifiable (WordPress source CDN offline)
https://www.beauticate.com/destinations/clinics/wildlife-studio-mcmahons-point/,content/destinations/clinics/wildlife-studio-mcmahons-point/wildlife-studio-mcmahons-point.mdx,destinations,2026-01-15,True,broken,portrait-render,5,0,1,1,4,0,0,0,0,0,1 small/tall portrait(s) as plain markdown → render tiny & left-flush (portrait-standard violation); 4 portrait(s) inside consecutive-image grid (cover-cropped gallery); position-correctness: not verifiable (WordPress source CDN offline)
https://www.beauticate.com/destinations/clinics/yots-hair-north-adelaide/,content/destinations/clinics/yots-hair-north-adelaide/yots-hair-north-adelaide.mdx,destinations,2026-01-15,True,correct,clean,0,0,0,0,0,0,0,0,0,0,position-correctness: not verifiable (WordPress source CDN offline)
https://www.beauticate.com/destinations/clinics/you-have-to-visit-this-cult-perth-beauty-hub/,content/destinations/clinics/you-have-to-visit-this-cult-perth-beauty-hub/you-have-to-visit-this-cult-perth-beauty-hub.mdx,destinations,2026-01-15,True,broken,portrait-render,10,0,7,7,1,1,0,0,0,0,7 small/tall portrait(s) as plain markdown → render tiny & left-flush (portrait-standard violation); 1 portrait(s) inside consecutive-image grid (cover-cropped gallery); 1 landscape plain-md image(s) → fill body measure (acceptable); position-correctness: not verifiable (WordPress source CDN offline)
https://www.beauticate.com/destinations/clinics/youth-lab-claremont/,content/destinations/clinics/youth-lab-claremont/youth-lab-claremont.mdx,destinations,2026-01-15,True,broken,portrait-render,6,0,1,1,0,5,0,0,0,0,1 small/tall portrait(s) as plain markdown → render tiny & left-flush (portrait-standard violation); 5 landscape plain-md image(s) → fill body measure (acceptable); position-correctness: not verifiable (WordPress source CDN offline)
https://www.beauticate.com/destinations/clinics/youth-lab-joondalup/,content/destinations/clinics/youth-lab-joondalup/youth-lab-joondalup.mdx,destinations,2026-01-15,True,broken,portrait-render,5,0,2,2,0,3,0,0,0,0,2 small/tall portrait(s) as plain markdown → render tiny & left-flush (portrait-standard violation); 3 landscape plain-md image(s) → fill body measure (acceptable); position-correctness: not verifiable (WordPress source CDN offline)
https://www.beauticate.com/destinations/clinics/zucci-stjames/,content/destinations/clinics/zucci-stjames/zucci-stjames.mdx,destinations,2026-01-15,True,broken,portrait-render,3,0,2,2,0,1,0,0,0,0,2 small/tall portrait(s) as plain markdown → render tiny & left-flush (portrait-standard violation); 1 landscape plain-md image(s) → fill body measure (acceptable); position-correctness: not verifiable (WordPress source CDN offline)
https://www.beauticate.com/destinations/salons/bond-hair-religion-kingston/,content/destinations/salons/bond-hair-religion-kingston/bond-hair-religion-kingston.mdx,destinations,2026-01-15,True,correct,clean,0,0,0,0,0,0,0,0,0,0,position-correctness: not verifiable (WordPress source CDN offline)
https://www.beauticate.com/destinations/salons/brad-ngata-darlinghurst/,content/destinations/salons/brad-ngata-darlinghurst/brad-ngata-darlinghurst.mdx,destinations,2026-01-15,True,broken,portrait-render,1,0,1,1,0,0,0,0,0,0,1 small/tall portrait(s) as plain markdown → render tiny & left-flush (portrait-standard violation); position-correctness: not verifiable (WordPress source CDN offline)
https://www.beauticate.com/destinations/salons/de-stijl-hair-hobart/,content/destinations/salons/de-stijl-hair-hobart/de-stijl-hair-hobart.mdx,destinations,2026-01-15,True,correct,clean,0,0,0,0,0,0,0,0,0,0,position-correctness: not verifiable (WordPress source CDN offline)
https://www.beauticate.com/destinations/salons/edwardsandco-byron-bay/,content/destinations/salons/edwardsandco-byron-bay/edwardsandco-byron-bay.mdx,destinations,2026-01-15,True,correct,clean,0,0,0,0,0,0,0,0,0,0,position-correctness: not verifiable (WordPress source CDN offline)
https://www.beauticate.com/destinations/salons/eesome-leederville/,content/destinations/salons/eesome-leederville/eesome-leederville.mdx,destinations,2026-01-15,True,correct,clean,0,0,0,0,0,0,0,0,0,0,position-correctness: not verifiable (WordPress source CDN offline)
https://www.beauticate.com/destinations/salons/fon-salon-goodwood/,content/destinations/salons/fon-salon-goodwood/fon-salon-goodwood.mdx,destinations,2026-01-15,True,correct,clean,0,0,0,0,0,0,0,0,0,0,position-correctness: not verifiable (WordPress source CDN offline)
https://www.beauticate.com/destinations/salons/headcase-hair-paddington/,content/destinations/salons/headcase-hair-paddington/headcase-hair-paddington.mdx,destinations,2026-01-15,True,broken,portrait-render,5,0,1,1,3,0,0,0,0,0,1 small/tall portrait(s) as plain markdown → render tiny & left-flush (portrait-standard violation); 3 portrait(s) inside consecutive-image grid (cover-cropped gallery); position-correctness: not verifiable (WordPress source CDN offline)
https://www.beauticate.com/destinations/salons/hues-hair-richmond/,content/destinations/salons/hues-hair-richmond/hues-hair-richmond.mdx,destinations,2026-01-15,True,correct,clean,0,0,0,0,0,0,0,0,0,0,position-correctness: not verifiable (WordPress source CDN offline)
https://www.beauticate.com/destinations/salons/joh-bailey-double-bay/,content/destinations/salons/joh-bailey-double-bay/joh-bailey-double-bay.mdx,destinations,2026-01-15,True,correct,clean,2,0,0,0,0,2,0,0,0,0,2 landscape plain-md image(s) → fill body measure (acceptable); position-correctness: not verifiable (WordPress source CDN offline)
https://www.beauticate.com/destinations/salons/koda-cutters-bondi/,content/destinations/salons/koda-cutters-bondi/koda-cutters-bondi.mdx,destinations,2026-01-15,True,broken,portrait-render,12,0,4,4,3,3,0,0,0,0,4 small/tall portrait(s) as plain markdown → render tiny & left-flush (portrait-standard violation); 3 portrait(s) inside consecutive-image grid (cover-cropped gallery); 3 landscape plain-md image(s) → fill body measure (acceptable); position-correctness: not verifiable (WordPress source CDN offline)
https://www.beauticate.com/destinations/salons/oscar-oscar-paddington/,content/destinations/salons/oscar-oscar-paddington/oscar-oscar-paddington.mdx,destinations,2026-01-15,True,broken,portrait-render,4,0,1,1,0,0,0,0,0,0,1 small/tall portrait(s) as plain markdown → render tiny & left-flush (portrait-standard violation); position-correctness: not verifiable (WordPress source CDN offline)
https://www.beauticate.com/destinations/salons/paloma-paddington/,content/destinations/salons/paloma-paddington/paloma-paddington.mdx,destinations,2026-01-15,True,correct,clean,0,0,0,0,0,0,0,0,0,0,position-correctness: not verifiable (WordPress source CDN offline)
https://www.beauticate.com/destinations/salons/paloma-roan-west-end/,content/destinations/salons/paloma-roan-west-end/paloma-roan-west-end.mdx,destinations,2026-01-15,True,correct,clean,0,0,0,0,0,0,0,0,0,0,position-correctness: not verifiable (WordPress source CDN offline)
https://www.beauticate.com/destinations/salons/pure-the-salon-hobart/,content/destinations/salons/pure-the-salon-hobart/pure-the-salon-hobart.mdx,destinations,2026-01-15,True,correct,clean,0,0,0,0,0,0,0,0,0,0,position-correctness: not verifiable (WordPress source CDN offline)
https://www.beauticate.com/destinations/salons/rixon-hair-brisbane/,content/destinations/salons/rixon-hair-brisbane/rixon-hair-brisbane.mdx,destinations,2026-01-15,True,correct,clean,0,0,0,0,0,0,0,0,0,0,position-correctness: not verifiable (WordPress source CDN offline)
https://www.beauticate.com/destinations/salons/roji-canberra-3/,content/destinations/salons/roji-canberra-3/roji-canberra-3.mdx,destinations,2026-01-15,True,broken,portrait-render,4,0,4,4,0,0,0,0,0,0,4 small/tall portrait(s) as plain markdown → render tiny & left-flush (portrait-standard violation); position-correctness: not verifiable (WordPress source CDN offline)
https://www.beauticate.com/destinations/salons/saint-louie-hair-melbourne/,content/destinations/salons/saint-louie-hair-melbourne/saint-louie-hair-melbourne.mdx,destinations,2026-01-15,True,correct,clean,0,0,0,0,0,0,0,0,0,0,position-correctness: not verifiable (WordPress source CDN offline)
https://www.beauticate.com/destinations/salons/the-best-sydney-beauty-treatments-for-post-lockdown-preening/,content/destinations/salons/the-best-sydney-beauty-treatments-for-post-lockdown-preening/the-best-sydney-beauty-treatments-for-post-lockdown-preening.mdx,destinations,2026-01-15,True,broken,portrait-render,3,0,1,1,2,0,0,0,0,0,1 small/tall portrait(s) as plain markdown → render tiny & left-flush (portrait-standard violation); 2 portrait(s) inside consecutive-image grid (cover-cropped gallery); position-correctness: not verifiable (WordPress source CDN offline)
https://www.beauticate.com/destinations/salons/three-new-sydney-beauty-destinations-we-love/,content/destinations/salons/three-new-sydney-beauty-destinations-we-love/three-new-sydney-beauty-destinations-we-love.mdx,destinations,2026-01-15,True,correct,clean,4,0,0,0,0,4,0,0,0,0,4 landscape plain-md image(s) → fill body measure (acceptable); position-correctness: not verifiable (WordPress source CDN offline)
https://www.beauticate.com/destinations/salons/valonz-paddington/,content/destinations/salons/valonz-paddington/valonz-paddington.mdx,destinations,2026-01-15,True,correct,clean,3,0,0,0,0,1,0,0,0,0,1 landscape plain-md image(s) → fill body measure (acceptable); position-correctness: not verifiable (WordPress source CDN offline)
https://www.beauticate.com/destinations/spas-retreats/alba-thermal-springs-fingal/,content/destinations/spas-retreats/alba-thermal-springs-fingal/alba-thermal-springs-fingal.mdx,destinations,2026-01-15,True,correct,clean,0,0,0,0,0,0,0,0,0,0,position-correctness: not verifiable (WordPress source CDN offline)
https://www.beauticate.com/destinations/spas-retreats/auriga-spa-capella-sydney/,content/destinations/spas-retreats/auriga-spa-capella-sydney/auriga-spa-capella-sydney.mdx,destinations,2026-01-15,True,correct,clean,0,0,0,0,0,0,0,0,0,0,position-correctness: not verifiable (WordPress source CDN offline)
https://www.beauticate.com/destinations/spas-retreats/aurora-spa-bathhouse-sorrento/,content/destinations/spas-retreats/aurora-spa-bathhouse-sorrento/aurora-spa-bathhouse-sorrento.mdx,destinations,2026-01-15,True,correct,clean,5,0,0,0,1,1,0,0,0,0,1 portrait(s) inside consecutive-image grid (cover-cropped gallery); 1 landscape plain-md image(s) → fill body measure (acceptable); position-correctness: not verifiable (WordPress source CDN offline)
https://www.beauticate.com/destinations/spas-retreats/aurora-spa-palazzo-versace-gold-coast-main-beach/,content/destinations/spas-retreats/aurora-spa-palazzo-versace-gold-coast-main-beach/aurora-spa-palazzo-versace-gold-coast-main-beach.mdx,destinations,2026-01-15,True,correct,clean,0,0,0,0,0,0,0,0,0,0,position-correctness: not verifiable (WordPress source CDN offline)
https://www.beauticate.com/destinations/spas-retreats/aurora-spa-st-kilda/,content/destinations/spas-retreats/aurora-spa-st-kilda/aurora-spa-st-kilda.mdx,destinations,2026-01-15,True,correct,clean,6,0,0,0,0,6,0,0,0,0,6 landscape plain-md image(s) → fill body measure (acceptable); position-correctness: not verifiable (WordPress source CDN offline)
https://www.beauticate.com/destinations/spas-retreats/b4eqvwiwqul60j621kycw4iod8mzx4/,content/destinations/spas-retreats/b4eqvwiwqul60j621kycw4iod8mzx4/b4eqvwiwqul60j621kycw4iod8mzx4.mdx,destinations,2026-01-15,True,correct,clean,1,0,0,0,0,1,0,0,0,0,1 landscape plain-md image(s) → fill body measure (acceptable); position-correctness: not verifiable (WordPress source CDN offline)
https://www.beauticate.com/destinations/spas-retreats/bodhi-yallingup/,content/destinations/spas-retreats/bodhi-yallingup/bodhi-yallingup.mdx,destinations,2026-01-15,True,correct,clean,0,0,0,0,0,0,0,0,0,0,position-correctness: not verifiable (WordPress source CDN offline)
https://www.beauticate.com/destinations/spas-retreats/chahoya-spa-by-loccitane-broome/,content/destinations/spas-retreats/chahoya-spa-by-loccitane-broome/chahoya-spa-by-loccitane-broome.mdx,destinations,2026-01-15,True,correct,clean,2,0,0,0,0,0,0,0,0,0,position-correctness: not verifiable (WordPress source CDN offline)
https://www.beauticate.com/destinations/spas-retreats/chakana-day-spa-wellbeing-avalon-2/,content/destinations/spas-retreats/chakana-day-spa-wellbeing-avalon-2/chakana-day-spa-wellbeing-avalon-2.mdx,destinations,2026-01-15,True,broken,portrait-render,14,0,4,4,0,8,0,0,0,0,4 small/tall portrait(s) as plain markdown → render tiny & left-flush (portrait-standard violation); 8 landscape plain-md image(s) → fill body measure (acceptable); position-correctness: not verifiable (WordPress source CDN offline)
https://www.beauticate.com/destinations/spas-retreats/chateau-elan-spa-the-hunter-valley-nsw/,content/destinations/spas-retreats/chateau-elan-spa-the-hunter-valley-nsw/chateau-elan-spa-the-hunter-valley-nsw.mdx,destinations,2026-01-15,True,broken,portrait-render,9,0,2,2,0,7,0,0,0,0,2 small/tall portrait(s) as plain markdown → render tiny & left-flush (portrait-standard violation); 7 landscape plain-md image(s) → fill body measure (acceptable); position-correctness: not verifiable (WordPress source CDN offline)
https://www.beauticate.com/destinations/spas-retreats/chi-spa-shangri-la-hotel-sydney/,content/destinations/spas-retreats/chi-spa-shangri-la-hotel-sydney/chi-spa-shangri-la-hotel-sydney.mdx,destinations,2026-01-15,True,broken,portrait-render,3,0,3,3,0,0,0,0,0,0,3 small/tall portrait(s) as plain markdown → render tiny & left-flush (portrait-standard violation); position-correctness: not verifiable (WordPress source CDN offline)
https://www.beauticate.com/destinations/spas-retreats/chuan-spa-the-langham-melbourne-1/,content/destinations/spas-retreats/chuan-spa-the-langham-melbourne-1/chuan-spa-the-langham-melbourne-1.mdx,destinations,2026-01-15,True,broken,portrait-render,4,0,1,1,0,1,0,0,0,0,1 small/tall portrait(s) as plain markdown → render tiny & left-flush (portrait-standard violation); 1 landscape plain-md image(s) → fill body measure (acceptable); position-correctness: not verifiable (WordPress source CDN offline)
https://www.beauticate.com/destinations/spas-retreats/como-shambhala-urban-escape/,content/destinations/spas-retreats/como-shambhala-urban-escape/como-shambhala-urban-escape.mdx,destinations,2026-01-15,True,broken,portrait-render,3,0,3,3,0,0,0,0,0,0,3 small/tall portrait(s) as plain markdown → render tiny & left-flush (portrait-standard violation); position-correctness: not verifiable (WordPress source CDN offline)
https://www.beauticate.com/destinations/spas-retreats/como-the-treasury-perth/,content/destinations/spas-retreats/como-the-treasury-perth/como-the-treasury-perth.mdx,destinations,2026-01-15,True,correct,clean,2,0,0,0,0,1,0,0,0,0,1 landscape plain-md image(s) → fill body measure (acceptable); position-correctness: not verifiable (WordPress source CDN offline)
https://www.beauticate.com/destinations/spas-retreats/crown-spa-barangaroo/,content/destinations/spas-retreats/crown-spa-barangaroo/crown-spa-barangaroo.mdx,destinations,2026-01-15,True,correct,clean,0,0,0,0,0,0,0,0,0,0,position-correctness: not verifiable (WordPress source CDN offline)
https://www.beauticate.com/destinations/spas-retreats/crown-spa-melbourne/,content/destinations/spas-retreats/crown-spa-melbourne/crown-spa-melbourne.mdx,destinations,2026-01-15,True,broken,portrait-render,4,0,4,4,0,0,0,0,0,0,4 small/tall portrait(s) as plain markdown → render tiny & left-flush (portrait-standard violation); position-correctness: not verifiable (WordPress source CDN offline)
https://www.beauticate.com/destinations/spas-retreats/crown-spa-perth-review/,content/destinations/spas-retreats/crown-spa-perth-review/crown-spa-perth-review.mdx,destinations,2026-01-15,True,correct,clean,5,0,0,0,0,5,0,0,0,0,5 landscape plain-md image(s) → fill body measure (acceptable); position-correctness: not verifiable (WordPress source CDN offline)
https://www.beauticate.com/destinations/spas-retreats/discover-beauty-at-melbournes-most-luxurious-spa/,content/destinations/spas-retreats/discover-beauty-at-melbournes-most-luxurious-spa/discover-beauty-at-melbournes-most-luxurious-spa.mdx,destinations,2026-01-15,True,broken,portrait-render,11,0,4,4,3,4,0,0,0,0,4 small/tall portrait(s) as plain markdown → render tiny & left-flush (portrait-standard violation); 3 portrait(s) inside consecutive-image grid (cover-cropped gallery); 4 landscape plain-md image(s) → fill body measure (acceptable); position-correctness: not verifiable (WordPress source CDN offline)
https://www.beauticate.com/destinations/spas-retreats/elements-day-spa-darwin/,content/destinations/spas-retreats/elements-day-spa-darwin/elements-day-spa-darwin.mdx,destinations,2026-01-15,True,correct,clean,1,0,0,0,0,1,0,0,0,0,1 landscape plain-md image(s) → fill body measure (acceptable); position-correctness: not verifiable (WordPress source CDN offline)
https://www.beauticate.com/destinations/spas-retreats/elysia-wellness-retreat-pokolbin/,content/destinations/spas-retreats/elysia-wellness-retreat-pokolbin/elysia-wellness-retreat-pokolbin.mdx,destinations,2026-01-15,True,correct,clean,0,0,0,0,0,0,0,0,0,0,position-correctness: not verifiable (WordPress source CDN offline)
https://www.beauticate.com/destinations/spas-retreats/empire-retreat-yallingup/,content/destinations/spas-retreats/empire-retreat-yallingup/empire-retreat-yallingup.mdx,destinations,2026-01-15,True,correct,clean,2,0,0,0,0,2,0,0,0,0,2 landscape plain-md image(s) → fill body measure (acceptable); position-correctness: not verifiable (WordPress source CDN offline)
https://www.beauticate.com/destinations/spas-retreats/endota-spa-glenelg/,content/destinations/spas-retreats/endota-spa-glenelg/endota-spa-glenelg.mdx,destinations,2026-01-15,True,correct,clean,0,0,0,0,0,0,0,0,0,0,position-correctness: not verifiable (WordPress source CDN offline)
https://www.beauticate.com/destinations/spas-retreats/eos-spa-wellness-adelaide/,content/destinations/spas-retreats/eos-spa-wellness-adelaide/eos-spa-wellness-adelaide.mdx,destinations,2026-01-15,True,correct,clean,0,0,0,0,0,0,0,0,0,0,position-correctness: not verifiable (WordPress source CDN offline)
https://www.beauticate.com/destinations/spas-retreats/facialistas-hyde-park/,content/destinations/spas-retreats/facialistas-hyde-park/facialistas-hyde-park.mdx,destinations,2026-01-15,True,correct,clean,0,0,0,0,0,0,0,0,0,0,position-correctness: not verifiable (WordPress source CDN offline)
https://www.beauticate.com/destinations/spas-retreats/five-star-day-spa-erina/,content/destinations/spas-retreats/five-star-day-spa-erina/five-star-day-spa-erina.mdx,destinations,2026-01-15,True,broken,portrait-render,4,0,1,1,2,1,0,0,0,0,1 small/tall portrait(s) as plain markdown → render tiny & left-flush (portrait-standard violation); 2 portrait(s) inside consecutive-image grid (cover-cropped gallery); 1 landscape plain-md image(s) → fill body measure (acceptable); position-correctness: not verifiable (WordPress source CDN offline)
https://www.beauticate.com/destinations/spas-retreats/gillian-adams-salon-spa-turramurra/,content/destinations/spas-retreats/gillian-adams-salon-spa-turramurra/gillian-adams-salon-spa-turramurra.mdx,destinations,2026-01-15,True,correct,clean,0,0,0,0,0,0,0,0,0,0,position-correctness: not verifiable (WordPress source CDN offline)
https://www.beauticate.com/destinations/spas-retreats/hale-spa-barton/,content/destinations/spas-retreats/hale-spa-barton/hale-spa-barton.mdx,destinations,2026-01-15,True,correct,clean,0,0,0,0,0,0,0,0,0,0,position-correctness: not verifiable (WordPress source CDN offline)
https://www.beauticate.com/destinations/spas-retreats/hepburn-spa-and-bathhouse-daylesford/,content/destinations/spas-retreats/hepburn-spa-and-bathhouse-daylesford/hepburn-spa-and-bathhouse-daylesford.mdx,destinations,2026-01-15,True,broken,portrait-render,11,0,4,4,1,1,0,0,0,0,4 small/tall portrait(s) as plain markdown → render tiny & left-flush (portrait-standard violation); 1 portrait(s) inside consecutive-image grid (cover-cropped gallery); 1 landscape plain-md image(s) → fill body measure (acceptable); position-correctness: not verifiable (WordPress source CDN offline)
https://www.beauticate.com/destinations/spas-retreats/ikatan-balinese-day-spa-doonan/,content/destinations/spas-retreats/ikatan-balinese-day-spa-doonan/ikatan-balinese-day-spa-doonan.mdx,destinations,2026-01-15,True,correct,clean,0,0,0,0,0,0,0,0,0,0,position-correctness: not verifiable (WordPress source CDN offline)
https://www.beauticate.com/destinations/spas-retreats/karpatimedispa-double-bay/,content/destinations/spas-retreats/karpatimedispa-double-bay/karpatimedispa-double-bay.mdx,destinations,2026-01-15,True,broken,portrait-render,6,0,3,3,0,0,0,0,0,0,3 small/tall portrait(s) as plain markdown → render tiny & left-flush (portrait-standard violation); position-correctness: not verifiable (WordPress source CDN offline)
https://www.beauticate.com/destinations/spas-retreats/lagoon-day-spa-mindil-beach/,content/destinations/spas-retreats/lagoon-day-spa-mindil-beach/lagoon-day-spa-mindil-beach.mdx,destinations,2026-01-15,True,correct,clean,0,0,0,0,0,0,0,0,0,0,position-correctness: not verifiable (WordPress source CDN offline)
https://www.beauticate.com/destinations/spas-retreats/loccitane-petit-spa-subiaco-wa/,content/destinations/spas-retreats/loccitane-petit-spa-subiaco-wa/loccitane-petit-spa-subiaco-wa.mdx,destinations,2026-01-15,True,broken,portrait-render,5,0,2,2,0,0,0,0,0,0,2 small/tall portrait(s) as plain markdown → render tiny & left-flush (portrait-standard violation); position-correctness: not verifiable (WordPress source CDN offline)
https://www.beauticate.com/destinations/spas-retreats/loccitane-petit-spa/,content/destinations/spas-retreats/loccitane-petit-spa/loccitane-petit-spa.mdx,destinations,2026-01-15,True,broken,portrait-render,4,0,2,2,2,0,0,0,0,0,2 small/tall portrait(s) as plain markdown → render tiny & left-flush (portrait-standard violation); 2 portrait(s) inside consecutive-image grid (cover-cropped gallery); position-correctness: not verifiable (WordPress source CDN offline)
https://www.beauticate.com/destinations/spas-retreats/losari-retreat-margaret-river/,content/destinations/spas-retreats/losari-retreat-margaret-river/losari-retreat-margaret-river.mdx,destinations,2026-01-15,True,correct,clean,0,0,0,0,0,0,0,0,0,0,position-correctness: not verifiable (WordPress source CDN offline)
https://www.beauticate.com/destinations/spas-retreats/melanie-grant-skin-health-double-bay/,content/destinations/spas-retreats/melanie-grant-skin-health-double-bay/melanie-grant-skin-health-double-bay.mdx,destinations,2026-01-15,True,broken,portrait-render,4,0,2,2,0,2,0,0,0,0,2 small/tall portrait(s) as plain markdown → render tiny & left-flush (portrait-standard violation); 2 landscape plain-md image(s) → fill body measure (acceptable); position-correctness: not verifiable (WordPress source CDN offline)
https://www.beauticate.com/destinations/spas-retreats/metung-hot-springs/,content/destinations/spas-retreats/metung-hot-springs/metung-hot-springs.mdx,destinations,2026-01-15,True,correct,clean,0,0,0,0,0,0,0,0,0,0,position-correctness: not verifiable (WordPress source CDN offline)
https://www.beauticate.com/destinations/spas-retreats/mudd-spa-barton/,content/destinations/spas-retreats/mudd-spa-barton/mudd-spa-barton.mdx,destinations,2026-01-15,True,correct,clean,0,0,0,0,0,0,0,0,0,0,position-correctness: not verifiable (WordPress source CDN offline)
https://www.beauticate.com/destinations/spas-retreats/noosa-springs-spa/,content/destinations/spas-retreats/noosa-springs-spa/noosa-springs-spa.mdx,destinations,2026-01-15,True,correct,clean,0,0,0,0,0,0,0,0,0,0,position-correctness: not verifiable (WordPress source CDN offline)
https://www.beauticate.com/destinations/spas-retreats/ocea-eco-spa-darwin/,content/destinations/spas-retreats/ocea-eco-spa-darwin/ocea-eco-spa-darwin.mdx,destinations,2026-01-15,True,correct,clean,0,0,0,0,0,0,0,0,0,0,position-correctness: not verifiable (WordPress source CDN offline)
https://www.beauticate.com/destinations/spas-retreats/one-only-spa-at-hayman-island-the-whitsundays/,content/destinations/spas-retreats/one-only-spa-at-hayman-island-the-whitsundays/one-only-spa-at-hayman-island-the-whitsundays.mdx,destinations,2026-01-15,True,broken,portrait-render,4,0,4,4,0,0,0,0,0,0,4 small/tall portrait(s) as plain markdown → render tiny & left-flush (portrait-standard violation); position-correctness: not verifiable (WordPress source CDN offline)
https://www.beauticate.com/destinations/spas-retreats/osborn-house-bundanoon/,content/destinations/spas-retreats/osborn-house-bundanoon/osborn-house-bundanoon.mdx,destinations,2026-01-15,True,correct,clean,0,0,0,0,0,0,0,0,0,0,position-correctness: not verifiable (WordPress source CDN offline)
https://www.beauticate.com/destinations/spas-retreats/peninsula-life-medi-spa-mornington-peninsula/,content/destinations/spas-retreats/peninsula-life-medi-spa-mornington-peninsula/peninsula-life-medi-spa-mornington-peninsula.mdx,destinations,2026-01-15,True,correct,clean,1,0,0,0,0,1,0,0,0,0,1 landscape plain-md image(s) → fill body measure (acceptable); position-correctness: not verifiable (WordPress source CDN offline)
https://www.beauticate.com/destinations/spas-retreats/peppers-mineral-springs-hepburn-springs/,content/destinations/spas-retreats/peppers-mineral-springs-hepburn-springs/peppers-mineral-springs-hepburn-springs.mdx,destinations,2026-01-15,True,correct,clean,4,0,0,0,0,1,0,0,0,0,1 landscape plain-md image(s) → fill body measure (acceptable); position-correctness: not verifiable (WordPress source CDN offline)
https://www.beauticate.com/destinations/spas-retreats/petrichor-day-spa-hawthorne/,content/destinations/spas-retreats/petrichor-day-spa-hawthorne/petrichor-day-spa-hawthorne.mdx,destinations,2026-01-15,True,correct,clean,0,0,0,0,0,0,0,0,0,0,position-correctness: not verifiable (WordPress source CDN offline)
https://www.beauticate.com/destinations/spas-retreats/red-ochre-spa-ayers-rock/,content/destinations/spas-retreats/red-ochre-spa-ayers-rock/red-ochre-spa-ayers-rock.mdx,destinations,2026-01-15,True,correct,clean,0,0,0,0,0,0,0,0,0,0,position-correctness: not verifiable (WordPress source CDN offline)
https://www.beauticate.com/destinations/spas-retreats/salus-spa-the-lakehouse-daylesford/,content/destinations/spas-retreats/salus-spa-the-lakehouse-daylesford/salus-spa-the-lakehouse-daylesford.mdx,destinations,2026-01-15,True,broken,portrait-render,7,0,7,7,0,0,0,0,0,0,7 small/tall portrait(s) as plain markdown → render tiny & left-flush (portrait-standard violation); position-correctness: not verifiable (WordPress source CDN offline)
https://www.beauticate.com/destinations/spas-retreats/savoy-day-spa-hobart/,content/destinations/spas-retreats/savoy-day-spa-hobart/savoy-day-spa-hobart.mdx,destinations,2026-01-15,True,broken,portrait-render,1,0,1,1,0,0,0,0,0,0,1 small/tall portrait(s) as plain markdown → render tiny & left-flush (portrait-standard violation); position-correctness: not verifiable (WordPress source CDN offline)
https://www.beauticate.com/destinations/spas-retreats/selene-day-spa-adelaide/,content/destinations/spas-retreats/selene-day-spa-adelaide/selene-day-spa-adelaide.mdx,destinations,2026-01-15,True,correct,clean,0,0,0,0,0,0,0,0,0,0,position-correctness: not verifiable (WordPress source CDN offline)
https://www.beauticate.com/destinations/spas-retreats/serene-day-spa-wa/,content/destinations/spas-retreats/serene-day-spa-wa/serene-day-spa-wa.mdx,destinations,2026-01-15,True,correct,clean,4,0,0,0,4,0,0,0,0,0,4 portrait(s) inside consecutive-image grid (cover-cropped gallery); position-correctness: not verifiable (WordPress source CDN offline)
https://www.beauticate.com/destinations/spas-retreats/sharkra-medispa-hobart/,content/destinations/spas-retreats/sharkra-medispa-hobart/sharkra-medispa-hobart.mdx,destinations,2026-01-15,True,correct,clean,0,0,0,0,0,0,0,0,0,0,position-correctness: not verifiable (WordPress source CDN offline)
https://www.beauticate.com/destinations/spas-retreats/sol-spa-the-botanica-vaucluse/,content/destinations/spas-retreats/sol-spa-the-botanica-vaucluse/sol-spa-the-botanica-vaucluse.mdx,destinations,2026-01-15,True,correct,clean,0,0,0,0,0,0,0,0,0,0,position-correctness: not verifiable (WordPress source CDN offline)
https://www.beauticate.com/destinations/spas-retreats/southern-spa-southern-ocean-lodge/,content/destinations/spas-retreats/southern-spa-southern-ocean-lodge/southern-spa-southern-ocean-lodge.mdx,destinations,2026-01-15,True,broken,portrait-render,4,0,3,3,0,1,0,0,0,0,3 small/tall portrait(s) as plain markdown → render tiny & left-flush (portrait-standard violation); 1 landscape plain-md image(s) → fill body measure (acceptable); position-correctness: not verifiable (WordPress source CDN offline)
https://www.beauticate.com/destinations/spas-retreats/spa-by-jw-jw-marriott-gold-coast/,content/destinations/spas-retreats/spa-by-jw-jw-marriott-gold-coast/spa-by-jw-jw-marriott-gold-coast.mdx,destinations,2026-01-15,True,correct,clean,14,0,0,0,0,14,0,0,0,0,14 landscape plain-md image(s) → fill body measure (acceptable); position-correctness: not verifiable (WordPress source CDN offline)
https://www.beauticate.com/destinations/spas-retreats/spa-kinara-longitude-131/,content/destinations/spas-retreats/spa-kinara-longitude-131/spa-kinara-longitude-131.mdx,destinations,2026-01-15,True,correct,clean,0,0,0,0,0,0,0,0,0,0,position-correctness: not verifiable (WordPress source CDN offline)
https://www.beauticate.com/destinations/spas-retreats/spa-q-qt-resort-gold-coast/,content/destinations/spas-retreats/spa-q-qt-resort-gold-coast/spa-q-qt-resort-gold-coast.mdx,destinations,2026-01-15,True,correct,clean,5,0,0,0,4,1,0,0,0,0,4 portrait(s) inside consecutive-image grid (cover-cropped gallery); 1 landscape plain-md image(s) → fill body measure (acceptable); position-correctness: not verifiable (WordPress source CDN offline)
https://www.beauticate.com/destinations/spas-retreats/spa-qualia-hamilton-island/,content/destinations/spas-retreats/spa-qualia-hamilton-island/spa-qualia-hamilton-island.mdx,destinations,2026-01-15,True,correct,clean,2,0,0,0,0,0,0,0,0,0,position-correctness: not verifiable (WordPress source CDN offline)
https://www.beauticate.com/destinations/spas-retreats/spaq-qt-sydney/,content/destinations/spas-retreats/spaq-qt-sydney/spaq-qt-sydney.mdx,destinations,2026-01-15,True,correct,clean,0,0,0,0,0,0,0,0,0,0,position-correctness: not verifiable (WordPress source CDN offline)
https://www.beauticate.com/destinations/spas-retreats/stables-day-spa-at-mount-lofty-house-crafers/,content/destinations/spas-retreats/stables-day-spa-at-mount-lofty-house-crafers/stables-day-spa-at-mount-lofty-house-crafers.mdx,destinations,2026-01-15,True,correct,clean,0,0,0,0,0,0,0,0,0,0,position-correctness: not verifiable (WordPress source CDN offline)
https://www.beauticate.com/destinations/spas-retreats/stephanies-vintage-spa-cleveland/,content/destinations/spas-retreats/stephanies-vintage-spa-cleveland/stephanies-vintage-spa-cleveland.mdx,destinations,2026-01-15,True,broken,portrait-render,5,0,1,1,4,0,0,0,0,0,1 small/tall portrait(s) as plain markdown → render tiny & left-flush (portrait-standard violation); 4 portrait(s) inside consecutive-image grid (cover-cropped gallery); position-correctness: not verifiable (WordPress source CDN offline)
https://www.beauticate.com/destinations/spas-retreats/sydneys-newest-hotel-spa-is-an-oasis-in-the-heart-of-darling-harbour/,content/destinations/spas-retreats/sydneys-newest-hotel-spa-is-an-oasis-in-the-heart-of-darling-harbour/sydneys-newest-hotel-spa-is-an-oasis-in-the-heart-of-darling-harbour.mdx,destinations,2026-01-15,True,broken,portrait-render,10,0,2,2,1,3,0,0,0,0,2 small/tall portrait(s) as plain markdown → render tiny & left-flush (portrait-standard violation); 1 portrait(s) inside consecutive-image grid (cover-cropped gallery); 3 landscape plain-md image(s) → fill body measure (acceptable); position-correctness: not verifiable (WordPress source CDN offline)
https://www.beauticate.com/destinations/spas-retreats/tama-wellness-dunsborough/,content/destinations/spas-retreats/tama-wellness-dunsborough/tama-wellness-dunsborough.mdx,destinations,2026-01-15,True,correct,clean,0,0,0,0,0,0,0,0,0,0,position-correctness: not verifiable (WordPress source CDN offline)
https://www.beauticate.com/destinations/spas-retreats/tank-farm-bli-bli/,content/destinations/spas-retreats/tank-farm-bli-bli/tank-farm-bli-bli.mdx,destinations,2026-01-15,True,correct,clean,0,0,0,0,0,0,0,0,0,0,position-correctness: not verifiable (WordPress source CDN offline)
https://www.beauticate.com/destinations/spas-retreats/temple-day-spa/,content/destinations/spas-retreats/temple-day-spa/temple-day-spa.mdx,destinations,2026-01-15,True,correct,clean,0,0,0,0,0,0,0,0,0,0,position-correctness: not verifiable (WordPress source CDN offline)
https://www.beauticate.com/destinations/spas-retreats/the-darling-spa-pyrmont/,content/destinations/spas-retreats/the-darling-spa-pyrmont/the-darling-spa-pyrmont.mdx,destinations,2026-01-15,True,broken,portrait-render,7,0,1,1,2,2,0,0,0,0,1 small/tall portrait(s) as plain markdown → render tiny & left-flush (portrait-standard violation); 2 portrait(s) inside consecutive-image grid (cover-cropped gallery); 2 landscape plain-md image(s) → fill body measure (acceptable); position-correctness: not verifiable (WordPress source CDN offline)
https://www.beauticate.com/destinations/spas-retreats/the-day-spa-the-langham-sydney/,content/destinations/spas-retreats/the-day-spa-the-langham-sydney/the-day-spa-the-langham-sydney.mdx,destinations,2026-01-15,True,correct,clean,0,0,0,0,0,0,0,0,0,0,position-correctness: not verifiable (WordPress source CDN offline)
https://www.beauticate.com/destinations/spas-retreats/the-girl-you-love-glebe/,content/destinations/spas-retreats/the-girl-you-love-glebe/the-girl-you-love-glebe.mdx,destinations,2026-01-15,True,broken,portrait-render,5,0,1,1,1,2,0,0,0,0,1 small/tall portrait(s) as plain markdown → render tiny & left-flush (portrait-standard violation); 1 portrait(s) inside consecutive-image grid (cover-cropped gallery); 2 landscape plain-md image(s) → fill body measure (acceptable); position-correctness: not verifiable (WordPress source CDN offline)
https://www.beauticate.com/destinations/spas-retreats/the-go-tos-bells-at-killcare-day-spa-nsw/,content/destinations/spas-retreats/the-go-tos-bells-at-killcare-day-spa-nsw/the-go-tos-bells-at-killcare-day-spa-nsw.mdx,destinations,2026-01-15,True,correct,clean,5,0,0,0,0,5,0,0,0,0,5 landscape plain-md image(s) → fill body measure (acceptable); position-correctness: not verifiable (WordPress source CDN offline)
https://www.beauticate.com/destinations/spas-retreats/the-go-tos-halcyon-house-nsw/,content/destinations/spas-retreats/the-go-tos-halcyon-house-nsw/the-go-tos-halcyon-house-nsw.mdx,destinations,2026-01-15,True,correct,clean,0,0,0,0,0,0,0,0,0,0,position-correctness: not verifiable (WordPress source CDN offline)
https://www.beauticate.com/destinations/spas-retreats/the-louise-marananga/,content/destinations/spas-retreats/the-louise-marananga/the-louise-marananga.mdx,destinations,2026-01-15,True,correct,clean,0,0,0,0,0,0,0,0,0,0,position-correctness: not verifiable (WordPress source CDN offline)
https://www.beauticate.com/destinations/spas-retreats/the-spa-byron-at-byron-resort-byron-bay/,content/destinations/spas-retreats/the-spa-byron-at-byron-resort-byron-bay/the-spa-byron-at-byron-resort-byron-bay.mdx,destinations,2026-01-15,True,correct,clean,3,0,0,0,0,1,0,0,0,0,1 landscape plain-md image(s) → fill body measure (acceptable); position-correctness: not verifiable (WordPress source CDN offline)
https://www.beauticate.com/destinations/spas-retreats/the-spa-park-hyatt-sydney/,content/destinations/spas-retreats/the-spa-park-hyatt-sydney/the-spa-park-hyatt-sydney.mdx,destinations,2026-01-15,True,correct,clean,0,0,0,0,0,0,0,0,0,0,position-correctness: not verifiable (WordPress source CDN offline)
https://www.beauticate.com/destinations/spas-retreats/the-spa-raes-on-wategos-byron-bay/,content/destinations/spas-retreats/the-spa-raes-on-wategos-byron-bay/the-spa-raes-on-wategos-byron-bay.mdx,destinations,2026-01-15,True,correct,clean,4,0,0,0,4,0,0,0,0,0,4 portrait(s) inside consecutive-image grid (cover-cropped gallery); position-correctness: not verifiable (WordPress source CDN offline)
https://www.beauticate.com/destinations/spas-retreats/venustus-paddington/,content/destinations/spas-retreats/venustus-paddington/venustus-paddington.mdx,destinations,2026-01-15,True,correct,clean,0,0,0,0,0,0,0,0,0,0,position-correctness: not verifiable (WordPress source CDN offline)
https://www.beauticate.com/destinations/spas-retreats/waldheim-spa-cradle-mountain-lodge/,content/destinations/spas-retreats/waldheim-spa-cradle-mountain-lodge/waldheim-spa-cradle-mountain-lodge.mdx,destinations,2026-01-15,True,correct,clean,2,0,0,0,2,0,0,0,0,0,2 portrait(s) inside consecutive-image grid (cover-cropped gallery); position-correctness: not verifiable (WordPress source CDN offline)
https://www.beauticate.com/destinations/spas-retreats/wellness-spa-daintree-ecolodge/,content/destinations/spas-retreats/wellness-spa-daintree-ecolodge/wellness-spa-daintree-ecolodge.mdx,destinations,2026-01-15,True,correct,clean,0,0,0,0,0,0,0,0,0,0,position-correctness: not verifiable (WordPress source CDN offline)
https://www.beauticate.com/destinations/travel/1-hotel-melbourne-review/,content/destinations/travel/1-hotel-melbourne-review/1-hotel-melbourne-review.mdx,destinations,2026-05-03,True,broken,portrait-render,8,0,3,3,0,5,0,0,0,0,3 small/tall portrait(s) as plain markdown → render tiny & left-flush (portrait-standard violation); 5 landscape plain-md image(s) → fill body measure (acceptable); position-correctness: not verifiable (WordPress source CDN offline)
https://www.beauticate.com/destinations/travel/48-hours-in-paris-with-sephora/,content/destinations/travel/48-hours-in-paris-with-sephora/48-hours-in-paris-with-sephora.mdx,destinations,2016-09-21,True,correct,clean,15,0,0,0,0,1,0,0,0,0,1 landscape plain-md image(s) → fill body measure (acceptable); position-correctness: not verifiable (WordPress source CDN offline)
https://www.beauticate.com/destinations/travel/bangkok-short-stay-guide/,content/destinations/travel/bangkok-short-stay-guide/bangkok-short-stay-guide.mdx,destinations,2019-02-18,True,broken,portrait-render,19,0,4,4,3,3,0,0,0,0,4 small/tall portrait(s) as plain markdown → render tiny & left-flush (portrait-standard violation); 3 portrait(s) inside consecutive-image grid (cover-cropped gallery); 3 landscape plain-md image(s) → fill body measure (acceptable); position-correctness: not verifiable (WordPress source CDN offline)
https://www.beauticate.com/destinations/travel/bannisters-port-stephens-family-getaway/,content/destinations/travel/bannisters-port-stephens-family-getaway/bannisters-port-stephens-family-getaway.mdx,destinations,2025-10-06,True,correct,clean,9,0,0,0,0,4,0,0,0,0,4 landscape plain-md image(s) → fill body measure (acceptable); position-correctness: not verifiable (WordPress source CDN offline)
https://www.beauticate.com/destinations/travel/boho-bliss-meets-coastal-charm-a-stunning-getaway/,content/destinations/travel/boho-bliss-meets-coastal-charm-a-stunning-getaway/boho-bliss-meets-coastal-charm-a-stunning-getaway.mdx,destinations,2019-07-09,True,broken,portrait-render,20,0,5,5,8,4,0,0,0,0,5 small/tall portrait(s) as plain markdown → render tiny & left-flush (portrait-standard violation); 8 portrait(s) inside consecutive-image grid (cover-cropped gallery); 4 landscape plain-md image(s) → fill body measure (acceptable); position-correctness: not verifiable (WordPress source CDN offline)
https://www.beauticate.com/destinations/travel/escape-here-the-south-coast-sanctuary-for-self-care/,content/destinations/travel/escape-here-the-south-coast-sanctuary-for-self-care/escape-here-the-south-coast-sanctuary-for-self-care.mdx,destinations,2020-10-20,True,broken,portrait-render,26,0,2,2,13,3,0,0,0,0,2 small/tall portrait(s) as plain markdown → render tiny & left-flush (portrait-standard violation); 13 portrait(s) inside consecutive-image grid (cover-cropped gallery); 3 landscape plain-md image(s) → fill body measure (acceptable); position-correctness: not verifiable (WordPress source CDN offline)
https://www.beauticate.com/destinations/travel/family-ski-holiday-to-japan/,content/destinations/travel/family-ski-holiday-to-japan/family-ski-holiday-to-japan.mdx,destinations,2025-08-10,True,broken,portrait-render,16,0,3,3,6,2,0,0,0,0,3 small/tall portrait(s) as plain markdown → render tiny & left-flush (portrait-standard violation); 6 portrait(s) inside consecutive-image grid (cover-cropped gallery); 2 landscape plain-md image(s) → fill body measure (acceptable); position-correctness: not verifiable (WordPress source CDN offline)
https://www.beauticate.com/destinations/travel/gaia-byron-bay/,content/destinations/travel/gaia-byron-bay/gaia-byron-bay.mdx,destinations,2015-12-31,True,correct,clean,13,0,0,0,2,2,0,0,0,0,2 portrait(s) inside consecutive-image grid (cover-cropped gallery); 2 landscape plain-md image(s) → fill body measure (acceptable); position-correctness: not verifiable (WordPress source CDN offline)
https://www.beauticate.com/destinations/travel/go-tos-natures-energy-glebe/,content/destinations/travel/go-tos-natures-energy-glebe/go-tos-natures-energy-glebe.mdx,destinations,2023-11-23,True,broken,portrait-render,13,0,3,3,4,4,0,0,0,0,3 small/tall portrait(s) as plain markdown → render tiny & left-flush (portrait-standard violation); 4 portrait(s) inside consecutive-image grid (cover-cropped gallery); 4 landscape plain-md image(s) → fill body measure (acceptable); position-correctness: not verifiable (WordPress source CDN offline)
https://www.beauticate.com/destinations/travel/how-to-do-mini-break-beauty-a-guide-to-packing-lightly/,content/destinations/travel/how-to-do-mini-break-beauty-a-guide-to-packing-lightly/how-to-do-mini-break-beauty-a-guide-to-packing-lightly.mdx,destinations,2014-04-13,True,broken,portrait-render,12,0,7,7,0,1,0,0,0,0,7 small/tall portrait(s) as plain markdown → render tiny & left-flush (portrait-standard violation); 1 landscape plain-md image(s) → fill body measure (acceptable); position-correctness: not verifiable (WordPress source CDN offline)
https://www.beauticate.com/destinations/travel/injidup-spa-retreat-yalingup/,content/destinations/travel/injidup-spa-retreat-yalingup/injidup-spa-retreat-yalingup.mdx,destinations,2015-09-15,True,correct,clean,2,0,0,0,0,2,0,0,0,0,2 landscape plain-md image(s) → fill body measure (acceptable); position-correctness: not verifiable (WordPress source CDN offline)
https://www.beauticate.com/destinations/travel/kerala-travel-guide/,content/destinations/travel/kerala-travel-guide/kerala-travel-guide.mdx,destinations,2025-04-04,True,broken,portrait-render,20,0,5,5,5,8,0,0,0,0,5 small/tall portrait(s) as plain markdown → render tiny & left-flush (portrait-standard violation); 5 portrait(s) inside consecutive-image grid (cover-cropped gallery); 8 landscape plain-md image(s) → fill body measure (acceptable); position-correctness: not verifiable (WordPress source CDN offline)
https://www.beauticate.com/destinations/travel/la-travel-guide-beverly-hills/,content/destinations/travel/la-travel-guide-beverly-hills/la-travel-guide-beverly-hills.mdx,destinations,2025-02-18,True,broken,portrait-render,17,0,1,1,10,2,0,0,0,0,1 small/tall portrait(s) as plain markdown → render tiny & left-flush (portrait-standard violation); 10 portrait(s) inside consecutive-image grid (cover-cropped gallery); 2 landscape plain-md image(s) → fill body measure (acceptable); position-correctness: not verifiable (WordPress source CDN offline)
https://www.beauticate.com/destinations/travel/mondrian-gold-coast-review/,content/destinations/travel/mondrian-gold-coast-review/mondrian-gold-coast-review.mdx,destinations,2025-12-12,True,correct,clean,21,5,0,0,0,10,0,0,0,0,10 landscape plain-md image(s) → fill body measure (acceptable); 5 image(s) already in portrait-aware component(s); position-correctness: not verifiable (WordPress source CDN offline)
https://www.beauticate.com/destinations/travel/my-new-zealand-beauty-haul/,content/destinations/travel/my-new-zealand-beauty-haul/my-new-zealand-beauty-haul.mdx,destinations,2019-11-26,True,broken,portrait-render,33,0,18,18,7,8,0,0,0,0,18 small/tall portrait(s) as plain markdown → render tiny & left-flush (portrait-standard violation); 7 portrait(s) inside consecutive-image grid (cover-cropped gallery); 8 landscape plain-md image(s) → fill body measure (acceptable); position-correctness: not verifiable (WordPress source CDN offline)
https://www.beauticate.com/destinations/travel/nusa-lembongan/,content/destinations/travel/nusa-lembongan/nusa-lembongan.mdx,destinations,2026-06-30,False,broken,portrait-render,12,3,2,2,2,8,0,0,0,0,2 small/tall portrait(s) as plain markdown → render tiny & left-flush (portrait-standard violation); 2 portrait(s) inside consecutive-image grid (cover-cropped gallery); 8 landscape plain-md image(s) → fill body measure (acceptable); 3 image(s) already in portrait-aware component(s); position-correctness: not verifiable (WordPress source CDN offline)
https://www.beauticate.com/destinations/travel/paradisus-bali-melia-review/,content/destinations/travel/paradisus-bali-melia-review/paradisus-bali-melia-review.mdx,destinations,2026-06-21,False,broken,portrait-render,12,4,3,3,0,9,0,0,0,0,3 small/tall portrait(s) as plain markdown → render tiny & left-flush (portrait-standard violation); 9 landscape plain-md image(s) → fill body measure (acceptable); 4 image(s) already in portrait-aware component(s); position-correctness: not verifiable (WordPress source CDN offline)
https://www.beauticate.com/destinations/travel/phu-quoc-vietnams-new-go-to-luxury-destination/,content/destinations/travel/phu-quoc-vietnams-new-go-to-luxury-destination/phu-quoc-vietnams-new-go-to-luxury-destination.mdx,destinations,2024-12-20,True,broken,portrait-render,24,0,2,2,15,4,0,0,0,0,2 small/tall portrait(s) as plain markdown → render tiny & left-flush (portrait-standard violation); 15 portrait(s) inside consecutive-image grid (cover-cropped gallery); 4 landscape plain-md image(s) → fill body measure (acceptable); position-correctness: not verifiable (WordPress source CDN offline)
https://www.beauticate.com/destinations/travel/road-trip-beauty-essentials-sigourneys-edit/,content/destinations/travel/road-trip-beauty-essentials-sigourneys-edit/road-trip-beauty-essentials-sigourneys-edit.mdx,destinations,2017-03-27,True,broken,portrait-render,23,0,8,8,7,5,0,0,0,0,8 small/tall portrait(s) as plain markdown → render tiny & left-flush (portrait-standard violation); 7 portrait(s) inside consecutive-image grid (cover-cropped gallery); 5 landscape plain-md image(s) → fill body measure (acceptable); position-correctness: not verifiable (WordPress source CDN offline)
https://www.beauticate.com/destinations/travel/saffire-coles-bay/,content/destinations/travel/saffire-coles-bay/saffire-coles-bay.mdx,destinations,2015-10-15,True,broken,portrait-render,3,0,1,1,1,0,0,0,0,0,1 small/tall portrait(s) as plain markdown → render tiny & left-flush (portrait-standard violation); 1 portrait(s) inside consecutive-image grid (cover-cropped gallery); position-correctness: not verifiable (WordPress source CDN offline)
https://www.beauticate.com/destinations/travel/sanur-bali-hotel-review/,content/destinations/travel/sanur-bali-hotel-review/sanur-bali-hotel-review.mdx,destinations,2026-07-21,False,broken,portrait-render,25,0,15,15,0,10,0,0,0,0,15 small/tall portrait(s) as plain markdown → render tiny & left-flush (portrait-standard violation); 10 landscape plain-md image(s) → fill body measure (acceptable); position-correctness: not verifiable (WordPress source CDN offline)
https://www.beauticate.com/destinations/travel/sigourneys-edit-country-getaway/,content/destinations/travel/sigourneys-edit-country-getaway/sigourneys-edit-country-getaway.mdx,destinations,2014-09-29,True,broken,portrait-render,6,0,6,6,0,0,0,0,0,0,6 small/tall portrait(s) as plain markdown → render tiny & left-flush (portrait-standard violation); position-correctness: not verifiable (WordPress source CDN offline)
https://www.beauticate.com/destinations/travel/sigourneys-edit-wolgan-valley/,content/destinations/travel/sigourneys-edit-wolgan-valley/sigourneys-edit-wolgan-valley.mdx,destinations,2014-08-12,True,correct,clean,9,0,0,0,1,0,0,0,0,0,1 portrait(s) inside consecutive-image grid (cover-cropped gallery); position-correctness: not verifiable (WordPress source CDN offline)
https://www.beauticate.com/destinations/travel/skincare-mecca-why-you-need-to-visit-myeongdong/,content/destinations/travel/skincare-mecca-why-you-need-to-visit-myeongdong/skincare-mecca-why-you-need-to-visit-myeongdong.mdx,destinations,2019-03-26,True,broken,portrait-render,13,0,5,5,0,8,0,0,0,0,5 small/tall portrait(s) as plain markdown → render tiny & left-flush (portrait-standard violation); 8 landscape plain-md image(s) → fill body measure (acceptable); position-correctness: not verifiable (WordPress source CDN offline)
https://www.beauticate.com/destinations/travel/sun-ranch-byron-bay-retreat/,content/destinations/travel/sun-ranch-byron-bay-retreat/sun-ranch-byron-bay-retreat.mdx,destinations,2025-08-29,True,correct,clean,14,0,0,0,0,8,0,0,0,0,8 landscape plain-md image(s) → fill body measure (acceptable); position-correctness: not verifiable (WordPress source CDN offline)
https://www.beauticate.com/destinations/travel/sustainable-luxury-travel-australia-wild-luxury-review/,content/destinations/travel/sustainable-luxury-travel-australia-wild-luxury-review/sustainable-luxury-travel-australia-wild-luxury-review.mdx,destinations,2026-06-05,True,broken,portrait-render,23,0,2,2,6,3,0,0,0,0,2 small/tall portrait(s) as plain markdown → render tiny & left-flush (portrait-standard violation); 6 portrait(s) inside consecutive-image grid (cover-cropped gallery); 3 landscape plain-md image(s) → fill body measure (acceptable); position-correctness: not verifiable (WordPress source CDN offline)
https://www.beauticate.com/destinations/travel/the-exact-products-a-beauty-editor-packs-for-europe/,content/destinations/travel/the-exact-products-a-beauty-editor-packs-for-europe/the-exact-products-a-beauty-editor-packs-for-europe.mdx,destinations,2025-03-28,True,broken,portrait-render,2,0,2,2,0,0,0,0,0,0,2 small/tall portrait(s) as plain markdown → render tiny & left-flush (portrait-standard violation); position-correctness: not verifiable (WordPress source CDN offline)
https://www.beauticate.com/destinations/travel/the-other-side-of-ibiza-sigourneys-edit/,content/destinations/travel/the-other-side-of-ibiza-sigourneys-edit/the-other-side-of-ibiza-sigourneys-edit.mdx,destinations,2016-11-16,True,broken,portrait-render,10,0,10,10,0,0,0,0,0,0,10 small/tall portrait(s) as plain markdown → render tiny & left-flush (portrait-standard violation); position-correctness: not verifiable (WordPress source CDN offline)
https://www.beauticate.com/destinations/travel/thermal-baths-and-vineyards-why-i-adore-the-mornington-peninsula/,content/destinations/travel/thermal-baths-and-vineyards-why-i-adore-the-mornington-peninsula/thermal-baths-and-vineyards-why-i-adore-the-mornington-peninsula.mdx,destinations,2019-12-03,True,broken,portrait-render,27,0,7,7,11,5,0,0,0,0,7 small/tall portrait(s) as plain markdown → render tiny & left-flush (portrait-standard violation); 11 portrait(s) inside consecutive-image grid (cover-cropped gallery); 5 landscape plain-md image(s) → fill body measure (acceptable); position-correctness: not verifiable (WordPress source CDN offline)
https://www.beauticate.com/destinations/travel/this-gold-coast-hotel-has-something-for-everyone/,content/destinations/travel/this-gold-coast-hotel-has-something-for-everyone/this-gold-coast-hotel-has-something-for-everyone.mdx,destinations,2022-09-21,True,broken,portrait-render,13,0,5,5,2,2,0,0,0,0,5 small/tall portrait(s) as plain markdown → render tiny & left-flush (portrait-standard violation); 2 portrait(s) inside consecutive-image grid (cover-cropped gallery); 2 landscape plain-md image(s) → fill body measure (acceptable); position-correctness: not verifiable (WordPress source CDN offline)
https://www.beauticate.com/destinations/travel/three-days-in-la-where-to-stay-eat-and-get-beautiful/,content/destinations/travel/three-days-in-la-where-to-stay-eat-and-get-beautiful/three-days-in-la-where-to-stay-eat-and-get-beautiful.mdx,destinations,2022-01-31,True,broken,portrait-render,18,0,8,8,4,2,0,0,0,0,8 small/tall portrait(s) as plain markdown → render tiny & left-flush (portrait-standard violation); 4 portrait(s) inside consecutive-image grid (cover-cropped gallery); 2 landscape plain-md image(s) → fill body measure (acceptable); position-correctness: not verifiable (WordPress source CDN offline)
https://www.beauticate.com/destinations/travel/tikkun-holistic-spa-santa-monica/,content/destinations/travel/tikkun-holistic-spa-santa-monica/tikkun-holistic-spa-santa-monica.mdx,destinations,2015-04-28,True,correct,clean,5,0,0,0,0,5,0,0,0,0,5 landscape plain-md image(s) → fill body measure (acceptable); position-correctness: not verifiable (WordPress source CDN offline)
https://www.beauticate.com/destinations/travel/ultimate-holiday-essentials-sigourneys-edit/,content/destinations/travel/ultimate-holiday-essentials-sigourneys-edit/ultimate-holiday-essentials-sigourneys-edit.mdx,destinations,2017-01-05,True,broken,portrait-render,20,0,6,6,13,1,0,0,0,0,6 small/tall portrait(s) as plain markdown → render tiny & left-flush (portrait-standard violation); 13 portrait(s) inside consecutive-image grid (cover-cropped gallery); 1 landscape plain-md image(s) → fill body measure (acceptable); position-correctness: not verifiable (WordPress source CDN offline)
https://www.beauticate.com/destinations/travel/video-holiday-makeup-bag-for-an-endless-summer/,content/destinations/travel/video-holiday-makeup-bag-for-an-endless-summer/video-holiday-makeup-bag-for-an-endless-summer.mdx,destinations,2019-03-14,True,broken,portrait-render,10,0,1,1,9,0,0,0,0,0,1 small/tall portrait(s) as plain markdown → render tiny & left-flush (portrait-standard violation); 9 portrait(s) inside consecutive-image grid (cover-cropped gallery); position-correctness: not verifiable (WordPress source CDN offline)
https://www.beauticate.com/destinations/travel/video-tdes-alyce-tran-on-her-best-travel-tips/,content/destinations/travel/video-tdes-alyce-tran-on-her-best-travel-tips/video-tdes-alyce-tran-on-her-best-travel-tips.mdx,destinations,2018-01-15,True,broken,portrait-render,9,0,1,1,8,0,0,0,0,0,1 small/tall portrait(s) as plain markdown → render tiny & left-flush (portrait-standard violation); 8 portrait(s) inside consecutive-image grid (cover-cropped gallery); position-correctness: not verifiable (WordPress source CDN offline)
https://www.beauticate.com/destinations/travel/vietnams-new-vibe-sigourneys-edit/,content/destinations/travel/vietnams-new-vibe-sigourneys-edit/vietnams-new-vibe-sigourneys-edit.mdx,destinations,2018-03-01,True,broken,portrait-render,12,0,12,12,0,0,0,0,0,0,12 small/tall portrait(s) as plain markdown → render tiny & left-flush (portrait-standard violation); position-correctness: not verifiable (WordPress source CDN offline)
https://www.beauticate.com/destinations/travel/we-visited-this-top-bali-resort-and-you-can-too/,content/destinations/travel/we-visited-this-top-bali-resort-and-you-can-too/we-visited-this-top-bali-resort-and-you-can-too.mdx,destinations,2018-10-09,True,broken,portrait-render,10,0,4,4,6,0,0,0,0,0,4 small/tall portrait(s) as plain markdown → render tiny & left-flush (portrait-standard violation); 6 portrait(s) inside consecutive-image grid (cover-cropped gallery); position-correctness: not verifiable (WordPress source CDN offline)
https://www.beauticate.com/destinations/travel/we-visited-trip-advisors-best-luxury-fiji-hotel-heres-our-verdict/,content/destinations/travel/we-visited-trip-advisors-best-luxury-fiji-hotel-heres-our-verdict/we-visited-trip-advisors-best-luxury-fiji-hotel-heres-our-verdict.mdx,destinations,2019-08-28,True,correct,clean,36,0,0,0,17,1,0,0,0,0,17 portrait(s) inside consecutive-image grid (cover-cropped gallery); 1 landscape plain-md image(s) → fill body measure (acceptable); position-correctness: not verifiable (WordPress source CDN offline)
https://www.beauticate.com/destinations/travel/weve-found-a-dreamy-south-coast-escape-thats-perfect-for-events/,content/destinations/travel/weve-found-a-dreamy-south-coast-escape-thats-perfect-for-events/weve-found-a-dreamy-south-coast-escape-thats-perfect-for-events.mdx,destinations,2018-08-08,True,broken,portrait-render,29,0,1,1,16,1,0,0,0,0,1 small/tall portrait(s) as plain markdown → render tiny & left-flush (portrait-standard violation); 16 portrait(s) inside consecutive-image grid (cover-cropped gallery); 1 landscape plain-md image(s) → fill body measure (acceptable); position-correctness: not verifiable (WordPress source CDN offline)
https://www.beauticate.com/destinations/travel/why-the-central-coast-is-worth-revisiting/,content/destinations/travel/why-the-central-coast-is-worth-revisiting/why-the-central-coast-is-worth-revisiting.mdx,destinations,2023-07-05,True,broken,portrait-render,21,0,4,4,12,1,0,0,0,0,4 small/tall portrait(s) as plain markdown → render tiny & left-flush (portrait-standard violation); 12 portrait(s) inside consecutive-image grid (cover-cropped gallery); 1 landscape plain-md image(s) → fill body measure (acceptable); position-correctness: not verifiable (WordPress source CDN offline)
https://www.beauticate.com/destinations/travel/why-you-need-to-book-a-fit-cation/,content/destinations/travel/why-you-need-to-book-a-fit-cation/why-you-need-to-book-a-fit-cation.mdx,destinations,2018-01-16,True,broken,portrait-render,10,0,3,3,2,2,0,0,0,0,3 small/tall portrait(s) as plain markdown → render tiny & left-flush (portrait-standard violation); 2 portrait(s) inside consecutive-image grid (cover-cropped gallery); 2 landscape plain-md image(s) → fill body measure (acceptable); position-correctness: not verifiable (WordPress source CDN offline)
https://www.beauticate.com/destinations/travel/winter-weekend-escape-to-bells-at-killcare-sigourneys-edit/,content/destinations/travel/winter-weekend-escape-to-bells-at-killcare-sigourneys-edit/winter-weekend-escape-to-bells-at-killcare-sigourneys-edit.mdx,destinations,2018-07-25,True,broken,portrait-render,10,0,1,1,0,9,0,0,0,0,1 small/tall portrait(s) as plain markdown → render tiny & left-flush (portrait-standard violation); 9 landscape plain-md image(s) → fill body measure (acceptable); position-correctness: not verifiable (WordPress source CDN offline)
https://www.beauticate.com/destinations/wellness/encore-pilates-nightcliff/,content/destinations/wellness/encore-pilates-nightcliff/encore-pilates-nightcliff.mdx,destinations,2026-01-15,True,correct,clean,0,0,0,0,0,0,0,0,0,0,position-correctness: not verifiable (WordPress source CDN offline)
https://www.beauticate.com/destinations/wellness/groundup-wellness-dickson/,content/destinations/wellness/groundup-wellness-dickson/groundup-wellness-dickson.mdx,destinations,2026-01-15,True,correct,clean,0,0,0,0,0,0,0,0,0,0,position-correctness: not verifiable (WordPress source CDN offline)
https://www.beauticate.com/destinations/wellness/inhaus-wellness-byron-bay/,content/destinations/wellness/inhaus-wellness-byron-bay/inhaus-wellness-byron-bay.mdx,destinations,2026-01-15,True,correct,clean,0,0,0,0,0,0,0,0,0,0,position-correctness: not verifiable (WordPress source CDN offline)
https://www.beauticate.com/destinations/wellness/one-hot-yoga-south-yarra/,content/destinations/wellness/one-hot-yoga-south-yarra/one-hot-yoga-south-yarra.mdx,destinations,2026-01-15,True,correct,clean,0,0,0,0,0,0,0,0,0,0,position-correctness: not verifiable (WordPress source CDN offline)
https://www.beauticate.com/destinations/wellness/osmos-recovery-launceston/,content/destinations/wellness/osmos-recovery-launceston/osmos-recovery-launceston.mdx,destinations,2026-01-15,True,correct,clean,0,0,0,0,0,0,0,0,0,0,position-correctness: not verifiable (WordPress source CDN offline)
https://www.beauticate.com/destinations/wellness/power-moves-newstead/,content/destinations/wellness/power-moves-newstead/power-moves-newstead.mdx,destinations,2026-01-15,True,correct,clean,0,0,0,0,0,0,0,0,0,0,position-correctness: not verifiable (WordPress source CDN offline)
https://www.beauticate.com/destinations/wellness/reju-braddon/,content/destinations/wellness/reju-braddon/reju-braddon.mdx,destinations,2026-01-15,True,correct,clean,0,0,0,0,0,0,0,0,0,0,position-correctness: not verifiable (WordPress source CDN offline)
https://www.beauticate.com/destinations/wellness/saint-haven-collingwood/,content/destinations/wellness/saint-haven-collingwood/saint-haven-collingwood.mdx,destinations,2026-01-15,True,correct,clean,0,0,0,0,0,0,0,0,0,0,position-correctness: not verifiable (WordPress source CDN offline)
https://www.beauticate.com/destinations/wellness/the-commons-health-club-south-yarra/,content/destinations/wellness/the-commons-health-club-south-yarra/the-commons-health-club-south-yarra.mdx,destinations,2026-01-15,True,correct,clean,0,0,0,0,0,0,0,0,0,0,position-correctness: not verifiable (WordPress source CDN offline)
https://www.beauticate.com/destinations/wellness/the-movement-society-cottesloe/,content/destinations/wellness/the-movement-society-cottesloe/the-movement-society-cottesloe.mdx,destinations,2026-01-15,True,correct,clean,0,0,0,0,0,0,0,0,0,0,position-correctness: not verifiable (WordPress source CDN offline)
https://www.beauticate.com/destinations/wellness/wellness-recovery-haus-kiama/,content/destinations/wellness/wellness-recovery-haus-kiama/wellness-recovery-haus-kiama.mdx,destinations,2026-01-15,True,correct,clean,0,0,0,0,0,0,0,0,0,0,position-correctness: not verifiable (WordPress source CDN offline)
https://www.beauticate.com/destinations/where-family-memories-are-made/,content/destinations/where-family-memories-are-made/where-family-memories-are-made.mdx,destinations,2026-06-05,True,broken,portrait-render,8,0,1,1,0,3,0,0,0,0,1 small/tall portrait(s) as plain markdown → render tiny & left-flush (portrait-standard violation); 3 landscape plain-md image(s) → fill body measure (acceptable); position-correctness: not verifiable (WordPress source CDN offline)
https://www.beauticate.com/interviews/11-years-of-beauticate-a-love-letter/11-years-of-beauticate-a-love-letter/,content/interviews/11-years-of-beauticate-a-love-letter/11-years-of-beauticate-a-love-letter/11-years-of-beauticate-a-love-letter.mdx,interviews,2025-05-22,True,correct,clean,12,0,0,0,5,5,0,0,0,0,5 portrait(s) inside consecutive-image grid (cover-cropped gallery); 5 landscape plain-md image(s) → fill body measure (acceptable); position-correctness: not verifiable (WordPress source CDN offline)
https://www.beauticate.com/interviews/actors-presenters/abbey-gelmi-the-sports-reporter-making-her-thirties-all-about-finding-balance/,content/interviews/actors-presenters/abbey-gelmi-the-sports-reporter-making-her-thirties-all-about-finding-balance/abbey-gelmi-the-sports-reporter-making-her-thirties-all-about-finding-balance.mdx,interviews,2021-05-25,True,broken,portrait-render,21,0,5,5,2,8,0,0,0,0,5 small/tall portrait(s) as plain markdown → render tiny & left-flush (portrait-standard violation); 2 portrait(s) inside consecutive-image grid (cover-cropped gallery); 8 landscape plain-md image(s) → fill body measure (acceptable); position-correctness: not verifiable (WordPress source CDN offline)
https://www.beauticate.com/interviews/actors-presenters/actress-and-eco-activist-nathalie-kelleys-top-tips-to-be-more-sustainable/,content/interviews/actors-presenters/actress-and-eco-activist-nathalie-kelleys-top-tips-to-be-more-sustainable/actress-and-eco-activist-nathalie-kelleys-top-tips-to-be-more-sustainable.mdx,interviews,2023-02-16,True,broken,portrait-render,10,0,6,6,4,0,0,0,0,0,6 small/tall portrait(s) as plain markdown → render tiny & left-flush (portrait-standard violation); 4 portrait(s) inside consecutive-image grid (cover-cropped gallery); position-correctness: not verifiable (WordPress source CDN offline)
https://www.beauticate.com/interviews/actors-presenters/ada-nicodemou-the-lifelong-tv-star-who-loves-to-be-a-beauty-guinea-pig/,content/interviews/actors-presenters/ada-nicodemou-the-lifelong-tv-star-who-loves-to-be-a-beauty-guinea-pig/ada-nicodemou-the-lifelong-tv-star-who-loves-to-be-a-beauty-guinea-pig.mdx,interviews,2021-11-23,True,broken,portrait-render,17,0,14,14,0,1,0,0,0,0,14 small/tall portrait(s) as plain markdown → render tiny & left-flush (portrait-standard violation); 1 landscape plain-md image(s) → fill body measure (acceptable); position-correctness: not verifiable (WordPress source CDN offline)
https://www.beauticate.com/interviews/actors-presenters/anna-bamford-actor/,content/interviews/actors-presenters/anna-bamford-actor/anna-bamford-actor.mdx,interviews,2015-07-09,True,broken,portrait-render,13,0,13,13,0,0,0,0,0,0,13 small/tall portrait(s) as plain markdown → render tiny & left-flush (portrait-standard violation); position-correctness: not verifiable (WordPress source CDN offline)
https://www.beauticate.com/interviews/actors-presenters/anna-heinrich-on-whether-there-really-can-be-fairytales-after-reality-tv/,content/interviews/actors-presenters/anna-heinrich-on-whether-there-really-can-be-fairytales-after-reality-tv/anna-heinrich-on-whether-there-really-can-be-fairytales-after-reality-tv.mdx,interviews,2021-06-08,True,broken,portrait-render,15,0,1,1,3,6,0,0,0,0,1 small/tall portrait(s) as plain markdown → render tiny & left-flush (portrait-standard violation); 3 portrait(s) inside consecutive-image grid (cover-cropped gallery); 6 landscape plain-md image(s) → fill body measure (acceptable); position-correctness: not verifiable (WordPress source CDN offline)
https://www.beauticate.com/interviews/actors-presenters/anna-heinrich-tv-star-and-lawyer/,content/interviews/actors-presenters/anna-heinrich-tv-star-and-lawyer/anna-heinrich-tv-star-and-lawyer.mdx,interviews,2016-02-18,True,broken,portrait-render,12,0,2,2,4,3,0,0,0,0,2 small/tall portrait(s) as plain markdown → render tiny & left-flush (portrait-standard violation); 4 portrait(s) inside consecutive-image grid (cover-cropped gallery); 3 landscape plain-md image(s) → fill body measure (acceptable); position-correctness: not verifiable (WordPress source CDN offline)
https://www.beauticate.com/interviews/actors-presenters/audrey-hepburn-actress-and-icon/,content/interviews/actors-presenters/audrey-hepburn-actress-and-icon/audrey-hepburn-actress-and-icon.mdx,interviews,2015-10-06,True,broken,portrait-render,7,0,4,4,3,0,0,0,0,0,4 small/tall portrait(s) as plain markdown → render tiny & left-flush (portrait-standard violation); 3 portrait(s) inside consecutive-image grid (cover-cropped gallery); position-correctness: not verifiable (WordPress source CDN offline)
https://www.beauticate.com/interviews/actors-presenters/brigitte-bardot/,content/interviews/actors-presenters/brigitte-bardot/brigitte-bardot.mdx,interviews,2015-12-01,True,broken,portrait-render,6,0,6,6,0,0,0,0,0,0,6 small/tall portrait(s) as plain markdown → render tiny & left-flush (portrait-standard violation); position-correctness: not verifiable (WordPress source CDN offline)
https://www.beauticate.com/interviews/actors-presenters/carissa-walford-tv-presenter/,content/interviews/actors-presenters/carissa-walford-tv-presenter/carissa-walford-tv-presenter.mdx,interviews,2016-05-18,True,broken,portrait-render,11,0,5,5,6,0,0,0,0,0,5 small/tall portrait(s) as plain markdown → render tiny & left-flush (portrait-standard violation); 6 portrait(s) inside consecutive-image grid (cover-cropped gallery); position-correctness: not verifiable (WordPress source CDN offline)
https://www.beauticate.com/interviews/actors-presenters/cate-blanchett-actress-and-director/,content/interviews/actors-presenters/cate-blanchett-actress-and-director/cate-blanchett-actress-and-director.mdx,interviews,2015-11-19,True,broken,portrait-render,6,0,3,3,3,0,0,0,0,0,3 small/tall portrait(s) as plain markdown → render tiny & left-flush (portrait-standard violation); 3 portrait(s) inside consecutive-image grid (cover-cropped gallery); position-correctness: not verifiable (WordPress source CDN offline)
https://www.beauticate.com/interviews/actors-presenters/celeste-barber-on-adhd-bullying-boundaries-and-the-battle-with-social-media/,content/interviews/actors-presenters/celeste-barber-on-adhd-bullying-boundaries-and-the-battle-with-social-media/celeste-barber-on-adhd-bullying-boundaries-and-the-battle-with-social-media.mdx,interviews,2025-10-20,True,correct,clean,4,0,0,0,0,4,0,0,0,0,4 landscape plain-md image(s) → fill body measure (acceptable); position-correctness: not verifiable (WordPress source CDN offline)
https://www.beauticate.com/interviews/actors-presenters/celeste-barber-on-body-shaming-fame-and-wanking-i-have-no-interest-in-fame/,content/interviews/actors-presenters/celeste-barber-on-body-shaming-fame-and-wanking-i-have-no-interest-in-fame/celeste-barber-on-body-shaming-fame-and-wanking-i-have-no-interest-in-fame.mdx,interviews,2024-10-24,True,correct,clean,5,0,0,0,0,5,0,0,0,0,5 landscape plain-md image(s) → fill body measure (acceptable); position-correctness: not verifiable (WordPress source CDN offline)
https://www.beauticate.com/interviews/actors-presenters/dannii-minogue-tv-host-and-musician/,content/interviews/actors-presenters/dannii-minogue-tv-host-and-musician/dannii-minogue-tv-host-and-musician.mdx,interviews,2015-06-04,True,broken,portrait-render,10,0,10,10,0,0,0,0,0,0,10 small/tall portrait(s) as plain markdown → render tiny & left-flush (portrait-standard violation); position-correctness: not verifiable (WordPress source CDN offline)
https://www.beauticate.com/interviews/actors-presenters/elsa-pataky-on-falling-utterly-in-love-with-byron-bay/,content/interviews/actors-presenters/elsa-pataky-on-falling-utterly-in-love-with-byron-bay/elsa-pataky-on-falling-utterly-in-love-with-byron-bay.mdx,interviews,2022-11-16,True,broken,portrait-render,16,0,7,7,0,8,0,0,0,0,7 small/tall portrait(s) as plain markdown → render tiny & left-flush (portrait-standard violation); 8 landscape plain-md image(s) → fill body measure (acceptable); position-correctness: not verifiable (WordPress source CDN offline)
https://www.beauticate.com/interviews/actors-presenters/emily-leveridge-and-kerrie-anne-greenland-actors/,content/interviews/actors-presenters/emily-leveridge-and-kerrie-anne-greenland-actors/emily-leveridge-and-kerrie-anne-greenland-actors.mdx,interviews,2015-05-07,True,broken,portrait-render,4,0,3,3,0,1,0,0,0,0,3 small/tall portrait(s) as plain markdown → render tiny & left-flush (portrait-standard violation); 1 landscape plain-md image(s) → fill body measure (acceptable); position-correctness: not verifiable (WordPress source CDN offline)
https://www.beauticate.com/interviews/actors-presenters/erika-heynatz-actor/,content/interviews/actors-presenters/erika-heynatz-actor/erika-heynatz-actor.mdx,interviews,2015-01-22,True,broken,portrait-render,10,0,10,10,0,0,0,0,0,0,10 small/tall portrait(s) as plain markdown → render tiny & left-flush (portrait-standard violation); position-correctness: not verifiable (WordPress source CDN offline)
https://www.beauticate.com/interviews/actors-presenters/farrah-fawcett-actress/,content/interviews/actors-presenters/farrah-fawcett-actress/farrah-fawcett-actress.mdx,interviews,2021-02-09,True,broken,portrait-render,8,0,7,7,0,1,0,0,0,0,7 small/tall portrait(s) as plain markdown → render tiny & left-flush (portrait-standard violation); 1 landscape plain-md image(s) → fill body measure (acceptable); position-correctness: not verifiable (WordPress source CDN offline)
https://www.beauticate.com/interviews/actors-presenters/gail-elliott-designer-and-model/,content/interviews/actors-presenters/gail-elliott-designer-and-model/gail-elliott-designer-and-model.mdx,interviews,2015-08-13,True,broken,portrait-render,20,0,11,11,0,9,0,0,0,0,11 small/tall portrait(s) as plain markdown → render tiny & left-flush (portrait-standard violation); 9 landscape plain-md image(s) → fill body measure (acceptable); position-correctness: not verifiable (WordPress source CDN offline)
https://www.beauticate.com/interviews/actors-presenters/georgia-love-tv-personality/,content/interviews/actors-presenters/georgia-love-tv-personality/georgia-love-tv-personality.mdx,interviews,2018-03-29,True,broken,portrait-render,11,0,6,6,5,0,0,0,0,0,6 small/tall portrait(s) as plain markdown → render tiny & left-flush (portrait-standard violation); 5 portrait(s) inside consecutive-image grid (cover-cropped gallery); position-correctness: not verifiable (WordPress source CDN offline)
https://www.beauticate.com/interviews/actors-presenters/grace-huang-actress/,content/interviews/actors-presenters/grace-huang-actress/grace-huang-actress.mdx,interviews,2015-09-10,True,broken,portrait-render,16,0,14,14,2,0,0,0,0,0,14 small/tall portrait(s) as plain markdown → render tiny & left-flush (portrait-standard violation); 2 portrait(s) inside consecutive-image grid (cover-cropped gallery); position-correctness: not verifiable (WordPress source CDN offline)
https://www.beauticate.com/interviews/actors-presenters/grace-kelly-princess-and-actress/,content/interviews/actors-presenters/grace-kelly-princess-and-actress/grace-kelly-princess-and-actress.mdx,interviews,2016-01-28,True,broken,portrait-render,8,0,4,4,4,0,0,0,0,0,4 small/tall portrait(s) as plain markdown → render tiny & left-flush (portrait-standard violation); 4 portrait(s) inside consecutive-image grid (cover-cropped gallery); position-correctness: not verifiable (WordPress source CDN offline)
https://www.beauticate.com/interviews/actors-presenters/isabel-lucas-actress/,content/interviews/actors-presenters/isabel-lucas-actress/isabel-lucas-actress.mdx,interviews,2017-04-27,True,broken,portrait-render,11,0,1,1,10,0,0,0,0,0,1 small/tall portrait(s) as plain markdown → render tiny & left-flush (portrait-standard violation); 10 portrait(s) inside consecutive-image grid (cover-cropped gallery); position-correctness: not verifiable (WordPress source CDN offline)
https://www.beauticate.com/interviews/actors-presenters/isabella-giovinazzo-actress/,content/interviews/actors-presenters/isabella-giovinazzo-actress/isabella-giovinazzo-actress.mdx,interviews,2019-10-23,True,broken,portrait-render,14,0,14,14,0,0,0,0,0,0,14 small/tall portrait(s) as plain markdown → render tiny & left-flush (portrait-standard violation); position-correctness: not verifiable (WordPress source CDN offline)
https://www.beauticate.com/interviews/actors-presenters/james-tobin-tv-presenter/,content/interviews/actors-presenters/james-tobin-tv-presenter/james-tobin-tv-presenter.mdx,interviews,2015-05-25,True,broken,portrait-render,10,0,5,5,5,0,0,0,0,0,5 small/tall portrait(s) as plain markdown → render tiny & left-flush (portrait-standard violation); 5 portrait(s) inside consecutive-image grid (cover-cropped gallery); position-correctness: not verifiable (WordPress source CDN offline)
https://www.beauticate.com/interviews/actors-presenters/jessica-rowe-journalist-author/,content/interviews/actors-presenters/jessica-rowe-journalist-author/jessica-rowe-journalist-author.mdx,interviews,2018-04-12,True,correct,clean,14,0,0,0,14,0,0,0,0,0,14 portrait(s) inside consecutive-image grid (cover-cropped gallery); position-correctness: not verifiable (WordPress source CDN offline)
https://www.beauticate.com/interviews/actors-presenters/jodi-anasta-actress/,content/interviews/actors-presenters/jodi-anasta-actress/jodi-anasta-actress.mdx,interviews,2017-06-29,True,broken,portrait-render,9,0,4,4,5,0,0,0,0,0,4 small/tall portrait(s) as plain markdown → render tiny & left-flush (portrait-standard violation); 5 portrait(s) inside consecutive-image grid (cover-cropped gallery); position-correctness: not verifiable (WordPress source CDN offline)
https://www.beauticate.com/interviews/actors-presenters/kate-ritchie-actress-and-childrens-author/,content/interviews/actors-presenters/kate-ritchie-actress-and-childrens-author/kate-ritchie-actress-and-childrens-author.mdx,interviews,2016-05-12,True,broken,portrait-render,13,0,7,7,0,6,0,0,0,0,7 small/tall portrait(s) as plain markdown → render tiny & left-flush (portrait-standard violation); 6 landscape plain-md image(s) → fill body measure (acceptable); position-correctness: not verifiable (WordPress source CDN offline)
https://www.beauticate.com/interviews/actors-presenters/kerri-anne-kennerly-television-personality/,content/interviews/actors-presenters/kerri-anne-kennerly-television-personality/kerri-anne-kennerly-television-personality.mdx,interviews,2018-07-05,True,broken,portrait-render,13,0,2,2,10,1,0,0,0,0,2 small/tall portrait(s) as plain markdown → render tiny & left-flush (portrait-standard violation); 10 portrait(s) inside consecutive-image grid (cover-cropped gallery); 1 landscape plain-md image(s) → fill body measure (acceptable); position-correctness: not verifiable (WordPress source CDN offline)
https://www.beauticate.com/interviews/actors-presenters/kim-cattrall-actress/,content/interviews/actors-presenters/kim-cattrall-actress/kim-cattrall-actress.mdx,interviews,2016-11-24,True,broken,portrait-render,8,0,8,8,0,0,0,0,0,0,8 small/tall portrait(s) as plain markdown → render tiny & left-flush (portrait-standard violation); position-correctness: not verifiable (WordPress source CDN offline)
https://www.beauticate.com/interviews/actors-presenters/ksenija-lukich-tv-host/,content/interviews/actors-presenters/ksenija-lukich-tv-host/ksenija-lukich-tv-host.mdx,interviews,2016-04-07,True,broken,portrait-render,10,0,4,4,4,0,0,0,0,0,4 small/tall portrait(s) as plain markdown → render tiny & left-flush (portrait-standard violation); 4 portrait(s) inside consecutive-image grid (cover-cropped gallery); position-correctness: not verifiable (WordPress source CDN offline)
https://www.beauticate.com/interviews/actors-presenters/laura-csortan-tv-host/,content/interviews/actors-presenters/laura-csortan-tv-host/laura-csortan-tv-host.mdx,interviews,2014-10-23,True,broken,portrait-render,9,0,9,9,0,0,0,0,0,0,9 small/tall portrait(s) as plain markdown → render tiny & left-flush (portrait-standard violation); position-correctness: not verifiable (WordPress source CDN offline)
https://www.beauticate.com/interviews/actors-presenters/laura-whitmore-tv-host/,content/interviews/actors-presenters/laura-whitmore-tv-host/laura-whitmore-tv-host.mdx,interviews,2014-06-21,True,broken,portrait-render,10,0,5,5,5,0,0,0,0,0,5 small/tall portrait(s) as plain markdown → render tiny & left-flush (portrait-standard violation); 5 portrait(s) inside consecutive-image grid (cover-cropped gallery); position-correctness: not verifiable (WordPress source CDN offline)
https://www.beauticate.com/interviews/actors-presenters/lee-watson-tv-host/,content/interviews/actors-presenters/lee-watson-tv-host/lee-watson-tv-host.mdx,interviews,2017-04-13,True,broken,portrait-render,24,0,4,4,4,0,0,0,0,0,4 small/tall portrait(s) as plain markdown → render tiny & left-flush (portrait-standard violation); 4 portrait(s) inside consecutive-image grid (cover-cropped gallery); position-correctness: not verifiable (WordPress source CDN offline)
https://www.beauticate.com/interviews/actors-presenters/marilyn-monroe/,content/interviews/actors-presenters/marilyn-monroe/marilyn-monroe.mdx,interviews,2015-08-25,True,broken,portrait-render,7,0,4,4,3,0,0,0,0,0,4 small/tall portrait(s) as plain markdown → render tiny & left-flush (portrait-standard violation); 3 portrait(s) inside consecutive-image grid (cover-cropped gallery); position-correctness: not verifiable (WordPress source CDN offline)
https://www.beauticate.com/interviews/actors-presenters/natalie-bassingthwaigte-singer-and-tv-personality/,content/interviews/actors-presenters/natalie-bassingthwaigte-singer-and-tv-personality/natalie-bassingthwaigte-singer-and-tv-personality.mdx,interviews,2015-11-26,True,broken,portrait-render,16,0,16,16,0,0,0,0,0,0,16 small/tall portrait(s) as plain markdown → render tiny & left-flush (portrait-standard violation); position-correctness: not verifiable (WordPress source CDN offline)
https://www.beauticate.com/interviews/actors-presenters/natarsha-belling-news-presenter/,content/interviews/actors-presenters/natarsha-belling-news-presenter/natarsha-belling-news-presenter.mdx,interviews,2017-07-13,True,correct,clean,8,0,0,0,8,0,0,0,0,0,8 portrait(s) inside consecutive-image grid (cover-cropped gallery); position-correctness: not verifiable (WordPress source CDN offline)
https://www.beauticate.com/interviews/actors-presenters/natasha-liu-bordizzo-actress/,content/interviews/actors-presenters/natasha-liu-bordizzo-actress/natasha-liu-bordizzo-actress.mdx,interviews,2017-12-21,True,broken,portrait-render,9,0,4,4,5,0,0,0,0,0,4 small/tall portrait(s) as plain markdown → render tiny & left-flush (portrait-standard violation); 5 portrait(s) inside consecutive-image grid (cover-cropped gallery); position-correctness: not verifiable (WordPress source CDN offline)
https://www.beauticate.com/interviews/actors-presenters/nathalie-kelley-the-actress-finding-her-purpose-outside-of-hollywood/,content/interviews/actors-presenters/nathalie-kelley-the-actress-finding-her-purpose-outside-of-hollywood/nathalie-kelley-the-actress-finding-her-purpose-outside-of-hollywood.mdx,interviews,2022-10-20,True,broken,portrait-render,13,0,11,9,0,1,0,0,0,0,9 small/tall portrait(s) as plain markdown → render tiny & left-flush (portrait-standard violation); 1 landscape plain-md image(s) → fill body measure (acceptable); position-correctness: not verifiable (WordPress source CDN offline)
https://www.beauticate.com/interviews/actors-presenters/olympia-valance-actress/,content/interviews/actors-presenters/olympia-valance-actress/olympia-valance-actress.mdx,interviews,2017-05-11,True,correct,clean,12,0,0,0,12,0,0,0,0,0,12 portrait(s) inside consecutive-image grid (cover-cropped gallery); position-correctness: not verifiable (WordPress source CDN offline)
https://www.beauticate.com/interviews/actors-presenters/penelope-mitchell-actress/,content/interviews/actors-presenters/penelope-mitchell-actress/penelope-mitchell-actress.mdx,interviews,2015-03-12,True,broken,portrait-render,5,0,2,2,3,0,0,0,0,0,2 small/tall portrait(s) as plain markdown → render tiny & left-flush (portrait-standard violation); 3 portrait(s) inside consecutive-image grid (cover-cropped gallery); position-correctness: not verifiable (WordPress source CDN offline)
https://www.beauticate.com/interviews/actors-presenters/poppy-delevingne-actress-and-model/,content/interviews/actors-presenters/poppy-delevingne-actress-and-model/poppy-delevingne-actress-and-model.mdx,interviews,2018-07-12,True,correct,clean,8,0,0,0,2,3,0,0,0,0,2 portrait(s) inside consecutive-image grid (cover-cropped gallery); 3 landscape plain-md image(s) → fill body measure (acceptable); position-correctness: not verifiable (WordPress source CDN offline)
https://www.beauticate.com/interviews/actors-presenters/rachael-taylor-actress/,content/interviews/actors-presenters/rachael-taylor-actress/rachael-taylor-actress.mdx,interviews,2016-08-25,True,correct,clean,10,0,0,0,10,0,0,0,0,0,10 portrait(s) inside consecutive-image grid (cover-cropped gallery); position-correctness: not verifiable (WordPress source CDN offline)
https://www.beauticate.com/interviews/actors-presenters/rachel-finch-model-and-tv-presenter/,content/interviews/actors-presenters/rachel-finch-model-and-tv-presenter/rachel-finch-model-and-tv-presenter.mdx,interviews,2016-02-04,True,broken,portrait-render,12,0,5,5,7,0,0,0,0,0,5 small/tall portrait(s) as plain markdown → render tiny & left-flush (portrait-standard violation); 7 portrait(s) inside consecutive-image grid (cover-cropped gallery); position-correctness: not verifiable (WordPress source CDN offline)
https://www.beauticate.com/interviews/actors-presenters/rebecca-judd-model-and-tv-presenter/,content/interviews/actors-presenters/rebecca-judd-model-and-tv-presenter/rebecca-judd-model-and-tv-presenter.mdx,interviews,2015-05-14,True,broken,portrait-render,13,0,13,13,0,0,0,0,0,0,13 small/tall portrait(s) as plain markdown → render tiny & left-flush (portrait-standard violation); position-correctness: not verifiable (WordPress source CDN offline)
https://www.beauticate.com/interviews/actors-presenters/sally-obermeder-tv-host-author/,content/interviews/actors-presenters/sally-obermeder-tv-host-author/sally-obermeder-tv-host-author.mdx,interviews,2014-09-18,True,broken,portrait-render,12,0,5,5,7,0,0,0,0,0,5 small/tall portrait(s) as plain markdown → render tiny & left-flush (portrait-standard violation); 7 portrait(s) inside consecutive-image grid (cover-cropped gallery); position-correctness: not verifiable (WordPress source CDN offline)
https://www.beauticate.com/interviews/actors-presenters/sami-lukis-tv-radio-personality/,content/interviews/actors-presenters/sami-lukis-tv-radio-personality/sami-lukis-tv-radio-personality.mdx,interviews,2015-07-23,True,broken,portrait-render,9,0,9,9,0,0,0,0,0,0,9 small/tall portrait(s) as plain markdown → render tiny & left-flush (portrait-standard violation); position-correctness: not verifiable (WordPress source CDN offline)
https://www.beauticate.com/interviews/actors-presenters/sandra-sully-journalist-and-news-presenter/,content/interviews/actors-presenters/sandra-sully-journalist-and-news-presenter/sandra-sully-journalist-and-news-presenter.mdx,interviews,2016-11-03,True,broken,portrait-render,10,0,6,6,0,4,0,0,0,0,6 small/tall portrait(s) as plain markdown → render tiny & left-flush (portrait-standard violation); 4 landscape plain-md image(s) → fill body measure (acceptable); position-correctness: not verifiable (WordPress source CDN offline)
https://www.beauticate.com/interviews/actors-presenters/silvana-philippoussis-model-and-actress/,content/interviews/actors-presenters/silvana-philippoussis-model-and-actress/silvana-philippoussis-model-and-actress.mdx,interviews,2017-03-30,True,broken,portrait-render,11,0,1,1,10,0,0,0,0,0,1 small/tall portrait(s) as plain markdown → render tiny & left-flush (portrait-standard violation); 10 portrait(s) inside consecutive-image grid (cover-cropped gallery); position-correctness: not verifiable (WordPress source CDN offline)
https://www.beauticate.com/interviews/actors-presenters/sophia-loren-actress-and-icon/,content/interviews/actors-presenters/sophia-loren-actress-and-icon/sophia-loren-actress-and-icon.mdx,interviews,2016-03-17,True,broken,portrait-render,5,0,2,2,3,0,0,0,0,0,2 small/tall portrait(s) as plain markdown → render tiny & left-flush (portrait-standard violation); 3 portrait(s) inside consecutive-image grid (cover-cropped gallery); position-correctness: not verifiable (WordPress source CDN offline)
https://www.beauticate.com/interviews/actors-presenters/sophie-falkiner-tv-presenter/,content/interviews/actors-presenters/sophie-falkiner-tv-presenter/sophie-falkiner-tv-presenter.mdx,interviews,2016-04-28,True,broken,portrait-render,12,0,8,8,4,0,0,0,0,0,8 small/tall portrait(s) as plain markdown → render tiny & left-flush (portrait-standard violation); 4 portrait(s) inside consecutive-image grid (cover-cropped gallery); position-correctness: not verifiable (WordPress source CDN offline)
https://www.beauticate.com/interviews/actors-presenters/sophie-monk-tv-personality/,content/interviews/actors-presenters/sophie-monk-tv-personality/sophie-monk-tv-personality.mdx,interviews,2019-08-14,True,broken,portrait-render,11,0,7,7,3,0,0,0,0,0,7 small/tall portrait(s) as plain markdown → render tiny & left-flush (portrait-standard violation); 3 portrait(s) inside consecutive-image grid (cover-cropped gallery); position-correctness: not verifiable (WordPress source CDN offline)
https://www.beauticate.com/interviews/actors-presenters/sylvia-jeffreys-news-reporter/,content/interviews/actors-presenters/sylvia-jeffreys-news-reporter/sylvia-jeffreys-news-reporter.mdx,interviews,2016-09-16,True,broken,portrait-render,12,0,12,12,0,0,0,0,0,0,12 small/tall portrait(s) as plain markdown → render tiny & left-flush (portrait-standard violation); position-correctness: not verifiable (WordPress source CDN offline)
https://www.beauticate.com/interviews/actors-presenters/tessa-james-actress/,content/interviews/actors-presenters/tessa-james-actress/tessa-james-actress.mdx,interviews,2016-06-02,True,broken,portrait-render,10,0,4,4,6,0,0,0,0,0,4 small/tall portrait(s) as plain markdown → render tiny & left-flush (portrait-standard violation); 6 portrait(s) inside consecutive-image grid (cover-cropped gallery); position-correctness: not verifiable (WordPress source CDN offline)
https://www.beauticate.com/interviews/actors-presenters/the-model-slash-elite-athlete-who-lives-for-great-coffee/,content/interviews/actors-presenters/the-model-slash-elite-athlete-who-lives-for-great-coffee/the-model-slash-elite-athlete-who-lives-for-great-coffee.mdx,interviews,2020-06-16,True,broken,portrait-render,16,0,14,14,0,2,0,0,0,0,14 small/tall portrait(s) as plain markdown → render tiny & left-flush (portrait-standard violation); 2 landscape plain-md image(s) → fill body measure (acceptable); position-correctness: not verifiable (WordPress source CDN offline)
https://www.beauticate.com/interviews/actors-presenters/what-to-watch-and-listen-to-over-the-break/,content/interviews/actors-presenters/what-to-watch-and-listen-to-over-the-break/what-to-watch-and-listen-to-over-the-break.mdx,interviews,2026-01-05,True,broken,portrait-render,11,0,9,9,0,2,0,0,0,0,9 small/tall portrait(s) as plain markdown → render tiny & left-flush (portrait-standard violation); 2 landscape plain-md image(s) → fill body measure (acceptable); position-correctness: not verifiable (WordPress source CDN offline)
https://www.beauticate.com/interviews/actors-presenters/who-louise-roe-tv-personality/,content/interviews/actors-presenters/who-louise-roe-tv-personality/who-louise-roe-tv-personality.mdx,interviews,2015-11-05,True,broken,portrait-render,20,0,20,20,0,0,0,0,0,0,20 small/tall portrait(s) as plain markdown → render tiny & left-flush (portrait-standard violation); position-correctness: not verifiable (WordPress source CDN offline)
https://www.beauticate.com/interviews/actors-presenters/zanna-roberts-rassi-the-fashion-darling-re-energising-the-beauty-game/,content/interviews/actors-presenters/zanna-roberts-rassi-the-fashion-darling-re-energising-the-beauty-game/zanna-roberts-rassi-the-fashion-darling-re-energising-the-beauty-game.mdx,interviews,2021-07-20,True,broken,portrait-render,14,0,10,10,4,0,0,0,0,0,10 small/tall portrait(s) as plain markdown → render tiny & left-flush (portrait-standard violation); 4 portrait(s) inside consecutive-image grid (cover-cropped gallery); position-correctness: not verifiable (WordPress source CDN offline)
https://www.beauticate.com/interviews/actors-presenters/zoe-marshall-radio-presenter/,content/interviews/actors-presenters/zoe-marshall-radio-presenter/zoe-marshall-radio-presenter.mdx,interviews,2015-12-03,True,broken,portrait-render,13,0,13,13,0,0,0,0,0,0,13 small/tall portrait(s) as plain markdown → render tiny & left-flush (portrait-standard violation); position-correctness: not verifiable (WordPress source CDN offline)
https://www.beauticate.com/interviews/creatives/ali-cotton-designer/,content/interviews/creatives/ali-cotton-designer/ali-cotton-designer.mdx,interviews,2017-11-23,True,broken,portrait-render,10,0,4,4,6,0,0,0,0,0,4 small/tall portrait(s) as plain markdown → render tiny & left-flush (portrait-standard violation); 6 portrait(s) inside consecutive-image grid (cover-cropped gallery); position-correctness: not verifiable (WordPress source CDN offline)
https://www.beauticate.com/interviews/creatives/alice-mccall-fashion-designer/,content/interviews/creatives/alice-mccall-fashion-designer/alice-mccall-fashion-designer.mdx,interviews,2015-02-12,True,broken,portrait-render,6,0,6,6,0,0,0,0,0,0,6 small/tall portrait(s) as plain markdown → render tiny & left-flush (portrait-standard violation); position-correctness: not verifiable (WordPress source CDN offline)
https://www.beauticate.com/interviews/creatives/alice-quiddington-dj/,content/interviews/creatives/alice-quiddington-dj/alice-quiddington-dj.mdx,interviews,2017-04-20,True,broken,portrait-render,9,0,1,1,8,0,0,0,0,0,1 small/tall portrait(s) as plain markdown → render tiny & left-flush (portrait-standard violation); 8 portrait(s) inside consecutive-image grid (cover-cropped gallery); position-correctness: not verifiable (WordPress source CDN offline)
https://www.beauticate.com/interviews/creatives/alison-barton-chow-the-coco-ribbon-designer-with-a-time-saving-shower-hack/,content/interviews/creatives/alison-barton-chow-the-coco-ribbon-designer-with-a-time-saving-shower-hack/alison-barton-chow-the-coco-ribbon-designer-with-a-time-saving-shower-hack.mdx,interviews,2021-03-30,True,broken,portrait-render,15,0,3,3,0,11,0,0,0,0,3 small/tall portrait(s) as plain markdown → render tiny & left-flush (portrait-standard violation); 11 landscape plain-md image(s) → fill body measure (acceptable); position-correctness: not verifiable (WordPress source CDN offline)
https://www.beauticate.com/interviews/creatives/amelia-mather-swimwear-designer/,content/interviews/creatives/amelia-mather-swimwear-designer/amelia-mather-swimwear-designer.mdx,interviews,2017-03-16,True,broken,portrait-render,10,0,4,4,6,0,0,0,0,0,4 small/tall portrait(s) as plain markdown → render tiny & left-flush (portrait-standard violation); 6 portrait(s) inside consecutive-image grid (cover-cropped gallery); position-correctness: not verifiable (WordPress source CDN offline)
https://www.beauticate.com/interviews/creatives/amelia-webb-on-loving-the-career-she-never-even-knew-she-wanted/,content/interviews/creatives/amelia-webb-on-loving-the-career-she-never-even-knew-she-wanted/amelia-webb-on-loving-the-career-she-never-even-knew-she-wanted.mdx,interviews,2021-11-16,True,broken,portrait-render,15,0,8,7,0,5,0,0,0,0,7 small/tall portrait(s) as plain markdown → render tiny & left-flush (portrait-standard violation); 5 landscape plain-md image(s) → fill body measure (acceptable); position-correctness: not verifiable (WordPress source CDN offline)
https://www.beauticate.com/interviews/creatives/amy-beeck-perths-coolest-fashion-guru-who-schedules-each-day-down-to-the-minute/,content/interviews/creatives/amy-beeck-perths-coolest-fashion-guru-who-schedules-each-day-down-to-the-minute/amy-beeck-perths-coolest-fashion-guru-who-schedules-each-day-down-to-the-minute.mdx,interviews,2021-09-27,True,broken,portrait-render,16,0,5,3,0,9,0,0,0,0,3 small/tall portrait(s) as plain markdown → render tiny & left-flush (portrait-standard violation); 9 landscape plain-md image(s) → fill body measure (acceptable); position-correctness: not verifiable (WordPress source CDN offline)
https://www.beauticate.com/interviews/creatives/amy-jean-eye-stylist/,content/interviews/creatives/amy-jean-eye-stylist/amy-jean-eye-stylist.mdx,interviews,2014-08-07,True,broken,portrait-render,12,0,12,12,0,0,0,0,0,0,12 small/tall portrait(s) as plain markdown → render tiny & left-flush (portrait-standard violation); position-correctness: not verifiable (WordPress source CDN offline)
https://www.beauticate.com/interviews/creatives/anthony-nader-hair-stylist/,content/interviews/creatives/anthony-nader-hair-stylist/anthony-nader-hair-stylist.mdx,interviews,2015-07-13,True,broken,portrait-render,13,0,13,13,0,0,0,0,0,0,13 small/tall portrait(s) as plain markdown → render tiny & left-flush (portrait-standard violation); position-correctness: not verifiable (WordPress source CDN offline)
https://www.beauticate.com/interviews/creatives/athena-calderone/,content/interviews/creatives/athena-calderone/athena-calderone.mdx,interviews,2014-09-04,True,broken,portrait-render,10,0,5,5,5,0,0,0,0,0,5 small/tall portrait(s) as plain markdown → render tiny & left-flush (portrait-standard violation); 5 portrait(s) inside consecutive-image grid (cover-cropped gallery); position-correctness: not verifiable (WordPress source CDN offline)
https://www.beauticate.com/interviews/creatives/atong-atem-the-colour-loving-artist-on-beauty-as-self-expression-and-self-care/,content/interviews/creatives/atong-atem-the-colour-loving-artist-on-beauty-as-self-expression-and-self-care/atong-atem-the-colour-loving-artist-on-beauty-as-self-expression-and-self-care.mdx,interviews,2022-05-12,True,broken,portrait-render,16,0,15,15,0,1,0,0,0,0,15 small/tall portrait(s) as plain markdown → render tiny & left-flush (portrait-standard violation); 1 landscape plain-md image(s) → fill body measure (acceptable); position-correctness: not verifiable (WordPress source CDN offline)
https://www.beauticate.com/interviews/creatives/bahar-etminan-author-and-editor/,content/interviews/creatives/bahar-etminan-author-and-editor/bahar-etminan-author-and-editor.mdx,interviews,2015-10-20,True,broken,portrait-render,13,0,13,13,0,0,0,0,0,0,13 small/tall portrait(s) as plain markdown → render tiny & left-flush (portrait-standard violation); position-correctness: not verifiable (WordPress source CDN offline)
https://www.beauticate.com/interviews/creatives/beck-wadworth/,content/interviews/creatives/beck-wadworth/beck-wadworth.mdx,interviews,2020-11-17,True,broken,portrait-render,23,0,11,11,7,0,0,0,0,0,11 small/tall portrait(s) as plain markdown → render tiny & left-flush (portrait-standard violation); 7 portrait(s) inside consecutive-image grid (cover-cropped gallery); position-correctness: not verifiable (WordPress source CDN offline)
https://www.beauticate.com/interviews/creatives/becky-cooper-fashion-desinger/,content/interviews/creatives/becky-cooper-fashion-desinger/becky-cooper-fashion-desinger.mdx,interviews,2016-02-11,True,broken,portrait-render,17,0,17,17,0,0,0,0,0,0,17 small/tall portrait(s) as plain markdown → render tiny & left-flush (portrait-standard violation); position-correctness: not verifiable (WordPress source CDN offline)
https://www.beauticate.com/interviews/creatives/bianca-spender-fashion-designer/,content/interviews/creatives/bianca-spender-fashion-designer/bianca-spender-fashion-designer.mdx,interviews,2016-11-17,True,broken,portrait-render,8,0,8,8,0,0,0,0,0,0,8 small/tall portrait(s) as plain markdown → render tiny & left-flush (portrait-standard violation); position-correctness: not verifiable (WordPress source CDN offline)
https://www.beauticate.com/interviews/creatives/blainey-north-interior-designer/,content/interviews/creatives/blainey-north-interior-designer/blainey-north-interior-designer.mdx,interviews,2018-05-03,True,broken,portrait-render,12,0,5,5,7,0,0,0,0,0,5 small/tall portrait(s) as plain markdown → render tiny & left-flush (portrait-standard violation); 7 portrait(s) inside consecutive-image grid (cover-cropped gallery); position-correctness: not verifiable (WordPress source CDN offline)
https://www.beauticate.com/interviews/creatives/bonnie-cee-photographer/,content/interviews/creatives/bonnie-cee-photographer/bonnie-cee-photographer.mdx,interviews,2018-03-22,True,broken,portrait-render,6,0,2,2,4,0,0,0,0,0,2 small/tall portrait(s) as plain markdown → render tiny & left-flush (portrait-standard violation); 4 portrait(s) inside consecutive-image grid (cover-cropped gallery); position-correctness: not verifiable (WordPress source CDN offline)
https://www.beauticate.com/interviews/creatives/bridget-mccall-and-nicholas-van-messner-fashion-designers/,content/interviews/creatives/bridget-mccall-and-nicholas-van-messner-fashion-designers/bridget-mccall-and-nicholas-van-messner-fashion-designers.mdx,interviews,2015-10-27,True,broken,portrait-render,23,0,23,23,0,0,0,0,0,0,23 small/tall portrait(s) as plain markdown → render tiny & left-flush (portrait-standard violation); position-correctness: not verifiable (WordPress source CDN offline)
https://www.beauticate.com/interviews/creatives/candice-rose-and-karla-rose-fashion-designers/,content/interviews/creatives/candice-rose-and-karla-rose-fashion-designers/candice-rose-and-karla-rose-fashion-designers.mdx,interviews,2017-02-02,True,broken,portrait-render,14,0,14,14,0,0,0,0,0,0,14 small/tall portrait(s) as plain markdown → render tiny & left-flush (portrait-standard violation); position-correctness: not verifiable (WordPress source CDN offline)
https://www.beauticate.com/interviews/creatives/carlos-huber-perfumer/,content/interviews/creatives/carlos-huber-perfumer/carlos-huber-perfumer.mdx,interviews,2014-12-18,True,broken,portrait-render,7,0,7,7,0,0,0,0,0,0,7 small/tall portrait(s) as plain markdown → render tiny & left-flush (portrait-standard violation); position-correctness: not verifiable (WordPress source CDN offline)
https://www.beauticate.com/interviews/creatives/charlotte-blakeney-jewellery-designer/,content/interviews/creatives/charlotte-blakeney-jewellery-designer/charlotte-blakeney-jewellery-designer.mdx,interviews,2017-12-07,True,correct,clean,8,0,0,0,8,0,0,0,0,0,8 portrait(s) inside consecutive-image grid (cover-cropped gallery); position-correctness: not verifiable (WordPress source CDN offline)
https://www.beauticate.com/interviews/creatives/christelle-scifo-stylist/,content/interviews/creatives/christelle-scifo-stylist/christelle-scifo-stylist.mdx,interviews,2018-08-16,True,broken,portrait-render,8,0,3,3,3,2,0,0,0,0,3 small/tall portrait(s) as plain markdown → render tiny & left-flush (portrait-standard violation); 3 portrait(s) inside consecutive-image grid (cover-cropped gallery); 2 landscape plain-md image(s) → fill body measure (acceptable); position-correctness: not verifiable (WordPress source CDN offline)
https://www.beauticate.com/interviews/creatives/claire-fabb-stylist/,content/interviews/creatives/claire-fabb-stylist/claire-fabb-stylist.mdx,interviews,2017-10-13,True,broken,portrait-render,9,0,4,4,5,0,0,0,0,0,4 small/tall portrait(s) as plain markdown → render tiny & left-flush (portrait-standard violation); 5 portrait(s) inside consecutive-image grid (cover-cropped gallery); position-correctness: not verifiable (WordPress source CDN offline)
https://www.beauticate.com/interviews/creatives/darren-palmer-interiors-designer-and-olivier-duvillard/,content/interviews/creatives/darren-palmer-interiors-designer-and-olivier-duvillard/darren-palmer-interiors-designer-and-olivier-duvillard.mdx,interviews,2017-08-31,True,broken,portrait-render,12,0,2,2,6,2,0,0,0,0,2 small/tall portrait(s) as plain markdown → render tiny & left-flush (portrait-standard violation); 6 portrait(s) inside consecutive-image grid (cover-cropped gallery); 2 landscape plain-md image(s) → fill body measure (acceptable); position-correctness: not verifiable (WordPress source CDN offline)
https://www.beauticate.com/interviews/creatives/david-mallet-hair-stylist/,content/interviews/creatives/david-mallet-hair-stylist/david-mallet-hair-stylist.mdx,interviews,2016-04-21,True,broken,portrait-render,10,0,6,6,4,0,0,0,0,0,6 small/tall portrait(s) as plain markdown → render tiny & left-flush (portrait-standard violation); 4 portrait(s) inside consecutive-image grid (cover-cropped gallery); position-correctness: not verifiable (WordPress source CDN offline)
https://www.beauticate.com/interviews/creatives/delta-goodrem-musician/,content/interviews/creatives/delta-goodrem-musician/delta-goodrem-musician.mdx,interviews,2015-08-20,True,broken,portrait-render,15,0,15,15,0,0,0,0,0,0,15 small/tall portrait(s) as plain markdown → render tiny & left-flush (portrait-standard violation); position-correctness: not verifiable (WordPress source CDN offline)
https://www.beauticate.com/interviews/creatives/delta-goodrem-on-stepping-into-her-power/,content/interviews/creatives/delta-goodrem-on-stepping-into-her-power/delta-goodrem-on-stepping-into-her-power.mdx,interviews,2023-04-20,True,broken,portrait-render,20,0,19,19,0,0,0,0,0,0,19 small/tall portrait(s) as plain markdown → render tiny & left-flush (portrait-standard violation); position-correctness: not verifiable (WordPress source CDN offline)
https://www.beauticate.com/interviews/creatives/deni-todorovic-fashion-editor-and-queer-educator/,content/interviews/creatives/deni-todorovic-fashion-editor-and-queer-educator/deni-todorovic-fashion-editor-and-queer-educator.mdx,interviews,2022-03-10,True,broken,portrait-render,4,0,2,2,0,2,0,0,0,0,2 small/tall portrait(s) as plain markdown → render tiny & left-flush (portrait-standard violation); 2 landscape plain-md image(s) → fill body measure (acceptable); position-correctness: not verifiable (WordPress source CDN offline)
https://www.beauticate.com/interviews/creatives/dina-broadhurst-artist/,content/interviews/creatives/dina-broadhurst-artist/dina-broadhurst-artist.mdx,interviews,2018-02-01,True,correct,clean,14,0,0,0,14,0,0,0,0,0,14 portrait(s) inside consecutive-image grid (cover-cropped gallery); position-correctness: not verifiable (WordPress source CDN offline)
https://www.beauticate.com/interviews/creatives/dr-ateh-jewel-the-beauty-journalist-on-how-it-feels-to-see-diversity-properly-start-to-matter/,content/interviews/creatives/dr-ateh-jewel-the-beauty-journalist-on-how-it-feels-to-see-diversity-properly-start-to-matter/dr-ateh-jewel-the-beauty-journalist-on-how-it-feels-to-see-diversity-properly-start-to-matter.mdx,interviews,2021-08-03,True,broken,portrait-render,11,0,3,3,1,2,0,0,0,0,3 small/tall portrait(s) as plain markdown → render tiny & left-flush (portrait-standard violation); 1 portrait(s) inside consecutive-image grid (cover-cropped gallery); 2 landscape plain-md image(s) → fill body measure (acceptable); position-correctness: not verifiable (WordPress source CDN offline)
https://www.beauticate.com/interviews/creatives/dr-shefali-conscious-parenting-podcast/,content/interviews/creatives/dr-shefali-conscious-parenting-podcast/dr-shefali-conscious-parenting-podcast.mdx,interviews,2026-04-09,True,correct,clean,0,0,0,0,0,0,0,0,0,0,position-correctness: not verifiable (WordPress source CDN offline)
https://www.beauticate.com/interviews/creatives/elise-pioch-candle-designer-1/,content/interviews/creatives/elise-pioch-candle-designer-1/elise-pioch-candle-designer-1.mdx,interviews,2015-08-06,True,broken,portrait-render,12,0,10,10,0,2,0,0,0,0,10 small/tall portrait(s) as plain markdown → render tiny & left-flush (portrait-standard violation); 2 landscape plain-md image(s) → fill body measure (acceptable); position-correctness: not verifiable (WordPress source CDN offline)
https://www.beauticate.com/interviews/creatives/elle-strauss-fashion-director/,content/interviews/creatives/elle-strauss-fashion-director/elle-strauss-fashion-director.mdx,interviews,2014-07-31,True,broken,portrait-render,8,0,8,8,0,0,0,0,0,0,8 small/tall portrait(s) as plain markdown → render tiny & left-flush (portrait-standard violation); position-correctness: not verifiable (WordPress source CDN offline)
https://www.beauticate.com/interviews/creatives/elsa-morgan-makeup-artist/,content/interviews/creatives/elsa-morgan-makeup-artist/elsa-morgan-makeup-artist.mdx,interviews,2016-07-14,True,broken,portrait-render,9,0,4,4,5,0,0,0,0,0,4 small/tall portrait(s) as plain markdown → render tiny & left-flush (portrait-standard violation); 5 portrait(s) inside consecutive-image grid (cover-cropped gallery); position-correctness: not verifiable (WordPress source CDN offline)
https://www.beauticate.com/interviews/creatives/elsa-pataky-reveals-the-marriage-pact-she-broke/,content/interviews/creatives/elsa-pataky-reveals-the-marriage-pact-she-broke/elsa-pataky-reveals-the-marriage-pact-she-broke.mdx,interviews,2017-04-20,True,broken,portrait-render,1,0,1,1,0,0,0,0,0,0,1 small/tall portrait(s) as plain markdown → render tiny & left-flush (portrait-standard violation); position-correctness: not verifiable (WordPress source CDN offline)
https://www.beauticate.com/interviews/creatives/emily-berlach-the-most-laidback-fashion-designer-on-the-planet/,content/interviews/creatives/emily-berlach-the-most-laidback-fashion-designer-on-the-planet/emily-berlach-the-most-laidback-fashion-designer-on-the-planet.mdx,interviews,2022-11-24,True,broken,portrait-render,18,0,4,4,10,4,0,0,0,0,4 small/tall portrait(s) as plain markdown → render tiny & left-flush (portrait-standard violation); 10 portrait(s) inside consecutive-image grid (cover-cropped gallery); 4 landscape plain-md image(s) → fill body measure (acceptable); position-correctness: not verifiable (WordPress source CDN offline)
https://www.beauticate.com/interviews/creatives/emmily-banks-makeup-artist/,content/interviews/creatives/emmily-banks-makeup-artist/emmily-banks-makeup-artist.mdx,interviews,2017-09-14,True,broken,portrait-render,7,0,3,3,4,0,0,0,0,0,3 small/tall portrait(s) as plain markdown → render tiny & left-flush (portrait-standard violation); 4 portrait(s) inside consecutive-image grid (cover-cropped gallery); position-correctness: not verifiable (WordPress source CDN offline)
https://www.beauticate.com/interviews/creatives/filomena-natoli-makeup-artist/,content/interviews/creatives/filomena-natoli-makeup-artist/filomena-natoli-makeup-artist.mdx,interviews,2014-07-03,True,broken,portrait-render,9,0,4,4,5,0,0,0,0,0,4 small/tall portrait(s) as plain markdown → render tiny & left-flush (portrait-standard violation); 5 portrait(s) inside consecutive-image grid (cover-cropped gallery); position-correctness: not verifiable (WordPress source CDN offline)
https://www.beauticate.com/interviews/creatives/fredrika-akander-fashion-blogger/,content/interviews/creatives/fredrika-akander-fashion-blogger/fredrika-akander-fashion-blogger.mdx,interviews,2019-11-05,True,broken,portrait-render,12,0,5,5,5,2,0,0,0,0,5 small/tall portrait(s) as plain markdown → render tiny & left-flush (portrait-standard violation); 5 portrait(s) inside consecutive-image grid (cover-cropped gallery); 2 landscape plain-md image(s) → fill body measure (acceptable); position-correctness: not verifiable (WordPress source CDN offline)
https://www.beauticate.com/interviews/creatives/gail-elliott-model-designer/,content/interviews/creatives/gail-elliott-model-designer/gail-elliott-model-designer.mdx,interviews,2018-04-19,True,broken,portrait-render,16,0,5,5,4,7,0,0,0,0,5 small/tall portrait(s) as plain markdown → render tiny & left-flush (portrait-standard violation); 4 portrait(s) inside consecutive-image grid (cover-cropped gallery); 7 landscape plain-md image(s) → fill body measure (acceptable); position-correctness: not verifiable (WordPress source CDN offline)
https://www.beauticate.com/interviews/creatives/genevieve-smart/,content/interviews/creatives/genevieve-smart/genevieve-smart.mdx,interviews,2016-03-10,True,broken,portrait-render,14,0,14,14,0,0,0,0,0,0,14 small/tall portrait(s) as plain markdown → render tiny & left-flush (portrait-standard violation); position-correctness: not verifiable (WordPress source CDN offline)
https://www.beauticate.com/interviews/creatives/georgina-austin-designer/,content/interviews/creatives/georgina-austin-designer/georgina-austin-designer.mdx,interviews,2016-07-28,True,broken,portrait-render,7,0,3,3,4,0,0,0,0,0,3 small/tall portrait(s) as plain markdown → render tiny & left-flush (portrait-standard violation); 4 portrait(s) inside consecutive-image grid (cover-cropped gallery); position-correctness: not verifiable (WordPress source CDN offline)
https://www.beauticate.com/interviews/creatives/gucci-westman-makeup-artist/,content/interviews/creatives/gucci-westman-makeup-artist/gucci-westman-makeup-artist.mdx,interviews,2019-09-04,True,broken,portrait-render,11,0,8,8,0,1,0,0,0,0,8 small/tall portrait(s) as plain markdown → render tiny & left-flush (portrait-standard violation); 1 landscape plain-md image(s) → fill body measure (acceptable); position-correctness: not verifiable (WordPress source CDN offline)
https://www.beauticate.com/interviews/creatives/hannah-grossberg-artist/,content/interviews/creatives/hannah-grossberg-artist/hannah-grossberg-artist.mdx,interviews,2015-09-08,True,broken,portrait-render,22,0,7,7,0,15,0,0,0,0,7 small/tall portrait(s) as plain markdown → render tiny & left-flush (portrait-standard violation); 15 landscape plain-md image(s) → fill body measure (acceptable); position-correctness: not verifiable (WordPress source CDN offline)
https://www.beauticate.com/interviews/creatives/heidi-carter-fashion-designer/,content/interviews/creatives/heidi-carter-fashion-designer/heidi-carter-fashion-designer.mdx,interviews,2016-03-31,True,broken,portrait-render,28,0,13,13,0,15,0,0,0,0,13 small/tall portrait(s) as plain markdown → render tiny & left-flush (portrait-standard violation); 15 landscape plain-md image(s) → fill body measure (acceptable); position-correctness: not verifiable (WordPress source CDN offline)
https://www.beauticate.com/interviews/creatives/hilary-holmes-the-makeup-artist-using-beauty-to-change-hearts-and-minds/,content/interviews/creatives/hilary-holmes-the-makeup-artist-using-beauty-to-change-hearts-and-minds/hilary-holmes-the-makeup-artist-using-beauty-to-change-hearts-and-minds.mdx,interviews,2023-02-01,True,correct,clean,16,0,0,0,0,0,0,0,0,0,position-correctness: not verifiable (WordPress source CDN offline)
https://www.beauticate.com/interviews/creatives/how-to-be-a-beauty-rebel-with-ruby-rose/,content/interviews/creatives/how-to-be-a-beauty-rebel-with-ruby-rose/how-to-be-a-beauty-rebel-with-ruby-rose.mdx,interviews,2014-06-05,True,broken,portrait-render,9,0,9,9,0,0,0,0,0,0,9 small/tall portrait(s) as plain markdown → render tiny & left-flush (portrait-standard violation); position-correctness: not verifiable (WordPress source CDN offline)
https://www.beauticate.com/interviews/creatives/how-to-be-camera-ready-with-lauren-curtis-beauty-vlogger/,content/interviews/creatives/how-to-be-camera-ready-with-lauren-curtis-beauty-vlogger/how-to-be-camera-ready-with-lauren-curtis-beauty-vlogger.mdx,interviews,2014-03-20,True,correct,clean,0,0,0,0,0,0,0,0,0,0,position-correctness: not verifiable (WordPress source CDN offline)
https://www.beauticate.com/interviews/creatives/inside-the-la-home-of-maison-louis-marie-founder-marie-du-petit-thouars/,content/interviews/creatives/inside-the-la-home-of-maison-louis-marie-founder-marie-du-petit-thouars/inside-the-la-home-of-maison-louis-marie-founder-marie-du-petit-thouars.mdx,interviews,2023-10-20,True,broken,portrait-render,38,0,2,2,8,3,0,0,0,0,2 small/tall portrait(s) as plain markdown → render tiny & left-flush (portrait-standard violation); 8 portrait(s) inside consecutive-image grid (cover-cropped gallery); 3 landscape plain-md image(s) → fill body measure (acceptable); position-correctness: not verifiable (WordPress source CDN offline)
https://www.beauticate.com/interviews/creatives/isa-tapia-shoe-designer/,content/interviews/creatives/isa-tapia-shoe-designer/isa-tapia-shoe-designer.mdx,interviews,2015-05-28,True,broken,portrait-render,9,0,4,4,5,0,0,0,0,0,4 small/tall portrait(s) as plain markdown → render tiny & left-flush (portrait-standard violation); 5 portrait(s) inside consecutive-image grid (cover-cropped gallery); position-correctness: not verifiable (WordPress source CDN offline)
https://www.beauticate.com/interviews/creatives/jade-kisnorbo-makeup-artist/,content/interviews/creatives/jade-kisnorbo-makeup-artist/jade-kisnorbo-makeup-artist.mdx,interviews,2017-05-18,True,broken,portrait-render,11,0,5,5,6,0,0,0,0,0,5 small/tall portrait(s) as plain markdown → render tiny & left-flush (portrait-standard violation); 6 portrait(s) inside consecutive-image grid (cover-cropped gallery); position-correctness: not verifiable (WordPress source CDN offline)
https://www.beauticate.com/interviews/creatives/jan-logan-jewellery-designer-1/,content/interviews/creatives/jan-logan-jewellery-designer-1/jan-logan-jewellery-designer-1.mdx,interviews,2015-03-26,True,broken,portrait-render,5,0,5,5,0,0,0,0,0,0,5 small/tall portrait(s) as plain markdown → render tiny & left-flush (portrait-standard violation); position-correctness: not verifiable (WordPress source CDN offline)
https://www.beauticate.com/interviews/creatives/jasmine-lindsay-sleepwear-designer/,content/interviews/creatives/jasmine-lindsay-sleepwear-designer/jasmine-lindsay-sleepwear-designer.mdx,interviews,2017-08-24,True,broken,portrait-render,10,0,1,1,5,3,0,0,0,0,1 small/tall portrait(s) as plain markdown → render tiny & left-flush (portrait-standard violation); 5 portrait(s) inside consecutive-image grid (cover-cropped gallery); 3 landscape plain-md image(s) → fill body measure (acceptable); position-correctness: not verifiable (WordPress source CDN offline)
https://www.beauticate.com/interviews/creatives/jason-wu-fashion-fragrance-michelle-obama/,content/interviews/creatives/jason-wu-fashion-fragrance-michelle-obama/jason-wu-fashion-fragrance-michelle-obama.mdx,interviews,2019-02-04,True,correct,clean,0,0,0,0,0,0,0,0,0,0,position-correctness: not verifiable (WordPress source CDN offline)
https://www.beauticate.com/interviews/creatives/jen-atkin-celebrity-hair-stylist/,content/interviews/creatives/jen-atkin-celebrity-hair-stylist/jen-atkin-celebrity-hair-stylist.mdx,interviews,2017-03-23,True,broken,portrait-render,6,0,1,1,2,0,0,0,0,0,1 small/tall portrait(s) as plain markdown → render tiny & left-flush (portrait-standard violation); 2 portrait(s) inside consecutive-image grid (cover-cropped gallery); position-correctness: not verifiable (WordPress source CDN offline)
https://www.beauticate.com/interviews/creatives/jess-blanch-publisher-editor-in-chief-russh/,content/interviews/creatives/jess-blanch-publisher-editor-in-chief-russh/jess-blanch-publisher-editor-in-chief-russh.mdx,interviews,2018-04-26,True,broken,portrait-render,14,0,11,11,0,3,0,0,0,0,11 small/tall portrait(s) as plain markdown → render tiny & left-flush (portrait-standard violation); 3 landscape plain-md image(s) → fill body measure (acceptable); position-correctness: not verifiable (WordPress source CDN offline)
https://www.beauticate.com/interviews/creatives/jess-burdon-writer/,content/interviews/creatives/jess-burdon-writer/jess-burdon-writer.mdx,interviews,2015-04-30,True,broken,portrait-render,5,0,5,5,0,0,0,0,0,0,5 small/tall portrait(s) as plain markdown → render tiny & left-flush (portrait-standard violation); position-correctness: not verifiable (WordPress source CDN offline)
https://www.beauticate.com/interviews/creatives/jessica-mauboy/,content/interviews/creatives/jessica-mauboy/jessica-mauboy.mdx,interviews,2015-12-10,True,broken,portrait-render,15,0,15,15,0,0,0,0,0,0,15 small/tall portrait(s) as plain markdown → render tiny & left-flush (portrait-standard violation); position-correctness: not verifiable (WordPress source CDN offline)
https://www.beauticate.com/interviews/creatives/jessica-reid-fashion-designer-and-entrepreneur/,content/interviews/creatives/jessica-reid-fashion-designer-and-entrepreneur/jessica-reid-fashion-designer-and-entrepreneur.mdx,interviews,2017-01-12,True,broken,portrait-render,11,0,4,4,7,0,0,0,0,0,4 small/tall portrait(s) as plain markdown → render tiny & left-flush (portrait-standard violation); 7 portrait(s) inside consecutive-image grid (cover-cropped gallery); position-correctness: not verifiable (WordPress source CDN offline)
https://www.beauticate.com/interviews/creatives/jo-pretyman-philanthropist/,content/interviews/creatives/jo-pretyman-philanthropist/jo-pretyman-philanthropist.mdx,interviews,2017-07-27,True,broken,portrait-render,9,0,4,4,5,0,0,0,0,0,4 small/tall portrait(s) as plain markdown → render tiny & left-flush (portrait-standard violation); 5 portrait(s) inside consecutive-image grid (cover-cropped gallery); position-correctness: not verifiable (WordPress source CDN offline)
https://www.beauticate.com/interviews/creatives/josie-taylor-blogger-and-food-stylist/,content/interviews/creatives/josie-taylor-blogger-and-food-stylist/josie-taylor-blogger-and-food-stylist.mdx,interviews,2015-09-29,True,broken,portrait-render,17,0,17,17,0,0,0,0,0,0,17 small/tall portrait(s) as plain markdown → render tiny & left-flush (portrait-standard violation); flag: truncated-alt-caption; position-correctness: not verifiable (WordPress source CDN offline)
https://www.beauticate.com/interviews/creatives/juju-roche-artist/,content/interviews/creatives/juju-roche-artist/juju-roche-artist.mdx,interviews,2017-09-07,True,broken,portrait-render,9,0,2,2,4,2,0,0,0,0,2 small/tall portrait(s) as plain markdown → render tiny & left-flush (portrait-standard violation); 4 portrait(s) inside consecutive-image grid (cover-cropped gallery); 2 landscape plain-md image(s) → fill body measure (acceptable); position-correctness: not verifiable (WordPress source CDN offline)
https://www.beauticate.com/interviews/creatives/julia-restoin-roitfield-art-director-and-model/,content/interviews/creatives/julia-restoin-roitfield-art-director-and-model/julia-restoin-roitfield-art-director-and-model.mdx,interviews,2019-10-02,True,broken,portrait-render,15,0,10,10,0,5,0,0,0,0,10 small/tall portrait(s) as plain markdown → render tiny & left-flush (portrait-standard violation); 5 landscape plain-md image(s) → fill body measure (acceptable); position-correctness: not verifiable (WordPress source CDN offline)
https://www.beauticate.com/interviews/creatives/julia-stone-the-musician-all-about-making-meaning/,content/interviews/creatives/julia-stone-the-musician-all-about-making-meaning/julia-stone-the-musician-all-about-making-meaning.mdx,interviews,2022-12-15,True,broken,portrait-render,15,0,11,11,1,1,0,0,0,0,11 small/tall portrait(s) as plain markdown → render tiny & left-flush (portrait-standard violation); 1 portrait(s) inside consecutive-image grid (cover-cropped gallery); 1 landscape plain-md image(s) → fill body measure (acceptable); position-correctness: not verifiable (WordPress source CDN offline)
https://www.beauticate.com/interviews/creatives/karen-martini-chef-and-author/,content/interviews/creatives/karen-martini-chef-and-author/karen-martini-chef-and-author.mdx,interviews,2015-12-17,True,broken,portrait-render,20,0,20,20,0,0,0,0,0,0,20 small/tall portrait(s) as plain markdown → render tiny & left-flush (portrait-standard violation); position-correctness: not verifiable (WordPress source CDN offline)
https://www.beauticate.com/interviews/creatives/kat-von-d/,content/interviews/creatives/kat-von-d/kat-von-d.mdx,interviews,2015-07-16,True,broken,portrait-render,6,0,6,6,0,0,0,0,0,0,6 small/tall portrait(s) as plain markdown → render tiny & left-flush (portrait-standard violation); position-correctness: not verifiable (WordPress source CDN offline)
https://www.beauticate.com/interviews/creatives/kate-bucceri-tiffany-co/,content/interviews/creatives/kate-bucceri-tiffany-co/kate-bucceri-tiffany-co.mdx,interviews,2019-09-11,True,broken,portrait-render,15,0,14,14,0,1,0,0,0,0,14 small/tall portrait(s) as plain markdown → render tiny & left-flush (portrait-standard violation); 1 landscape plain-md image(s) → fill body measure (acceptable); position-correctness: not verifiable (WordPress source CDN offline)
https://www.beauticate.com/interviews/creatives/kate-waterhouse-style-beauty/,content/interviews/creatives/kate-waterhouse-style-beauty/kate-waterhouse-style-beauty.mdx,interviews,2026-05-03,True,broken,portrait-render,15,0,1,1,0,4,0,0,0,0,1 small/tall portrait(s) as plain markdown → render tiny & left-flush (portrait-standard violation); 4 landscape plain-md image(s) → fill body measure (acceptable); position-correctness: not verifiable (WordPress source CDN offline)
https://www.beauticate.com/interviews/creatives/katrina-lawrence-author/,content/interviews/creatives/katrina-lawrence-author/katrina-lawrence-author.mdx,interviews,2017-12-14,True,broken,portrait-render,9,0,1,1,8,0,0,0,0,0,1 small/tall portrait(s) as plain markdown → render tiny & left-flush (portrait-standard violation); 8 portrait(s) inside consecutive-image grid (cover-cropped gallery); position-correctness: not verifiable (WordPress source CDN offline)
https://www.beauticate.com/interviews/creatives/kelly-smythe-stylist/,content/interviews/creatives/kelly-smythe-stylist/kelly-smythe-stylist.mdx,interviews,2014-05-15,True,broken,portrait-render,9,0,9,9,0,0,0,0,0,0,9 small/tall portrait(s) as plain markdown → render tiny & left-flush (portrait-standard violation); position-correctness: not verifiable (WordPress source CDN offline)
https://www.beauticate.com/interviews/creatives/kerrie-hess-artist/,content/interviews/creatives/kerrie-hess-artist/kerrie-hess-artist.mdx,interviews,2018-10-25,True,broken,portrait-render,11,0,1,1,0,7,0,0,0,0,1 small/tall portrait(s) as plain markdown → render tiny & left-flush (portrait-standard violation); 7 landscape plain-md image(s) → fill body measure (acceptable); position-correctness: not verifiable (WordPress source CDN offline)
https://www.beauticate.com/interviews/creatives/kimmy-hogan-the-digital-artist-who-has-honed-her-five-minute-face/,content/interviews/creatives/kimmy-hogan-the-digital-artist-who-has-honed-her-five-minute-face/kimmy-hogan-the-digital-artist-who-has-honed-her-five-minute-face.mdx,interviews,2021-01-12,True,broken,portrait-render,15,0,11,11,0,4,0,0,0,0,11 small/tall portrait(s) as plain markdown → render tiny & left-flush (portrait-standard violation); 4 landscape plain-md image(s) → fill body measure (acceptable); position-correctness: not verifiable (WordPress source CDN offline)
https://www.beauticate.com/interviews/creatives/kit-willow-designer/,content/interviews/creatives/kit-willow-designer/kit-willow-designer.mdx,interviews,2016-08-18,True,broken,portrait-render,7,0,3,3,4,0,0,0,0,0,3 small/tall portrait(s) as plain markdown → render tiny & left-flush (portrait-standard violation); 4 portrait(s) inside consecutive-image grid (cover-cropped gallery); position-correctness: not verifiable (WordPress source CDN offline)
https://www.beauticate.com/interviews/creatives/kristen-fisher-eyebrow-stylist/,content/interviews/creatives/kristen-fisher-eyebrow-stylist/kristen-fisher-eyebrow-stylist.mdx,interviews,2017-06-22,True,broken,portrait-render,10,0,2,2,8,0,0,0,0,0,2 small/tall portrait(s) as plain markdown → render tiny & left-flush (portrait-standard violation); 8 portrait(s) inside consecutive-image grid (cover-cropped gallery); position-correctness: not verifiable (WordPress source CDN offline)
https://www.beauticate.com/interviews/creatives/kristin-rawson-interior-designer-editor/,content/interviews/creatives/kristin-rawson-interior-designer-editor/kristin-rawson-interior-designer-editor.mdx,interviews,2018-09-20,True,broken,portrait-render,13,0,5,5,0,8,0,0,0,0,5 small/tall portrait(s) as plain markdown → render tiny & left-flush (portrait-standard violation); 8 landscape plain-md image(s) → fill body measure (acceptable); position-correctness: not verifiable (WordPress source CDN offline)
https://www.beauticate.com/interviews/creatives/kyly-clarke-candle-designer-lifestyle-blogger/,content/interviews/creatives/kyly-clarke-candle-designer-lifestyle-blogger/kyly-clarke-candle-designer-lifestyle-blogger.mdx,interviews,2015-09-22,True,broken,portrait-render,15,0,15,15,0,0,0,0,0,0,15 small/tall portrait(s) as plain markdown → render tiny & left-flush (portrait-standard violation); position-correctness: not verifiable (WordPress source CDN offline)
https://www.beauticate.com/interviews/creatives/kym-ellery-fashion-designer/,content/interviews/creatives/kym-ellery-fashion-designer/kym-ellery-fashion-designer.mdx,interviews,2014-10-30,True,broken,portrait-render,6,0,6,6,0,0,0,0,0,0,6 small/tall portrait(s) as plain markdown → render tiny & left-flush (portrait-standard violation); position-correctness: not verifiable (WordPress source CDN offline)
https://www.beauticate.com/interviews/creatives/lana-wilkinson-stylist/,content/interviews/creatives/lana-wilkinson-stylist/lana-wilkinson-stylist.mdx,interviews,2018-09-06,True,broken,portrait-render,12,0,3,3,2,4,0,0,0,0,3 small/tall portrait(s) as plain markdown → render tiny & left-flush (portrait-standard violation); 2 portrait(s) inside consecutive-image grid (cover-cropped gallery); 4 landscape plain-md image(s) → fill body measure (acceptable); position-correctness: not verifiable (WordPress source CDN offline)
https://www.beauticate.com/interviews/creatives/lisa-hamilton-fashion-and-travel-blogger/,content/interviews/creatives/lisa-hamilton-fashion-and-travel-blogger/lisa-hamilton-fashion-and-travel-blogger.mdx,interviews,2015-09-02,True,broken,portrait-render,21,0,11,11,0,0,0,0,0,0,11 small/tall portrait(s) as plain markdown → render tiny & left-flush (portrait-standard violation); position-correctness: not verifiable (WordPress source CDN offline)
https://www.beauticate.com/interviews/creatives/liz-kelsh-makeup-artist/,content/interviews/creatives/liz-kelsh-makeup-artist/liz-kelsh-makeup-artist.mdx,interviews,2015-03-05,True,broken,portrait-render,10,0,4,4,6,0,0,0,0,0,4 small/tall portrait(s) as plain markdown → render tiny & left-flush (portrait-standard violation); 6 portrait(s) inside consecutive-image grid (cover-cropped gallery); position-correctness: not verifiable (WordPress source CDN offline)
https://www.beauticate.com/interviews/creatives/lorna-jane-designer/,content/interviews/creatives/lorna-jane-designer/lorna-jane-designer.mdx,interviews,2018-01-18,True,correct,clean,14,0,0,0,14,0,0,0,0,0,14 portrait(s) inside consecutive-image grid (cover-cropped gallery); position-correctness: not verifiable (WordPress source CDN offline)
https://www.beauticate.com/interviews/creatives/lucy-feagins-stylist/,content/interviews/creatives/lucy-feagins-stylist/lucy-feagins-stylist.mdx,interviews,2017-11-09,True,broken,portrait-render,7,0,1,1,6,0,0,0,0,0,1 small/tall portrait(s) as plain markdown → render tiny & left-flush (portrait-standard violation); 6 portrait(s) inside consecutive-image grid (cover-cropped gallery); position-correctness: not verifiable (WordPress source CDN offline)
https://www.beauticate.com/interviews/creatives/lucy-folk-jeweller-designer/,content/interviews/creatives/lucy-folk-jeweller-designer/lucy-folk-jeweller-designer.mdx,interviews,2018-06-28,True,broken,portrait-render,13,0,9,9,0,4,0,0,0,0,9 small/tall portrait(s) as plain markdown → render tiny & left-flush (portrait-standard violation); 4 landscape plain-md image(s) → fill body measure (acceptable); position-correctness: not verifiable (WordPress source CDN offline)
https://www.beauticate.com/interviews/creatives/lucy-hosken-hollywood-hangers/,content/interviews/creatives/lucy-hosken-hollywood-hangers/lucy-hosken-hollywood-hangers.mdx,interviews,2019-08-07,True,broken,portrait-render,14,0,10,10,1,2,0,0,0,0,10 small/tall portrait(s) as plain markdown → render tiny & left-flush (portrait-standard violation); 1 portrait(s) inside consecutive-image grid (cover-cropped gallery); 2 landscape plain-md image(s) → fill body measure (acceptable); position-correctness: not verifiable (WordPress source CDN offline)
https://www.beauticate.com/interviews/creatives/magdalena-roze-journalist/,content/interviews/creatives/magdalena-roze-journalist/magdalena-roze-journalist.mdx,interviews,2019-01-24,True,broken,portrait-render,13,0,8,8,0,5,0,0,0,0,8 small/tall portrait(s) as plain markdown → render tiny & left-flush (portrait-standard violation); 5 landscape plain-md image(s) → fill body measure (acceptable); position-correctness: not verifiable (WordPress source CDN offline)
https://www.beauticate.com/interviews/creatives/megan-morton/,content/interviews/creatives/megan-morton/megan-morton.mdx,interviews,2017-07-20,True,correct,clean,8,0,0,0,8,0,0,0,0,0,8 portrait(s) inside consecutive-image grid (cover-cropped gallery); position-correctness: not verifiable (WordPress source CDN offline)
https://www.beauticate.com/interviews/creatives/melanie-burnicle-makeup-artist/,content/interviews/creatives/melanie-burnicle-makeup-artist/melanie-burnicle-makeup-artist.mdx,interviews,2015-05-21,True,broken,portrait-render,9,0,4,4,5,0,0,0,0,0,4 small/tall portrait(s) as plain markdown → render tiny & left-flush (portrait-standard violation); 5 portrait(s) inside consecutive-image grid (cover-cropped gallery); position-correctness: not verifiable (WordPress source CDN offline)
https://www.beauticate.com/interviews/creatives/melanie-grant-skin-specialist/,content/interviews/creatives/melanie-grant-skin-specialist/melanie-grant-skin-specialist.mdx,interviews,2022-04-12,True,broken,portrait-render,12,0,4,4,6,1,0,0,0,0,4 small/tall portrait(s) as plain markdown → render tiny & left-flush (portrait-standard violation); 6 portrait(s) inside consecutive-image grid (cover-cropped gallery); 1 landscape plain-md image(s) → fill body measure (acceptable); position-correctness: not verifiable (WordPress source CDN offline)
https://www.beauticate.com/interviews/creatives/melissa-ambrosini-author/,content/interviews/creatives/melissa-ambrosini-author/melissa-ambrosini-author.mdx,interviews,2017-02-16,True,broken,portrait-render,10,0,4,4,2,4,0,0,0,0,4 small/tall portrait(s) as plain markdown → render tiny & left-flush (portrait-standard violation); 2 portrait(s) inside consecutive-image grid (cover-cropped gallery); 4 landscape plain-md image(s) → fill body measure (acceptable); position-correctness: not verifiable (WordPress source CDN offline)
https://www.beauticate.com/interviews/creatives/michelle-bridges-personal-trainer-author/,content/interviews/creatives/michelle-bridges-personal-trainer-author/michelle-bridges-personal-trainer-author.mdx,interviews,2015-02-05,True,broken,portrait-render,7,0,3,3,4,0,0,0,0,0,3 small/tall portrait(s) as plain markdown → render tiny & left-flush (portrait-standard violation); 4 portrait(s) inside consecutive-image grid (cover-cropped gallery); position-correctness: not verifiable (WordPress source CDN offline)
https://www.beauticate.com/interviews/creatives/michelle-lau-style-blogger/,content/interviews/creatives/michelle-lau-style-blogger/michelle-lau-style-blogger.mdx,interviews,2019-02-28,True,broken,portrait-render,12,0,8,8,3,1,0,0,0,0,8 small/tall portrait(s) as plain markdown → render tiny & left-flush (portrait-standard violation); 3 portrait(s) inside consecutive-image grid (cover-cropped gallery); 1 landscape plain-md image(s) → fill body measure (acceptable); position-correctness: not verifiable (WordPress source CDN offline)
https://www.beauticate.com/interviews/creatives/miranda-kerr-on-motherhood-men-motorbikes-2/,content/interviews/creatives/miranda-kerr-on-motherhood-men-motorbikes-2/miranda-kerr-on-motherhood-men-motorbikes-2.mdx,interviews,2016-09-07,True,broken,portrait-render,3,0,1,1,2,0,0,0,0,0,1 small/tall portrait(s) as plain markdown → render tiny & left-flush (portrait-standard violation); 2 portrait(s) inside consecutive-image grid (cover-cropped gallery); position-correctness: not verifiable (WordPress source CDN offline)
https://www.beauticate.com/interviews/creatives/miranda-kerr-on-motherhood-men-motorbikes/,content/interviews/creatives/miranda-kerr-on-motherhood-men-motorbikes/miranda-kerr-on-motherhood-men-motorbikes.mdx,interviews,2016-09-07,True,broken,portrait-render,3,0,1,1,2,0,0,0,0,0,1 small/tall portrait(s) as plain markdown → render tiny & left-flush (portrait-standard violation); 2 portrait(s) inside consecutive-image grid (cover-cropped gallery); position-correctness: not verifiable (WordPress source CDN offline)
https://www.beauticate.com/interviews/creatives/natalia-kindler-on-leaving-corporate-life-for-the-world-of-wellness/,content/interviews/creatives/natalia-kindler-on-leaving-corporate-life-for-the-world-of-wellness/natalia-kindler-on-leaving-corporate-life-for-the-world-of-wellness.mdx,interviews,2020-12-01,True,broken,portrait-render,13,0,11,11,0,2,0,0,0,0,11 small/tall portrait(s) as plain markdown → render tiny & left-flush (portrait-standard violation); 2 landscape plain-md image(s) → fill body measure (acceptable); position-correctness: not verifiable (WordPress source CDN offline)
https://www.beauticate.com/interviews/creatives/newby-hands-net-a-porter-global-beauty-director-shares-her-life-changing-hair-treatment/,content/interviews/creatives/newby-hands-net-a-porter-global-beauty-director-shares-her-life-changing-hair-treatment/newby-hands-net-a-porter-global-beauty-director-shares-her-life-changing-hair-treatment.mdx,interviews,2021-06-22,True,broken,portrait-render,8,0,6,5,0,2,0,0,0,0,5 small/tall portrait(s) as plain markdown → render tiny & left-flush (portrait-standard violation); 2 landscape plain-md image(s) → fill body measure (acceptable); position-correctness: not verifiable (WordPress source CDN offline)
https://www.beauticate.com/interviews/creatives/nicole-adolphe-stylist/,content/interviews/creatives/nicole-adolphe-stylist/nicole-adolphe-stylist.mdx,interviews,2017-02-09,True,broken,portrait-render,9,0,1,1,8,0,0,0,0,0,1 small/tall portrait(s) as plain markdown → render tiny & left-flush (portrait-standard violation); 8 portrait(s) inside consecutive-image grid (cover-cropped gallery); position-correctness: not verifiable (WordPress source CDN offline)
https://www.beauticate.com/interviews/creatives/nicole-banning-swimwear-designer/,content/interviews/creatives/nicole-banning-swimwear-designer/nicole-banning-swimwear-designer.mdx,interviews,2014-07-17,True,broken,portrait-render,6,0,6,6,0,0,0,0,0,0,6 small/tall portrait(s) as plain markdown → render tiny & left-flush (portrait-standard violation); position-correctness: not verifiable (WordPress source CDN offline)
https://www.beauticate.com/interviews/creatives/paloma-rose-garcia/,content/interviews/creatives/paloma-rose-garcia/paloma-rose-garcia.mdx,interviews,2014-03-05,True,broken,portrait-render,8,0,2,2,3,2,0,0,0,0,2 small/tall portrait(s) as plain markdown → render tiny & left-flush (portrait-standard violation); 3 portrait(s) inside consecutive-image grid (cover-cropped gallery); 2 landscape plain-md image(s) → fill body measure (acceptable); position-correctness: not verifiable (WordPress source CDN offline)
https://www.beauticate.com/interviews/creatives/peek-inside-this-fashion-doyennes-lush-palm-beach-villa/,content/interviews/creatives/peek-inside-this-fashion-doyennes-lush-palm-beach-villa/peek-inside-this-fashion-doyennes-lush-palm-beach-villa.mdx,interviews,2024-01-20,True,broken,portrait-render,16,0,2,2,4,4,0,0,0,0,2 small/tall portrait(s) as plain markdown → render tiny & left-flush (portrait-standard violation); 4 portrait(s) inside consecutive-image grid (cover-cropped gallery); 4 landscape plain-md image(s) → fill body measure (acceptable); position-correctness: not verifiable (WordPress source CDN offline)
https://www.beauticate.com/interviews/creatives/phoebe-burgess-journalist/,content/interviews/creatives/phoebe-burgess-journalist/phoebe-burgess-journalist.mdx,interviews,2018-02-15,True,broken,portrait-render,12,0,6,6,6,0,0,0,0,0,6 small/tall portrait(s) as plain markdown → render tiny & left-flush (portrait-standard violation); 6 portrait(s) inside consecutive-image grid (cover-cropped gallery); position-correctness: not verifiable (WordPress source CDN offline)
https://www.beauticate.com/interviews/creatives/pip-edwards-designer/,content/interviews/creatives/pip-edwards-designer/pip-edwards-designer.mdx,interviews,2016-07-21,True,broken,portrait-render,12,0,5,5,7,0,0,0,0,0,5 small/tall portrait(s) as plain markdown → render tiny & left-flush (portrait-standard violation); 7 portrait(s) inside consecutive-image grid (cover-cropped gallery); position-correctness: not verifiable (WordPress source CDN offline)
https://www.beauticate.com/interviews/creatives/pippa-holt-a-fashion-insiders-guide-to-summer-beauty-and-statement-dressing/,content/interviews/creatives/pippa-holt-a-fashion-insiders-guide-to-summer-beauty-and-statement-dressing/pippa-holt-a-fashion-insiders-guide-to-summer-beauty-and-statement-dressing.mdx,interviews,2021-03-09,True,broken,portrait-render,16,0,9,8,2,0,0,0,0,0,8 small/tall portrait(s) as plain markdown → render tiny & left-flush (portrait-standard violation); 2 portrait(s) inside consecutive-image grid (cover-cropped gallery); position-correctness: not verifiable (WordPress source CDN offline)
https://www.beauticate.com/interviews/creatives/rachel-gilbert-designer/,content/interviews/creatives/rachel-gilbert-designer/rachel-gilbert-designer.mdx,interviews,2019-07-24,True,broken,portrait-render,11,0,7,7,4,0,0,0,0,0,7 small/tall portrait(s) as plain markdown → render tiny & left-flush (portrait-standard violation); 4 portrait(s) inside consecutive-image grid (cover-cropped gallery); position-correctness: not verifiable (WordPress source CDN offline)
https://www.beauticate.com/interviews/creatives/rae-morris-interview/,content/interviews/creatives/rae-morris-interview/rae-morris-interview.mdx,interviews,2025-12-09,True,broken,portrait-render,17,0,7,7,0,10,0,0,0,0,7 small/tall portrait(s) as plain markdown → render tiny & left-flush (portrait-standard violation); 10 landscape plain-md image(s) → fill body measure (acceptable); position-correctness: not verifiable (WordPress source CDN offline)
https://www.beauticate.com/interviews/creatives/rae-morris/,content/interviews/creatives/rae-morris/rae-morris.mdx,interviews,2013-12-22,True,correct,clean,0,4,0,0,0,0,0,0,0,0,4 image(s) already in portrait-aware component(s); position-correctness: not verifiable (WordPress source CDN offline)
https://www.beauticate.com/interviews/creatives/rebecca-vallance-designer/,content/interviews/creatives/rebecca-vallance-designer/rebecca-vallance-designer.mdx,interviews,2017-08-10,True,broken,portrait-render,10,0,5,5,5,0,0,0,0,0,5 small/tall portrait(s) as plain markdown → render tiny & left-flush (portrait-standard violation); 5 portrait(s) inside consecutive-image grid (cover-cropped gallery); position-correctness: not verifiable (WordPress source CDN offline)
https://www.beauticate.com/interviews/creatives/renya-xydis-hairdresser/,content/interviews/creatives/renya-xydis-hairdresser/renya-xydis-hairdresser.mdx,interviews,2015-06-11,True,broken,portrait-render,17,0,14,14,0,0,0,0,0,0,14 small/tall portrait(s) as plain markdown → render tiny & left-flush (portrait-standard violation); position-correctness: not verifiable (WordPress source CDN offline)
https://www.beauticate.com/interviews/creatives/romano-ricci-perfumer/,content/interviews/creatives/romano-ricci-perfumer/romano-ricci-perfumer.mdx,interviews,2015-08-18,True,broken,portrait-render,9,0,9,9,0,0,0,0,0,0,9 small/tall portrait(s) as plain markdown → render tiny & left-flush (portrait-standard violation); position-correctness: not verifiable (WordPress source CDN offline)
https://www.beauticate.com/interviews/creatives/rowi-singh-the-creative-makeup-genius-on-finding-her-identity-through-makeup/,content/interviews/creatives/rowi-singh-the-creative-makeup-genius-on-finding-her-identity-through-makeup/rowi-singh-the-creative-makeup-genius-on-finding-her-identity-through-makeup.mdx,interviews,2021-10-05,True,broken,portrait-render,16,0,10,10,0,6,0,0,0,0,10 small/tall portrait(s) as plain markdown → render tiny & left-flush (portrait-standard violation); 6 landscape plain-md image(s) → fill body measure (acceptable); position-correctness: not verifiable (WordPress source CDN offline)
https://www.beauticate.com/interviews/creatives/ruby-hammer-major-brit-makeup-artist-on-the-complexities-of-diversity/,content/interviews/creatives/ruby-hammer-major-brit-makeup-artist-on-the-complexities-of-diversity/ruby-hammer-major-brit-makeup-artist-on-the-complexities-of-diversity.mdx,interviews,2020-09-16,True,broken,portrait-render,16,0,9,9,0,7,0,0,0,0,9 small/tall portrait(s) as plain markdown → render tiny & left-flush (portrait-standard violation); 7 landscape plain-md image(s) → fill body measure (acceptable); position-correctness: not verifiable (WordPress source CDN offline)
https://www.beauticate.com/interviews/creatives/ruby-hammer-the-celebrity-makeup-artist-shares-the-hard-won-life-and-beauty-lessons-she-has-learned-in-her-50s/,content/interviews/creatives/ruby-hammer-the-celebrity-makeup-artist-shares-the-hard-won-life-and-beauty-lessons-she-has-learned-in-her-50s/ruby-hammer-the-celebrity-makeup-artist-shares-the-hard-won-life-and-beauty-lessons-she-has-learned-in-her-50s.mdx,interviews,2021-08-17,True,broken,portrait-render,16,0,11,11,0,1,0,0,0,0,11 small/tall portrait(s) as plain markdown → render tiny & left-flush (portrait-standard violation); 1 landscape plain-md image(s) → fill body measure (acceptable); position-correctness: not verifiable (WordPress source CDN offline)
https://www.beauticate.com/interviews/creatives/ruby-rose-video-interview/,content/interviews/creatives/ruby-rose-video-interview/ruby-rose-video-interview.mdx,interviews,2014-06-05,True,broken,portrait-render,3,0,3,3,0,0,0,0,0,0,3 small/tall portrait(s) as plain markdown → render tiny & left-flush (portrait-standard violation); position-correctness: not verifiable (WordPress source CDN offline)
https://www.beauticate.com/interviews/creatives/sally-spratt-illustrator/,content/interviews/creatives/sally-spratt-illustrator/sally-spratt-illustrator.mdx,interviews,2015-07-20,True,broken,portrait-render,11,0,11,11,0,0,0,0,0,0,11 small/tall portrait(s) as plain markdown → render tiny & left-flush (portrait-standard violation); position-correctness: not verifiable (WordPress source CDN offline)
https://www.beauticate.com/interviews/creatives/samantha-jade-singer/,content/interviews/creatives/samantha-jade-singer/samantha-jade-singer.mdx,interviews,2016-06-23,True,broken,portrait-render,13,0,13,13,0,0,0,0,0,0,13 small/tall portrait(s) as plain markdown → render tiny & left-flush (portrait-standard violation); position-correctness: not verifiable (WordPress source CDN offline)
https://www.beauticate.com/interviews/creatives/samantha-wills-jewellery-designer/,content/interviews/creatives/samantha-wills-jewellery-designer/samantha-wills-jewellery-designer.mdx,interviews,2015-01-29,True,broken,portrait-render,13,0,13,13,0,0,0,0,0,0,13 small/tall portrait(s) as plain markdown → render tiny & left-flush (portrait-standard violation); position-correctness: not verifiable (WordPress source CDN offline)
https://www.beauticate.com/interviews/creatives/sara-caverley-shoe-designer/,content/interviews/creatives/sara-caverley-shoe-designer/sara-caverley-shoe-designer.mdx,interviews,2016-09-22,True,broken,portrait-render,9,0,5,5,4,0,0,0,0,0,5 small/tall portrait(s) as plain markdown → render tiny & left-flush (portrait-standard violation); 4 portrait(s) inside consecutive-image grid (cover-cropped gallery); position-correctness: not verifiable (WordPress source CDN offline)
https://www.beauticate.com/interviews/creatives/sara-kuburic-a-k-a-millennial-therapist-the-viral-self-help-guru-on-overcoming-any-obstacle/,content/interviews/creatives/sara-kuburic-a-k-a-millennial-therapist-the-viral-self-help-guru-on-overcoming-any-obstacle/sara-kuburic-a-k-a-millennial-therapist-the-viral-self-help-guru-on-overcoming-any-obstacle.mdx,interviews,2021-08-23,True,correct,clean,3,0,0,0,0,0,0,0,0,0,position-correctness: not verifiable (WordPress source CDN offline)
https://www.beauticate.com/interviews/creatives/sarina-zoe-makeup-artist-and-yogi/,content/interviews/creatives/sarina-zoe-makeup-artist-and-yogi/sarina-zoe-makeup-artist-and-yogi.mdx,interviews,2016-09-08,True,broken,portrait-render,9,0,9,9,0,0,0,0,0,0,9 small/tall portrait(s) as plain markdown → render tiny & left-flush (portrait-standard violation); position-correctness: not verifiable (WordPress source CDN offline)
https://www.beauticate.com/interviews/creatives/shaynna-blaze-tvs-interior-designer-on-feeling-your-best-at-every-age/,content/interviews/creatives/shaynna-blaze-tvs-interior-designer-on-feeling-your-best-at-every-age/shaynna-blaze-tvs-interior-designer-on-feeling-your-best-at-every-age.mdx,interviews,2020-10-12,True,correct,clean,15,0,0,0,0,0,0,0,0,0,position-correctness: not verifiable (WordPress source CDN offline)
https://www.beauticate.com/interviews/creatives/sibella-court-interior-stylist-and-author/,content/interviews/creatives/sibella-court-interior-stylist-and-author/sibella-court-interior-stylist-and-author.mdx,interviews,2016-01-14,True,broken,portrait-render,13,0,13,13,0,0,0,0,0,0,13 small/tall portrait(s) as plain markdown → render tiny & left-flush (portrait-standard violation); position-correctness: not verifiable (WordPress source CDN offline)
https://www.beauticate.com/interviews/creatives/somer-watson/,content/interviews/creatives/somer-watson/somer-watson.mdx,interviews,2014-04-10,True,correct,clean,8,0,0,0,0,8,0,0,0,0,8 landscape plain-md image(s) → fill body measure (acceptable); position-correctness: not verifiable (WordPress source CDN offline)
https://www.beauticate.com/interviews/creatives/stephanie-darling-author-and-editor/,content/interviews/creatives/stephanie-darling-author-and-editor/stephanie-darling-author-and-editor.mdx,interviews,2017-06-01,True,correct,clean,11,0,0,0,0,0,0,0,0,0,position-correctness: not verifiable (WordPress source CDN offline)
https://www.beauticate.com/interviews/creatives/stephanie-davies-founder-la-boheme-lifestyle/,content/interviews/creatives/stephanie-davies-founder-la-boheme-lifestyle/stephanie-davies-founder-la-boheme-lifestyle.mdx,interviews,2023-08-02,True,broken,portrait-render,10,0,9,9,0,1,0,0,0,0,9 small/tall portrait(s) as plain markdown → render tiny & left-flush (portrait-standard violation); 1 landscape plain-md image(s) → fill body measure (acceptable); position-correctness: not verifiable (WordPress source CDN offline)
https://www.beauticate.com/interviews/creatives/steve-cordony-interior-stylist/,content/interviews/creatives/steve-cordony-interior-stylist/steve-cordony-interior-stylist.mdx,interviews,2024-08-22,True,correct,clean,16,0,0,0,0,0,0,0,0,0,position-correctness: not verifiable (WordPress source CDN offline)
https://www.beauticate.com/interviews/creatives/stevie-knicks-musician-and-icon/,content/interviews/creatives/stevie-knicks-musician-and-icon/stevie-knicks-musician-and-icon.mdx,interviews,2016-05-25,True,correct,clean,8,0,0,0,1,6,0,0,0,0,1 portrait(s) inside consecutive-image grid (cover-cropped gallery); 6 landscape plain-md image(s) → fill body measure (acceptable); position-correctness: not verifiable (WordPress source CDN offline)
https://www.beauticate.com/interviews/creatives/take-a-stunning-selfie-with-lauren-curtis-beauty-vlogger/,content/interviews/creatives/take-a-stunning-selfie-with-lauren-curtis-beauty-vlogger/take-a-stunning-selfie-with-lauren-curtis-beauty-vlogger.mdx,interviews,2014-05-28,True,correct,clean,3,0,0,0,3,0,0,0,0,0,3 portrait(s) inside consecutive-image grid (cover-cropped gallery); position-correctness: not verifiable (WordPress source CDN offline)
https://www.beauticate.com/interviews/creatives/talita-estelle-entrepreneur/,content/interviews/creatives/talita-estelle-entrepreneur/talita-estelle-entrepreneur.mdx,interviews,2017-02-23,True,correct,clean,7,0,0,0,0,0,0,0,0,0,position-correctness: not verifiable (WordPress source CDN offline)
https://www.beauticate.com/interviews/creatives/tamsin-johnson-interior-designer/,content/interviews/creatives/tamsin-johnson-interior-designer/tamsin-johnson-interior-designer.mdx,interviews,2019-10-16,True,correct,clean,13,0,0,0,0,0,0,0,0,0,position-correctness: not verifiable (WordPress source CDN offline)
https://www.beauticate.com/interviews/creatives/terri-vinson-cosmetic-chemist/,content/interviews/creatives/terri-vinson-cosmetic-chemist/terri-vinson-cosmetic-chemist.mdx,interviews,2015-11-03,True,broken,portrait-render,13,0,13,13,0,0,0,0,0,0,13 small/tall portrait(s) as plain markdown → render tiny & left-flush (portrait-standard violation); position-correctness: not verifiable (WordPress source CDN offline)
https://www.beauticate.com/interviews/creatives/the-beauty-obsessed-florist-everyones-using-right-now/,content/interviews/creatives/the-beauty-obsessed-florist-everyones-using-right-now/the-beauty-obsessed-florist-everyones-using-right-now.mdx,interviews,2019-12-04,True,correct,clean,11,0,0,0,0,0,0,0,0,0,position-correctness: not verifiable (WordPress source CDN offline)
https://www.beauticate.com/interviews/creatives/the-editor-podcast-host-whose-beauty-cabinet-youll-want-to-move-into/,content/interviews/creatives/the-editor-podcast-host-whose-beauty-cabinet-youll-want-to-move-into/the-editor-podcast-host-whose-beauty-cabinet-youll-want-to-move-into.mdx,interviews,2020-08-05,True,correct,clean,26,0,0,0,0,0,0,0,0,0,position-correctness: not verifiable (WordPress source CDN offline)
https://www.beauticate.com/interviews/creatives/the-french-fashion-designer-with-a-balinese-dream-home/,content/interviews/creatives/the-french-fashion-designer-with-a-balinese-dream-home/the-french-fashion-designer-with-a-balinese-dream-home.mdx,interviews,2020-05-27,True,correct,clean,24,0,0,0,0,0,0,0,0,0,position-correctness: not verifiable (WordPress source CDN offline)
https://www.beauticate.com/interviews/creatives/the-glossy-mag-editor-in-chief-who-is-a-die-hard-skincare-fanatic/,content/interviews/creatives/the-glossy-mag-editor-in-chief-who-is-a-die-hard-skincare-fanatic/the-glossy-mag-editor-in-chief-who-is-a-die-hard-skincare-fanatic.mdx,interviews,2020-02-12,True,correct,clean,13,0,0,0,0,0,0,0,0,0,position-correctness: not verifiable (WordPress source CDN offline)
https://www.beauticate.com/interviews/creatives/the-jewellery-designer-very-into-skincare-and-scuba-diving/,content/interviews/creatives/the-jewellery-designer-very-into-skincare-and-scuba-diving/the-jewellery-designer-very-into-skincare-and-scuba-diving.mdx,interviews,2020-05-12,True,correct,clean,20,0,0,0,0,0,0,0,0,0,position-correctness: not verifiable (WordPress source CDN offline)
https://www.beauticate.com/interviews/creatives/the-society-jeweller-with-a-stylish-loungewear-wardrobe/,content/interviews/creatives/the-society-jeweller-with-a-stylish-loungewear-wardrobe/the-society-jeweller-with-a-stylish-loungewear-wardrobe.mdx,interviews,2020-04-15,True,correct,clean,25,0,0,0,0,0,0,0,0,0,position-correctness: not verifiable (WordPress source CDN offline)
https://www.beauticate.com/interviews/creatives/this-photographer-shares-her-favourite-first-nation-brands/,content/interviews/creatives/this-photographer-shares-her-favourite-first-nation-brands/this-photographer-shares-her-favourite-first-nation-brands.mdx,interviews,2020-07-29,True,correct,clean,15,0,0,0,0,0,0,0,0,0,position-correctness: not verifiable (WordPress source CDN offline)
https://www.beauticate.com/interviews/creatives/video-at-home-and-in-the-studio-with-tory-burch/,content/interviews/creatives/video-at-home-and-in-the-studio-with-tory-burch/video-at-home-and-in-the-studio-with-tory-burch.mdx,interviews,2016-10-19,True,correct,clean,6,0,0,0,3,0,0,0,0,0,3 portrait(s) inside consecutive-image grid (cover-cropped gallery); position-correctness: not verifiable (WordPress source CDN offline)
https://www.beauticate.com/interviews/creatives/video-loreals-guive-balooch-on-wearable-technology-and-the-sustainable-future-of-beauty/,content/interviews/creatives/video-loreals-guive-balooch-on-wearable-technology-and-the-sustainable-future-of-beauty/video-loreals-guive-balooch-on-wearable-technology-and-the-sustainable-future-of-beauty.mdx,interviews,2021-09-14,True,correct,clean,2,0,0,0,0,0,0,0,0,0,position-correctness: not verifiable (WordPress source CDN offline)
https://www.beauticate.com/interviews/creatives/video-supermodel-and-ceo-miranda-kerr-on-lockdown-life-sustainable-beauty-and-superfoods-for-your-face/,content/interviews/creatives/video-supermodel-and-ceo-miranda-kerr-on-lockdown-life-sustainable-beauty-and-superfoods-for-your-face/video-supermodel-and-ceo-miranda-kerr-on-lockdown-life-sustainable-beauty-and-superfoods-for-your-face.mdx,interviews,2021-10-12,True,correct,clean,8,0,0,0,0,1,0,0,0,0,1 landscape plain-md image(s) → fill body measure (acceptable); position-correctness: not verifiable (WordPress source CDN offline)
https://www.beauticate.com/interviews/creatives/viktor-and-rolf-fashion-designers/,content/interviews/creatives/viktor-and-rolf-fashion-designers/viktor-and-rolf-fashion-designers.mdx,interviews,2016-11-30,True,broken,portrait-render,12,0,10,10,2,0,0,0,0,0,10 small/tall portrait(s) as plain markdown → render tiny & left-flush (portrait-standard violation); 2 portrait(s) inside consecutive-image grid (cover-cropped gallery); position-correctness: not verifiable (WordPress source CDN offline)
https://www.beauticate.com/interviews/creatives/violette-makeup-artist/,content/interviews/creatives/violette-makeup-artist/violette-makeup-artist.mdx,interviews,2018-10-04,True,correct,clean,15,0,0,0,0,0,0,0,0,0,position-correctness: not verifiable (WordPress source CDN offline)
https://www.beauticate.com/interviews/creatives/who-bridget-yorston-designer/,content/interviews/creatives/who-bridget-yorston-designer/who-bridget-yorston-designer.mdx,interviews,2014-08-21,True,broken,portrait-render,11,0,11,11,0,0,0,0,0,0,11 small/tall portrait(s) as plain markdown → render tiny & left-flush (portrait-standard violation); position-correctness: not verifiable (WordPress source CDN offline)
https://www.beauticate.com/interviews/creatives/who-jocelyn-petroni-beauty-therapist/,content/interviews/creatives/who-jocelyn-petroni-beauty-therapist/who-jocelyn-petroni-beauty-therapist.mdx,interviews,2024-09-20,True,broken,portrait-render,18,0,10,10,0,8,0,0,0,0,10 small/tall portrait(s) as plain markdown → render tiny & left-flush (portrait-standard violation); 8 landscape plain-md image(s) → fill body measure (acceptable); position-correctness: not verifiable (WordPress source CDN offline)
https://www.beauticate.com/interviews/creatives/who-jodhi-meares/,content/interviews/creatives/who-jodhi-meares/who-jodhi-meares.mdx,interviews,2014-04-17,True,broken,portrait-render,8,0,4,4,0,4,0,0,0,0,4 small/tall portrait(s) as plain markdown → render tiny & left-flush (portrait-standard violation); 4 landscape plain-md image(s) → fill body measure (acceptable); position-correctness: not verifiable (WordPress source CDN offline)
https://www.beauticate.com/interviews/creatives/who-madeleine-boyd-beauty-journalist/,content/interviews/creatives/who-madeleine-boyd-beauty-journalist/who-madeleine-boyd-beauty-journalist.mdx,interviews,2014-12-30,True,broken,portrait-render,8,0,1,1,2,5,0,0,0,0,1 small/tall portrait(s) as plain markdown → render tiny & left-flush (portrait-standard violation); 2 portrait(s) inside consecutive-image grid (cover-cropped gallery); 5 landscape plain-md image(s) → fill body measure (acceptable); position-correctness: not verifiable (WordPress source CDN offline)
https://www.beauticate.com/interviews/creatives/who-natalie-imbruglia/,content/interviews/creatives/who-natalie-imbruglia/who-natalie-imbruglia.mdx,interviews,2014-12-11,True,correct,clean,8,0,0,0,0,6,0,0,0,0,6 landscape plain-md image(s) → fill body measure (acceptable); position-correctness: not verifiable (WordPress source CDN offline)
https://www.beauticate.com/interviews/creatives/who-sarah-jagger-make-up-artist/,content/interviews/creatives/who-sarah-jagger-make-up-artist/who-sarah-jagger-make-up-artist.mdx,interviews,2014-05-01,True,correct,clean,14,0,0,0,14,0,0,0,0,0,14 portrait(s) inside consecutive-image grid (cover-cropped gallery); position-correctness: not verifiable (WordPress source CDN offline)
https://www.beauticate.com/interviews/creatives/wintana-kidane-and-rahel-ephrem-are-celebrating-wearing-their-hair-how-they-want/,content/interviews/creatives/wintana-kidane-and-rahel-ephrem-are-celebrating-wearing-their-hair-how-they-want/wintana-kidane-and-rahel-ephrem-are-celebrating-wearing-their-hair-how-they-want.mdx,interviews,2022-07-13,True,broken,portrait-render,13,0,6,6,0,5,0,0,0,0,6 small/tall portrait(s) as plain markdown → render tiny & left-flush (portrait-standard violation); 5 landscape plain-md image(s) → fill body measure (acceptable); position-correctness: not verifiable (WordPress source CDN offline)
https://www.beauticate.com/interviews/creatives/zoe-foster-blake-author-and-beauty-entrepreneur/,content/interviews/creatives/zoe-foster-blake-author-and-beauty-entrepreneur/zoe-foster-blake-author-and-beauty-entrepreneur.mdx,interviews,2015-02-26,True,correct,clean,10,0,0,0,0,0,0,0,0,0,position-correctness: not verifiable (WordPress source CDN offline)
https://www.beauticate.com/interviews/founders/adam-khoury-and-jason-minty-boutique-owners/,content/interviews/founders/adam-khoury-and-jason-minty-boutique-owners/adam-khoury-and-jason-minty-boutique-owners.mdx,interviews,2015-09-01,True,broken,portrait-render,9,0,3,3,6,0,0,0,0,0,3 small/tall portrait(s) as plain markdown → render tiny & left-flush (portrait-standard violation); 6 portrait(s) inside consecutive-image grid (cover-cropped gallery); position-correctness: not verifiable (WordPress source CDN offline)
https://www.beauticate.com/interviews/founders/alina-barlow-the-alinka-jewellery-designer-on-the-lessons-she-learned-from-her-mother/,content/interviews/founders/alina-barlow-the-alinka-jewellery-designer-on-the-lessons-she-learned-from-her-mother/alina-barlow-the-alinka-jewellery-designer-on-the-lessons-she-learned-from-her-mother.mdx,interviews,2021-05-10,True,correct,clean,21,0,0,0,0,0,0,0,0,0,position-correctness: not verifiable (WordPress source CDN offline)
https://www.beauticate.com/interviews/founders/almira-armstrong-lumira/,content/interviews/founders/almira-armstrong-lumira/almira-armstrong-lumira.mdx,interviews,2019-06-05,True,correct,clean,9,0,0,0,0,0,0,0,0,0,position-correctness: not verifiable (WordPress source CDN offline)
https://www.beauticate.com/interviews/founders/alyce-tran-the-entrepreneur-who-will-persuade-you-to-bring-colour-into-your-home/,content/interviews/founders/alyce-tran-the-entrepreneur-who-will-persuade-you-to-bring-colour-into-your-home/alyce-tran-the-entrepreneur-who-will-persuade-you-to-bring-colour-into-your-home.mdx,interviews,2022-09-21,True,broken,portrait-render,14,0,11,11,0,0,0,0,0,0,11 small/tall portrait(s) as plain markdown → render tiny & left-flush (portrait-standard violation); position-correctness: not verifiable (WordPress source CDN offline)
https://www.beauticate.com/interviews/founders/anastasia-soare-on-turning-perfect-brows-into-a-global-empire/,content/interviews/founders/anastasia-soare-on-turning-perfect-brows-into-a-global-empire/anastasia-soare-on-turning-perfect-brows-into-a-global-empire.mdx,interviews,2023-03-29,True,broken,portrait-render,15,0,7,7,1,3,0,0,0,0,7 small/tall portrait(s) as plain markdown → render tiny & left-flush (portrait-standard violation); 1 portrait(s) inside consecutive-image grid (cover-cropped gallery); 3 landscape plain-md image(s) → fill body measure (acceptable); position-correctness: not verifiable (WordPress source CDN offline)
https://www.beauticate.com/interviews/founders/anna-heinrich-on-quitting-law-and-finding-her-inner-entrepreneur/,content/interviews/founders/anna-heinrich-on-quitting-law-and-finding-her-inner-entrepreneur/anna-heinrich-on-quitting-law-and-finding-her-inner-entrepreneur.mdx,interviews,2022-08-11,True,broken,portrait-render,13,0,9,9,0,4,0,0,0,0,9 small/tall portrait(s) as plain markdown → render tiny & left-flush (portrait-standard violation); 4 landscape plain-md image(s) → fill body measure (acceptable); position-correctness: not verifiable (WordPress source CDN offline)
https://www.beauticate.com/interviews/founders/beth-levis-the-fashion-exec-bringing-her-design-eye-to-her-own-wellness-brand/,content/interviews/founders/beth-levis-the-fashion-exec-bringing-her-design-eye-to-her-own-wellness-brand/beth-levis-the-fashion-exec-bringing-her-design-eye-to-her-own-wellness-brand.mdx,interviews,2022-10-06,True,broken,portrait-render,11,0,7,7,0,3,0,0,0,0,7 small/tall portrait(s) as plain markdown → render tiny & left-flush (portrait-standard violation); 3 landscape plain-md image(s) → fill body measure (acceptable); position-correctness: not verifiable (WordPress source CDN offline)
https://www.beauticate.com/interviews/founders/bree-johnson-and-jessica-hatzis-entrepreneurs/,content/interviews/founders/bree-johnson-and-jessica-hatzis-entrepreneurs/bree-johnson-and-jessica-hatzis-entrepreneurs.mdx,interviews,2017-04-06,True,correct,clean,23,0,0,0,10,13,0,0,0,0,10 portrait(s) inside consecutive-image grid (cover-cropped gallery); 13 landscape plain-md image(s) → fill body measure (acceptable); position-correctness: not verifiable (WordPress source CDN offline)
https://www.beauticate.com/interviews/founders/canna-campbell-financial-adviser-and-vlogger/,content/interviews/founders/canna-campbell-financial-adviser-and-vlogger/canna-campbell-financial-adviser-and-vlogger.mdx,interviews,2016-03-03,True,broken,portrait-render,18,0,18,18,0,0,0,0,0,0,18 small/tall portrait(s) as plain markdown → render tiny & left-flush (portrait-standard violation); position-correctness: not verifiable (WordPress source CDN offline)
https://www.beauticate.com/interviews/founders/carla-oates-the-beauty-chef/,content/interviews/founders/carla-oates-the-beauty-chef/carla-oates-the-beauty-chef.mdx,interviews,2017-02-08,True,correct,clean,10,0,0,0,0,0,0,0,0,0,position-correctness: not verifiable (WordPress source CDN offline)
https://www.beauticate.com/interviews/founders/caudalies-mathilde-thomas-on-must-visit-paris-destinations-and-the-importance-of-pleasure/,content/interviews/founders/caudalies-mathilde-thomas-on-must-visit-paris-destinations-and-the-importance-of-pleasure/caudalies-mathilde-thomas-on-must-visit-paris-destinations-and-the-importance-of-pleasure.mdx,interviews,2022-03-16,True,broken,portrait-render,10,0,3,3,0,3,0,0,0,0,3 small/tall portrait(s) as plain markdown → render tiny & left-flush (portrait-standard violation); 3 landscape plain-md image(s) → fill body measure (acceptable); position-correctness: not verifiable (WordPress source CDN offline)
https://www.beauticate.com/interviews/founders/cece-meadows-the-colourful-makeup-brand-founder-on-beauty-as-therapy/,content/interviews/founders/cece-meadows-the-colourful-makeup-brand-founder-on-beauty-as-therapy/cece-meadows-the-colourful-makeup-brand-founder-on-beauty-as-therapy.mdx,interviews,2022-06-02,True,broken,portrait-render,14,0,1,1,0,9,0,0,0,0,1 small/tall portrait(s) as plain markdown → render tiny & left-flush (portrait-standard violation); 9 landscape plain-md image(s) → fill body measure (acceptable); position-correctness: not verifiable (WordPress source CDN offline)
https://www.beauticate.com/interviews/founders/claire-aristides-jeweller/,content/interviews/founders/claire-aristides-jeweller/claire-aristides-jeweller.mdx,interviews,2018-06-14,True,correct,clean,11,0,0,0,0,0,0,0,0,0,position-correctness: not verifiable (WordPress source CDN offline)
https://www.beauticate.com/interviews/founders/deborah-symond-fashion-buyer-and-entrepreneur/,content/interviews/founders/deborah-symond-fashion-buyer-and-entrepreneur/deborah-symond-fashion-buyer-and-entrepreneur.mdx,interviews,2017-03-09,True,correct,clean,9,0,0,0,0,0,0,0,0,0,position-correctness: not verifiable (WordPress source CDN offline)
https://www.beauticate.com/interviews/founders/dr-kate-jameson-cosmetic-physician/,content/interviews/founders/dr-kate-jameson-cosmetic-physician/dr-kate-jameson-cosmetic-physician.mdx,interviews,2018-08-09,True,correct,clean,11,0,0,0,0,0,0,0,0,0,position-correctness: not verifiable (WordPress source CDN offline)
https://www.beauticate.com/interviews/founders/dr-sam-bunting-the-skin-expert-determined-to-get-you-glowing/,content/interviews/founders/dr-sam-bunting-the-skin-expert-determined-to-get-you-glowing/dr-sam-bunting-the-skin-expert-determined-to-get-you-glowing.mdx,interviews,2020-10-27,True,correct,clean,31,0,0,0,0,0,0,0,0,0,position-correctness: not verifiable (WordPress source CDN offline)
https://www.beauticate.com/interviews/founders/elle-ferguson-elle-effect/,content/interviews/founders/elle-ferguson-elle-effect/elle-ferguson-elle-effect.mdx,interviews,2019-04-10,True,correct,clean,12,0,0,0,0,0,0,0,0,0,position-correctness: not verifiable (WordPress source CDN offline)
https://www.beauticate.com/interviews/founders/elle-halliwell-fashion-journalist/,content/interviews/founders/elle-halliwell-fashion-journalist/elle-halliwell-fashion-journalist.mdx,interviews,2014-05-29,True,broken,portrait-render,8,0,2,2,0,6,0,0,0,0,2 small/tall portrait(s) as plain markdown → render tiny & left-flush (portrait-standard violation); 6 landscape plain-md image(s) → fill body measure (acceptable); position-correctness: not verifiable (WordPress source CDN offline)
https://www.beauticate.com/interviews/founders/emily-skye-fitness-entrepreneur/,content/interviews/founders/emily-skye-fitness-entrepreneur/emily-skye-fitness-entrepreneur.mdx,interviews,2015-03-19,True,correct,clean,8,0,0,0,0,6,0,0,0,0,6 landscape plain-md image(s) → fill body measure (acceptable); position-correctness: not verifiable (WordPress source CDN offline)
https://www.beauticate.com/interviews/founders/emma-seibold-fitness-entrepreneur/,content/interviews/founders/emma-seibold-fitness-entrepreneur/emma-seibold-fitness-entrepreneur.mdx,interviews,2015-07-30,True,broken,portrait-render,10,0,10,10,0,0,0,0,0,0,10 small/tall portrait(s) as plain markdown → render tiny & left-flush (portrait-standard violation); position-correctness: not verifiable (WordPress source CDN offline)
https://www.beauticate.com/interviews/founders/erin-fraser-a-lifelong-beauty-lover-on-adult-acne-and-the-joys-of-tom-ford/,content/interviews/founders/erin-fraser-a-lifelong-beauty-lover-on-adult-acne-and-the-joys-of-tom-ford/erin-fraser-a-lifelong-beauty-lover-on-adult-acne-and-the-joys-of-tom-ford.mdx,interviews,2021-04-27,True,correct,clean,16,0,0,0,0,0,0,0,0,0,position-correctness: not verifiable (WordPress source CDN offline)
https://www.beauticate.com/interviews/founders/eva-galambos-fashion-buyer-and-entrepreneur/,content/interviews/founders/eva-galambos-fashion-buyer-and-entrepreneur/eva-galambos-fashion-buyer-and-entrepreneur.mdx,interviews,2016-10-27,True,correct,clean,8,0,0,0,0,8,0,0,0,0,8 landscape plain-md image(s) → fill body measure (acceptable); position-correctness: not verifiable (WordPress source CDN offline)
https://www.beauticate.com/interviews/founders/fanny-moizant-entrepreneur/,content/interviews/founders/fanny-moizant-entrepreneur/fanny-moizant-entrepreneur.mdx,interviews,2018-11-29,True,correct,clean,13,0,0,0,0,0,0,0,0,0,position-correctness: not verifiable (WordPress source CDN offline)
https://www.beauticate.com/interviews/founders/fiona-myer-entrepreneur/,content/interviews/founders/fiona-myer-entrepreneur/fiona-myer-entrepreneur.mdx,interviews,2018-09-27,True,correct,clean,13,0,0,0,0,0,0,0,0,0,position-correctness: not verifiable (WordPress source CDN offline)
https://www.beauticate.com/interviews/founders/goldfield-and-banks-interview-dimitri-weber/,content/interviews/founders/goldfield-and-banks-interview-dimitri-weber/goldfield-and-banks-interview-dimitri-weber.mdx,interviews,2025-08-07,True,correct,clean,4,0,0,0,0,4,0,0,0,0,4 landscape plain-md image(s) → fill body measure (acceptable); position-correctness: not verifiable (WordPress source CDN offline)
https://www.beauticate.com/interviews/founders/hayley-bonham-stylist-publicist-entrepreneur/,content/interviews/founders/hayley-bonham-stylist-publicist-entrepreneur/hayley-bonham-stylist-publicist-entrepreneur.mdx,interviews,2018-08-23,True,correct,clean,12,0,0,0,0,0,0,0,0,0,position-correctness: not verifiable (WordPress source CDN offline)
https://www.beauticate.com/interviews/founders/hayley-hall-jayde-hall-the-sisters-and-brand-co-founders-embracing-huge-life-changes/,content/interviews/founders/hayley-hall-jayde-hall-the-sisters-and-brand-co-founders-embracing-huge-life-changes/hayley-hall-jayde-hall-the-sisters-and-brand-co-founders-embracing-huge-life-changes.mdx,interviews,2022-09-07,True,correct,clean,9,0,0,0,0,9,0,0,0,0,9 landscape plain-md image(s) → fill body measure (acceptable); position-correctness: not verifiable (WordPress source CDN offline)
https://www.beauticate.com/interviews/founders/how-to-make-it-big-in-beauty-haircare-and-tequila-tycoon-schools-us/,content/interviews/founders/how-to-make-it-big-in-beauty-haircare-and-tequila-tycoon-schools-us/how-to-make-it-big-in-beauty-haircare-and-tequila-tycoon-schools-us.mdx,interviews,2016-10-19,True,broken,portrait-render,7,0,6,6,0,1,0,0,0,0,6 small/tall portrait(s) as plain markdown → render tiny & left-flush (portrait-standard violation); 1 landscape plain-md image(s) → fill body measure (acceptable); position-correctness: not verifiable (WordPress source CDN offline)
https://www.beauticate.com/interviews/founders/indie-lee-the-brand-founder-on-why-clean-skincare-isnt-everything-and-why-being-sensible-matters/,content/interviews/founders/indie-lee-the-brand-founder-on-why-clean-skincare-isnt-everything-and-why-being-sensible-matters/indie-lee-the-brand-founder-on-why-clean-skincare-isnt-everything-and-why-being-sensible-matters.mdx,interviews,2021-04-20,True,correct,clean,12,0,0,0,0,0,0,0,0,0,position-correctness: not verifiable (WordPress source CDN offline)
https://www.beauticate.com/interviews/founders/inside-the-heavenly-auckland-home-of-emma-lewisham-cult-beauty-brand-founder/,content/interviews/founders/inside-the-heavenly-auckland-home-of-emma-lewisham-cult-beauty-brand-founder/inside-the-heavenly-auckland-home-of-emma-lewisham-cult-beauty-brand-founder.mdx,interviews,2020-09-29,True,correct,clean,17,0,0,0,0,0,0,0,0,0,position-correctness: not verifiable (WordPress source CDN offline)
https://www.beauticate.com/interviews/founders/jacqueline-alwill-nutritionist/,content/interviews/founders/jacqueline-alwill-nutritionist/jacqueline-alwill-nutritionist.mdx,interviews,2015-01-15,True,correct,clean,8,0,0,0,0,8,0,0,0,0,8 landscape plain-md image(s) → fill body measure (acceptable); position-correctness: not verifiable (WordPress source CDN offline)
https://www.beauticate.com/interviews/founders/jacqui-lewis-meditation-teacher/,content/interviews/founders/jacqui-lewis-meditation-teacher/jacqui-lewis-meditation-teacher.mdx,interviews,2018-11-08,True,correct,clean,14,0,0,0,0,0,0,0,0,0,position-correctness: not verifiable (WordPress source CDN offline)
https://www.beauticate.com/interviews/founders/jade-pentony-founder-of-glow-beauty-and-creme-skincare/,content/interviews/founders/jade-pentony-founder-of-glow-beauty-and-creme-skincare/jade-pentony-founder-of-glow-beauty-and-creme-skincare.mdx,interviews,2023-07-06,True,correct,clean,14,0,0,0,0,0,0,0,0,0,position-correctness: not verifiable (WordPress source CDN offline)
https://www.beauticate.com/interviews/founders/jo-malone-cbe-the-queen-of-fragrance-who-loves-a-good-story/,content/interviews/founders/jo-malone-cbe-the-queen-of-fragrance-who-loves-a-good-story/jo-malone-cbe-the-queen-of-fragrance-who-loves-a-good-story.mdx,interviews,2022-02-01,True,correct,clean,10,0,0,0,0,9,0,0,0,0,9 landscape plain-md image(s) → fill body measure (acceptable); position-correctness: not verifiable (WordPress source CDN offline)
https://www.beauticate.com/interviews/founders/karen-walker-fashion-and-fragrance-designer/,content/interviews/founders/karen-walker-fashion-and-fragrance-designer/karen-walker-fashion-and-fragrance-designer.mdx,interviews,2015-08-27,True,broken,portrait-render,7,0,7,7,0,0,0,0,0,0,7 small/tall portrait(s) as plain markdown → render tiny & left-flush (portrait-standard violation); position-correctness: not verifiable (WordPress source CDN offline)
https://www.beauticate.com/interviews/founders/katrina-brown-tanning-guru/,content/interviews/founders/katrina-brown-tanning-guru/katrina-brown-tanning-guru.mdx,interviews,2014-10-16,True,correct,clean,8,0,0,0,0,8,0,0,0,0,8 landscape plain-md image(s) → fill body measure (acceptable); position-correctness: not verifiable (WordPress source CDN offline)
https://www.beauticate.com/interviews/founders/kirsten-carriol/,content/interviews/founders/kirsten-carriol/kirsten-carriol.mdx,interviews,2014-06-12,True,correct,clean,8,0,0,0,0,8,0,0,0,0,8 landscape plain-md image(s) → fill body measure (acceptable); position-correctness: not verifiable (WordPress source CDN offline)
https://www.beauticate.com/interviews/founders/kirsten-shanks-naturopath-and-entrepreneur/,content/interviews/founders/kirsten-shanks-naturopath-and-entrepreneur/kirsten-shanks-naturopath-and-entrepreneur.mdx,interviews,2016-02-25,True,broken,portrait-render,26,0,15,15,0,0,0,0,0,0,15 small/tall portrait(s) as plain markdown → render tiny & left-flush (portrait-standard violation); position-correctness: not verifiable (WordPress source CDN offline)
https://www.beauticate.com/interviews/founders/kristina-karlsson-kikki-k/,content/interviews/founders/kristina-karlsson-kikki-k/kristina-karlsson-kikki-k.mdx,interviews,2019-06-26,True,correct,clean,13,0,0,0,0,0,0,0,0,0,position-correctness: not verifiable (WordPress source CDN offline)
https://www.beauticate.com/interviews/founders/kym-elphinstone-art-consultant/,content/interviews/founders/kym-elphinstone-art-consultant/kym-elphinstone-art-consultant.mdx,interviews,2016-06-30,True,broken,portrait-render,9,0,9,9,0,0,0,0,0,0,9 small/tall portrait(s) as plain markdown → render tiny & left-flush (portrait-standard violation); position-correctness: not verifiable (WordPress source CDN offline)
https://www.beauticate.com/interviews/founders/lee-holmes-supercharged-food/,content/interviews/founders/lee-holmes-supercharged-food/lee-holmes-supercharged-food.mdx,interviews,2019-05-15,True,correct,clean,8,0,0,0,0,0,0,0,0,0,position-correctness: not verifiable (WordPress source CDN offline)
https://www.beauticate.com/interviews/founders/libby-boxall-on-how-getting-gorgeous-hair-led-to-partnering-with-a-kardashian/,content/interviews/founders/libby-boxall-on-how-getting-gorgeous-hair-led-to-partnering-with-a-kardashian/libby-boxall-on-how-getting-gorgeous-hair-led-to-partnering-with-a-kardashian.mdx,interviews,2021-07-06,True,correct,clean,16,0,0,0,0,0,0,0,0,0,position-correctness: not verifiable (WordPress source CDN offline)
https://www.beauticate.com/interviews/founders/linda-rodin-stylist-and-entrepreneur/,content/interviews/founders/linda-rodin-stylist-and-entrepreneur/linda-rodin-stylist-and-entrepreneur.mdx,interviews,2016-10-06,True,broken,portrait-render,14,0,14,14,0,0,0,0,0,0,14 small/tall portrait(s) as plain markdown → render tiny & left-flush (portrait-standard violation); position-correctness: not verifiable (WordPress source CDN offline)
https://www.beauticate.com/interviews/founders/lindy-klim-designer-entrepreneur/,content/interviews/founders/lindy-klim-designer-entrepreneur/lindy-klim-designer-entrepreneur.mdx,interviews,2018-08-02,True,correct,clean,12,0,0,0,0,0,0,0,0,0,position-correctness: not verifiable (WordPress source CDN offline)
https://www.beauticate.com/interviews/founders/lisa-messenger-entrepreneur-and-author-1/,content/interviews/founders/lisa-messenger-entrepreneur-and-author-1/lisa-messenger-entrepreneur-and-author-1.mdx,interviews,2015-10-01,True,broken,portrait-render,14,0,14,14,0,0,0,0,0,0,14 small/tall portrait(s) as plain markdown → render tiny & left-flush (portrait-standard violation); position-correctness: not verifiable (WordPress source CDN offline)
https://www.beauticate.com/interviews/founders/lucy-vincent-entrepreneur/,content/interviews/founders/lucy-vincent-entrepreneur/lucy-vincent-entrepreneur.mdx,interviews,2018-06-07,True,correct,clean,10,0,0,0,0,0,0,0,0,0,position-correctness: not verifiable (WordPress source CDN offline)
https://www.beauticate.com/interviews/founders/megan-hess-fashion-illustrator/,content/interviews/founders/megan-hess-fashion-illustrator/megan-hess-fashion-illustrator.mdx,interviews,2015-04-09,True,correct,clean,8,0,0,0,0,8,0,0,0,0,8 landscape plain-md image(s) → fill body measure (acceptable); position-correctness: not verifiable (WordPress source CDN offline)
https://www.beauticate.com/interviews/founders/montarna-mcdonald-publicist/,content/interviews/founders/montarna-mcdonald-publicist/montarna-mcdonald-publicist.mdx,interviews,2018-02-22,True,broken,portrait-render,13,0,1,1,12,0,0,0,0,0,1 small/tall portrait(s) as plain markdown → render tiny & left-flush (portrait-standard violation); 12 portrait(s) inside consecutive-image grid (cover-cropped gallery); position-correctness: not verifiable (WordPress source CDN offline)
https://www.beauticate.com/interviews/founders/myra-perez-floral-designer/,content/interviews/founders/myra-perez-floral-designer/myra-perez-floral-designer.mdx,interviews,2018-12-20,True,correct,clean,14,0,0,0,0,0,0,0,0,0,position-correctness: not verifiable (WordPress source CDN offline)
https://www.beauticate.com/interviews/founders/nadia-rose-entrepreneur-infuencer/,content/interviews/founders/nadia-rose-entrepreneur-infuencer/nadia-rose-entrepreneur-infuencer.mdx,interviews,2018-05-31,True,correct,clean,13,0,0,0,0,0,0,0,0,0,position-correctness: not verifiable (WordPress source CDN offline)
https://www.beauticate.com/interviews/founders/natalie-ferrari-the-in-demand-sydney-beauty-expert-shares-her-pregnancy-beauty-routine/,content/interviews/founders/natalie-ferrari-the-in-demand-sydney-beauty-expert-shares-her-pregnancy-beauty-routine/natalie-ferrari-the-in-demand-sydney-beauty-expert-shares-her-pregnancy-beauty-routine.mdx,interviews,2021-11-30,True,correct,clean,15,0,0,0,0,0,0,0,0,0,position-correctness: not verifiable (WordPress source CDN offline)
https://www.beauticate.com/interviews/founders/natalie-fitch-natalie-marie-jewellery/,content/interviews/founders/natalie-fitch-natalie-marie-jewellery/natalie-fitch-natalie-marie-jewellery.mdx,interviews,2019-04-24,True,correct,clean,9,0,0,0,0,0,0,0,0,0,position-correctness: not verifiable (WordPress source CDN offline)
https://www.beauticate.com/interviews/founders/nicole-manning-onda-beauty/,content/interviews/founders/nicole-manning-onda-beauty/nicole-manning-onda-beauty.mdx,interviews,2019-05-22,True,correct,clean,14,0,0,0,0,0,0,0,0,0,position-correctness: not verifiable (WordPress source CDN offline)
https://www.beauticate.com/interviews/founders/olivia-chantecaille-born-into-beauty-now-saving-the-world/,content/interviews/founders/olivia-chantecaille-born-into-beauty-now-saving-the-world/olivia-chantecaille-born-into-beauty-now-saving-the-world.mdx,interviews,2023-06-15,True,broken,portrait-render,25,0,14,14,1,8,0,0,0,0,14 small/tall portrait(s) as plain markdown → render tiny & left-flush (portrait-standard violation); 1 portrait(s) inside consecutive-image grid (cover-cropped gallery); 8 landscape plain-md image(s) → fill body measure (acceptable); position-correctness: not verifiable (WordPress source CDN offline)
https://www.beauticate.com/interviews/founders/roxy-jacenko-entrepreneur-and-author/,content/interviews/founders/roxy-jacenko-entrepreneur-and-author/roxy-jacenko-entrepreneur-and-author.mdx,interviews,2015-10-29,True,broken,portrait-render,19,0,19,19,0,0,0,0,0,0,19 small/tall portrait(s) as plain markdown → render tiny & left-flush (portrait-standard violation); position-correctness: not verifiable (WordPress source CDN offline)
https://www.beauticate.com/interviews/founders/ruth-robalino-the-hairdresser-turned-supplement-brand-founder-helping-clients-look-and-feel-their-best/,content/interviews/founders/ruth-robalino-the-hairdresser-turned-supplement-brand-founder-helping-clients-look-and-feel-their-best/ruth-robalino-the-hairdresser-turned-supplement-brand-founder-helping-clients-look-and-feel-their-best.mdx,interviews,2022-11-16,True,broken,portrait-render,11,0,2,2,0,7,0,0,0,0,2 small/tall portrait(s) as plain markdown → render tiny & left-flush (portrait-standard violation); 7 landscape plain-md image(s) → fill body measure (acceptable); position-correctness: not verifiable (WordPress source CDN offline)
https://www.beauticate.com/interviews/founders/sara-fuller-entrepreneur/,content/interviews/founders/sara-fuller-entrepreneur/sara-fuller-entrepreneur.mdx,interviews,2018-10-11,True,correct,clean,11,0,0,0,0,0,0,0,0,0,position-correctness: not verifiable (WordPress source CDN offline)
https://www.beauticate.com/interviews/founders/sarah-holloway-entrepreneur/,content/interviews/founders/sarah-holloway-entrepreneur/sarah-holloway-entrepreneur.mdx,interviews,2018-07-19,True,correct,clean,12,0,0,0,0,0,0,0,0,0,position-correctness: not verifiable (WordPress source CDN offline)
https://www.beauticate.com/interviews/founders/saskiahavekes-florist/,content/interviews/founders/saskiahavekes-florist/saskiahavekes-florist.mdx,interviews,2016-09-29,True,broken,portrait-render,11,0,11,11,0,0,0,0,0,0,11 small/tall portrait(s) as plain markdown → render tiny & left-flush (portrait-standard violation); position-correctness: not verifiable (WordPress source CDN offline)
https://www.beauticate.com/interviews/founders/sharon-lee-the-a-lists-brow-expert-on-the-importance-of-lifes-curveballs/,content/interviews/founders/sharon-lee-the-a-lists-brow-expert-on-the-importance-of-lifes-curveballs/sharon-lee-the-a-lists-brow-expert-on-the-importance-of-lifes-curveballs.mdx,interviews,2020-11-02,True,correct,clean,11,0,0,0,0,0,0,0,0,0,position-correctness: not verifiable (WordPress source CDN offline)
https://www.beauticate.com/interviews/founders/shelley-barrett-entrepreneur-3/,content/interviews/founders/shelley-barrett-entrepreneur-3/shelley-barrett-entrepreneur-3.mdx,interviews,2015-10-13,True,correct,clean,16,0,0,0,0,0,0,0,0,0,position-correctness: not verifiable (WordPress source CDN offline)
https://www.beauticate.com/interviews/founders/snezana-markoski-and-sam-wood-tv-personalities/,content/interviews/founders/snezana-markoski-and-sam-wood-tv-personalities/snezana-markoski-and-sam-wood-tv-personalities.mdx,interviews,2017-10-05,True,broken,portrait-render,10,0,2,2,8,0,0,0,0,0,2 small/tall portrait(s) as plain markdown → render tiny & left-flush (portrait-standard violation); 8 portrait(s) inside consecutive-image grid (cover-cropped gallery); position-correctness: not verifiable (WordPress source CDN offline)
https://www.beauticate.com/interviews/founders/start-a-skincare-business-with-lindy-klim/,content/interviews/founders/start-a-skincare-business-with-lindy-klim/start-a-skincare-business-with-lindy-klim.mdx,interviews,2014-03-13,True,correct,clean,3,0,0,0,3,0,0,0,0,0,3 portrait(s) inside consecutive-image grid (cover-cropped gallery); position-correctness: not verifiable (WordPress source CDN offline)
https://www.beauticate.com/interviews/founders/steffanie-ball-the-interiors-guru-with-the-most-beautiful-neutral-home/,content/interviews/founders/steffanie-ball-the-interiors-guru-with-the-most-beautiful-neutral-home/steffanie-ball-the-interiors-guru-with-the-most-beautiful-neutral-home.mdx,interviews,2024-07-16,True,broken,portrait-render,18,0,3,3,11,3,0,0,0,0,3 small/tall portrait(s) as plain markdown → render tiny & left-flush (portrait-standard violation); 11 portrait(s) inside consecutive-image grid (cover-cropped gallery); 3 landscape plain-md image(s) → fill body measure (acceptable); position-correctness: not verifiable (WordPress source CDN offline)
https://www.beauticate.com/interviews/founders/susan-yara-reinvention-podcast/,content/interviews/founders/susan-yara-reinvention-podcast/susan-yara-reinvention-podcast.mdx,interviews,2026-04-16,True,correct,clean,8,0,0,0,3,1,0,0,0,0,3 portrait(s) inside consecutive-image grid (cover-cropped gallery); 1 landscape plain-md image(s) → fill body measure (acceptable); position-correctness: not verifiable (WordPress source CDN offline)
https://www.beauticate.com/interviews/founders/tash-sefton-fashion-entrepreneur/,content/interviews/founders/tash-sefton-fashion-entrepreneur/tash-sefton-fashion-entrepreneur.mdx,interviews,2016-06-09,True,broken,portrait-render,13,0,13,13,0,0,0,0,0,0,13 small/tall portrait(s) as plain markdown → render tiny & left-flush (portrait-standard violation); position-correctness: not verifiable (WordPress source CDN offline)
https://www.beauticate.com/interviews/founders/teresa-cutter-chef-and-nutritionist-1/,content/interviews/founders/teresa-cutter-chef-and-nutritionist-1/teresa-cutter-chef-and-nutritionist-1.mdx,interviews,2015-11-24,True,broken,portrait-render,16,0,15,15,0,1,0,0,0,0,15 small/tall portrait(s) as plain markdown → render tiny & left-flush (portrait-standard violation); 1 landscape plain-md image(s) → fill body measure (acceptable); position-correctness: not verifiable (WordPress source CDN offline)
https://www.beauticate.com/interviews/founders/terry-de-gunzberg/,content/interviews/founders/terry-de-gunzberg/terry-de-gunzberg.mdx,interviews,2015-11-17,True,broken,portrait-render,10,0,8,8,2,0,0,0,0,0,8 small/tall portrait(s) as plain markdown → render tiny & left-flush (portrait-standard violation); 2 portrait(s) inside consecutive-image grid (cover-cropped gallery); position-correctness: not verifiable (WordPress source CDN offline)
https://www.beauticate.com/interviews/founders/the-exact-products-melanie-grant-uses-to-look-flawless/,content/interviews/founders/the-exact-products-melanie-grant-uses-to-look-flawless/the-exact-products-melanie-grant-uses-to-look-flawless.mdx,interviews,2024-05-06,True,broken,portrait-render,9,0,8,8,0,1,0,0,0,0,8 small/tall portrait(s) as plain markdown → render tiny & left-flush (portrait-standard violation); 1 landscape plain-md image(s) → fill body measure (acceptable); position-correctness: not verifiable (WordPress source CDN offline)
https://www.beauticate.com/interviews/founders/the-glamorous-cosmetic-injector-youll-want-to-fly-to-perth-to-see/,content/interviews/founders/the-glamorous-cosmetic-injector-youll-want-to-fly-to-perth-to-see/the-glamorous-cosmetic-injector-youll-want-to-fly-to-perth-to-see.mdx,interviews,2020-07-01,True,correct,clean,23,0,0,0,0,0,0,0,0,0,position-correctness: not verifiable (WordPress source CDN offline)
https://www.beauticate.com/interviews/founders/the-twenty-something-entrepreneur-causing-mass-supermarket-sellouts/,content/interviews/founders/the-twenty-something-entrepreneur-causing-mass-supermarket-sellouts/the-twenty-something-entrepreneur-causing-mass-supermarket-sellouts.mdx,interviews,2020-09-02,True,correct,clean,14,0,0,0,0,0,0,0,0,0,position-correctness: not verifiable (WordPress source CDN offline)
https://www.beauticate.com/interviews/founders/trinny-schooled-me-in-cleansing/,content/interviews/founders/trinny-schooled-me-in-cleansing/trinny-schooled-me-in-cleansing.mdx,interviews,2022-11-02,True,broken,portrait-render,10,0,9,9,0,1,0,0,0,0,9 small/tall portrait(s) as plain markdown → render tiny & left-flush (portrait-standard violation); 1 landscape plain-md image(s) → fill body measure (acceptable); position-correctness: not verifiable (WordPress source CDN offline)
https://www.beauticate.com/interviews/founders/trinny-woodall-podcast/,content/interviews/founders/trinny-woodall-podcast/trinny-woodall-podcast.mdx,interviews,2026-04-30,True,correct,clean,7,0,0,0,3,1,0,0,0,0,3 portrait(s) inside consecutive-image grid (cover-cropped gallery); 1 landscape plain-md image(s) → fill body measure (acceptable); position-correctness: not verifiable (WordPress source CDN offline)
https://www.beauticate.com/interviews/founders/trinny-woodall-shares-the-most-important-thing-about-ageing/,content/interviews/founders/trinny-woodall-shares-the-most-important-thing-about-ageing/trinny-woodall-shares-the-most-important-thing-about-ageing.mdx,interviews,2020-07-15,True,correct,clean,18,0,0,0,0,0,0,0,0,0,position-correctness: not verifiable (WordPress source CDN offline)
https://www.beauticate.com/interviews/founders/valentina-ferrer-the-powerhouse-influencer-turned-wellness-entrepreneur/,content/interviews/founders/valentina-ferrer-the-powerhouse-influencer-turned-wellness-entrepreneur/valentina-ferrer-the-powerhouse-influencer-turned-wellness-entrepreneur.mdx,interviews,2024-04-23,True,broken,portrait-render,10,0,7,6,1,1,0,0,0,0,6 small/tall portrait(s) as plain markdown → render tiny & left-flush (portrait-standard violation); 1 portrait(s) inside consecutive-image grid (cover-cropped gallery); 1 landscape plain-md image(s) → fill body measure (acceptable); position-correctness: not verifiable (WordPress source CDN offline)
https://www.beauticate.com/interviews/founders/why-you-should-copy-jessica-sepels-sloth-sundays-in-2020-2/,content/interviews/founders/why-you-should-copy-jessica-sepels-sloth-sundays-in-2020-2/why-you-should-copy-jessica-sepels-sloth-sundays-in-2020-2.mdx,interviews,2020-01-29,True,broken,portrait-render,8,0,8,8,0,0,0,0,0,0,8 small/tall portrait(s) as plain markdown → render tiny & left-flush (portrait-standard violation); position-correctness: not verifiable (WordPress source CDN offline)
https://www.beauticate.com/interviews/models/abigail-oneill-model-and-author/,content/interviews/models/abigail-oneill-model-and-author/abigail-oneill-model-and-author.mdx,interviews,2014-08-07,True,broken,portrait-render,9,0,9,9,0,0,0,0,0,0,9 small/tall portrait(s) as plain markdown → render tiny & left-flush (portrait-standard violation); position-correctness: not verifiable (WordPress source CDN offline)
https://www.beauticate.com/interviews/models/amalie-gassmann-model/,content/interviews/models/amalie-gassmann-model/amalie-gassmann-model.mdx,interviews,2015-04-16,True,correct,clean,8,0,0,0,0,8,0,0,0,0,8 landscape plain-md image(s) → fill body measure (acceptable); position-correctness: not verifiable (WordPress source CDN offline)
https://www.beauticate.com/interviews/models/anja-rubik-model/,content/interviews/models/anja-rubik-model/anja-rubik-model.mdx,interviews,2014-07-10,True,correct,clean,8,0,0,0,0,8,0,0,0,0,8 landscape plain-md image(s) → fill body measure (acceptable); position-correctness: not verifiable (WordPress source CDN offline)
https://www.beauticate.com/interviews/models/arizona-muse-the-supermodel-and-eco-activists-on-everyday-ways-to-be-more-sustainable/,content/interviews/models/arizona-muse-the-supermodel-and-eco-activists-on-everyday-ways-to-be-more-sustainable/arizona-muse-the-supermodel-and-eco-activists-on-everyday-ways-to-be-more-sustainable.mdx,interviews,2021-03-02,True,broken,portrait-render,6,0,5,5,0,1,0,0,0,0,5 small/tall portrait(s) as plain markdown → render tiny & left-flush (portrait-standard violation); 1 landscape plain-md image(s) → fill body measure (acceptable); position-correctness: not verifiable (WordPress source CDN offline)
https://www.beauticate.com/interviews/models/ashley-hart-model-and-yogi/,content/interviews/models/ashley-hart-model-and-yogi/ashley-hart-model-and-yogi.mdx,interviews,2015-11-12,True,correct,clean,12,0,0,0,0,1,0,0,0,0,1 landscape plain-md image(s) → fill body measure (acceptable); position-correctness: not verifiable (WordPress source CDN offline)
https://www.beauticate.com/interviews/models/bambi-northwood-blyth-model/,content/interviews/models/bambi-northwood-blyth-model/bambi-northwood-blyth-model.mdx,interviews,2016-11-10,True,broken,portrait-render,11,0,9,9,2,0,0,0,0,0,9 small/tall portrait(s) as plain markdown → render tiny & left-flush (portrait-standard violation); 2 portrait(s) inside consecutive-image grid (cover-cropped gallery); position-correctness: not verifiable (WordPress source CDN offline)
https://www.beauticate.com/interviews/models/candice-lake-photographer-blogger-model/,content/interviews/models/candice-lake-photographer-blogger-model/candice-lake-photographer-blogger-model.mdx,interviews,2018-05-17,True,broken,portrait-render,15,0,1,1,0,14,0,0,0,0,1 small/tall portrait(s) as plain markdown → render tiny & left-flush (portrait-standard violation); 14 landscape plain-md image(s) → fill body measure (acceptable); position-correctness: not verifiable (WordPress source CDN offline)
https://www.beauticate.com/interviews/models/clementine-mcveigh-model/,content/interviews/models/clementine-mcveigh-model/clementine-mcveigh-model.mdx,interviews,2019-04-03,True,correct,clean,11,0,0,0,0,0,0,0,0,0,position-correctness: not verifiable (WordPress source CDN offline)
https://www.beauticate.com/interviews/models/coco-rocha-model/,content/interviews/models/coco-rocha-model/coco-rocha-model.mdx,interviews,2015-10-15,True,correct,clean,8,0,0,0,2,6,0,0,0,0,2 portrait(s) inside consecutive-image grid (cover-cropped gallery); 6 landscape plain-md image(s) → fill body measure (acceptable); position-correctness: not verifiable (WordPress source CDN offline)
https://www.beauticate.com/interviews/models/elyse-knowles-model/,content/interviews/models/elyse-knowles-model/elyse-knowles-model.mdx,interviews,2016-03-24,True,broken,portrait-render,14,0,14,14,0,0,0,0,0,0,14 small/tall portrait(s) as plain markdown → render tiny & left-flush (portrait-standard violation); position-correctness: not verifiable (WordPress source CDN offline)
https://www.beauticate.com/interviews/models/elyse-taylor-model/,content/interviews/models/elyse-taylor-model/elyse-taylor-model.mdx,interviews,2015-06-25,True,broken,portrait-render,8,0,2,2,2,4,0,0,0,0,2 small/tall portrait(s) as plain markdown → render tiny & left-flush (portrait-standard violation); 2 portrait(s) inside consecutive-image grid (cover-cropped gallery); 4 landscape plain-md image(s) → fill body measure (acceptable); position-correctness: not verifiable (WordPress source CDN offline)
https://www.beauticate.com/interviews/models/erin-holland-model/,content/interviews/models/erin-holland-model/erin-holland-model.mdx,interviews,2019-02-21,True,correct,clean,12,0,0,0,0,0,0,0,0,0,position-correctness: not verifiable (WordPress source CDN offline)
https://www.beauticate.com/interviews/models/grace-elizabeth-model/,content/interviews/models/grace-elizabeth-model/grace-elizabeth-model.mdx,interviews,2018-12-06,True,correct,clean,7,0,0,0,0,7,0,0,0,0,7 landscape plain-md image(s) → fill body measure (acceptable); position-correctness: not verifiable (WordPress source CDN offline)
https://www.beauticate.com/interviews/models/hailey-bieber-model/,content/interviews/models/hailey-bieber-model/hailey-bieber-model.mdx,interviews,2017-01-19,True,broken,portrait-render,12,0,12,12,0,0,0,0,0,0,12 small/tall portrait(s) as plain markdown → render tiny & left-flush (portrait-standard violation); position-correctness: not verifiable (WordPress source CDN offline)
https://www.beauticate.com/interviews/models/helena-christensen-model-and-photographer/,content/interviews/models/helena-christensen-model-and-photographer/helena-christensen-model-and-photographer.mdx,interviews,2017-10-19,True,broken,portrait-render,8,0,1,1,2,5,0,0,0,0,1 small/tall portrait(s) as plain markdown → render tiny & left-flush (portrait-standard violation); 2 portrait(s) inside consecutive-image grid (cover-cropped gallery); 5 landscape plain-md image(s) → fill body measure (acceptable); position-correctness: not verifiable (WordPress source CDN offline)
https://www.beauticate.com/interviews/models/helena-vestergaard-on-modelling-and-mental-health/,content/interviews/models/helena-vestergaard-on-modelling-and-mental-health/helena-vestergaard-on-modelling-and-mental-health.mdx,interviews,2023-03-01,True,correct,clean,14,0,0,0,0,0,0,0,0,0,position-correctness: not verifiable (WordPress source CDN offline)
https://www.beauticate.com/interviews/models/iris-mittenaere-model-and-miss-universe-france/,content/interviews/models/iris-mittenaere-model-and-miss-universe-france/iris-mittenaere-model-and-miss-universe-france.mdx,interviews,2017-11-30,True,broken,portrait-render,8,0,4,4,0,4,0,0,0,0,4 small/tall portrait(s) as plain markdown → render tiny & left-flush (portrait-standard violation); 4 landscape plain-md image(s) → fill body measure (acceptable); position-correctness: not verifiable (WordPress source CDN offline)
https://www.beauticate.com/interviews/models/jane-birkin-beauty-icon/,content/interviews/models/jane-birkin-beauty-icon/jane-birkin-beauty-icon.mdx,interviews,2018-12-13,True,broken,portrait-render,5,0,5,5,0,0,0,0,0,0,5 small/tall portrait(s) as plain markdown → render tiny & left-flush (portrait-standard violation); position-correctness: not verifiable (WordPress source CDN offline)
https://www.beauticate.com/interviews/models/jennifer-hawkins-model-and-entrepreneur/,content/interviews/models/jennifer-hawkins-model-and-entrepreneur/jennifer-hawkins-model-and-entrepreneur.mdx,interviews,2016-01-21,True,correct,clean,11,0,0,0,0,0,0,0,0,0,position-correctness: not verifiable (WordPress source CDN offline)
https://www.beauticate.com/interviews/models/jesinta-campbell-model-and-ambassador/,content/interviews/models/jesinta-campbell-model-and-ambassador/jesinta-campbell-model-and-ambassador.mdx,interviews,2017-05-25,True,correct,clean,12,0,0,0,0,0,0,0,0,0,position-correctness: not verifiable (WordPress source CDN offline)
https://www.beauticate.com/interviews/models/jess-hart-model-entrepreneur/,content/interviews/models/jess-hart-model-entrepreneur/jess-hart-model-entrepreneur.mdx,interviews,2014-12-25,True,broken,portrait-render,8,0,4,4,0,4,0,0,0,0,4 small/tall portrait(s) as plain markdown → render tiny & left-flush (portrait-standard violation); 4 landscape plain-md image(s) → fill body measure (acceptable); position-correctness: not verifiable (WordPress source CDN offline)
https://www.beauticate.com/interviews/models/jessica-gomes-model/,content/interviews/models/jessica-gomes-model/jessica-gomes-model.mdx,interviews,2014-09-25,True,broken,portrait-render,8,0,2,2,0,6,0,0,0,0,2 small/tall portrait(s) as plain markdown → render tiny & left-flush (portrait-standard violation); 6 landscape plain-md image(s) → fill body measure (acceptable); position-correctness: not verifiable (WordPress source CDN offline)
https://www.beauticate.com/interviews/models/kate-peck/,content/interviews/models/kate-peck/kate-peck.mdx,interviews,2014-01-11,True,broken,portrait-render,9,0,6,6,0,0,0,0,0,0,6 small/tall portrait(s) as plain markdown → render tiny & left-flush (portrait-standard violation); position-correctness: not verifiable (WordPress source CDN offline)
https://www.beauticate.com/interviews/models/lara-bingle/,content/interviews/models/lara-bingle/lara-bingle.mdx,interviews,2014-11-20,True,broken,portrait-render,17,0,17,17,0,0,0,0,0,0,17 small/tall portrait(s) as plain markdown → render tiny & left-flush (portrait-standard violation); position-correctness: not verifiable (WordPress source CDN offline)
https://www.beauticate.com/interviews/models/lindy-klim/,content/interviews/models/lindy-klim/lindy-klim.mdx,interviews,2014-03-12,True,correct,clean,8,0,0,0,0,8,0,0,0,0,8 landscape plain-md image(s) → fill body measure (acceptable); position-correctness: not verifiable (WordPress source CDN offline)
https://www.beauticate.com/interviews/models/lucinda-taffs-model/,content/interviews/models/lucinda-taffs-model/lucinda-taffs-model.mdx,interviews,2018-11-01,True,correct,clean,10,0,0,0,0,0,0,0,0,0,position-correctness: not verifiable (WordPress source CDN offline)
https://www.beauticate.com/interviews/models/matilda-dods-model/,content/interviews/models/matilda-dods-model/matilda-dods-model.mdx,interviews,2014-09-11,True,broken,portrait-render,8,0,6,6,0,2,0,0,0,0,6 small/tall portrait(s) as plain markdown → render tiny & left-flush (portrait-standard violation); 2 landscape plain-md image(s) → fill body measure (acceptable); position-correctness: not verifiable (WordPress source CDN offline)
https://www.beauticate.com/interviews/models/megan-blake-irwin-the-aussie-model-living-her-best-la-life/,content/interviews/models/megan-blake-irwin-the-aussie-model-living-her-best-la-life/megan-blake-irwin-the-aussie-model-living-her-best-la-life.mdx,interviews,2022-05-25,True,correct,clean,16,0,0,0,0,0,0,0,0,0,position-correctness: not verifiable (WordPress source CDN offline)
https://www.beauticate.com/interviews/models/megan-gale-model-entrepreneur/,content/interviews/models/megan-gale-model-entrepreneur/megan-gale-model-entrepreneur.mdx,interviews,2019-07-10,True,correct,clean,15,0,0,0,0,0,0,0,0,0,position-correctness: not verifiable (WordPress source CDN offline)
https://www.beauticate.com/interviews/models/miranda-kerr-model/,content/interviews/models/miranda-kerr-model/miranda-kerr-model.mdx,interviews,2015-10-22,True,broken,portrait-render,25,0,15,15,0,10,0,0,0,0,15 small/tall portrait(s) as plain markdown → render tiny & left-flush (portrait-standard violation); 10 landscape plain-md image(s) → fill body measure (acceptable); position-correctness: not verifiable (WordPress source CDN offline)
https://www.beauticate.com/interviews/models/miranda-kerr-on-faith-family-and-that-first-date/,content/interviews/models/miranda-kerr-on-faith-family-and-that-first-date/miranda-kerr-on-faith-family-and-that-first-date.mdx,interviews,2025-03-12,True,correct,clean,3,0,0,0,0,3,0,0,0,0,3 landscape plain-md image(s) → fill body measure (acceptable); position-correctness: not verifiable (WordPress source CDN offline)
https://www.beauticate.com/interviews/models/miranda-kerr/,content/interviews/models/miranda-kerr/miranda-kerr.mdx,interviews,2020-05-19,True,correct,clean,33,0,0,0,0,0,0,0,0,0,position-correctness: not verifiable (WordPress source CDN offline)
https://www.beauticate.com/interviews/models/monika-radulovic-model/,content/interviews/models/monika-radulovic-model/monika-radulovic-model.mdx,interviews,2019-01-10,True,correct,clean,14,0,0,0,0,0,0,0,0,0,position-correctness: not verifiable (WordPress source CDN offline)
https://www.beauticate.com/interviews/models/montana-cox-model/,content/interviews/models/montana-cox-model/montana-cox-model.mdx,interviews,2014-10-09,True,broken,portrait-render,9,0,9,9,0,0,0,0,0,0,9 small/tall portrait(s) as plain markdown → render tiny & left-flush (portrait-standard violation); position-correctness: not verifiable (WordPress source CDN offline)
https://www.beauticate.com/interviews/models/rebecca-burrow-entrepreneur-and-model/,content/interviews/models/rebecca-burrow-entrepreneur-and-model/rebecca-burrow-entrepreneur-and-model.mdx,interviews,2019-02-14,True,correct,clean,12,0,0,0,0,0,0,0,0,0,position-correctness: not verifiable (WordPress source CDN offline)
https://www.beauticate.com/interviews/models/rebecca-harding-model/,content/interviews/models/rebecca-harding-model/rebecca-harding-model.mdx,interviews,2018-03-15,True,broken,portrait-render,13,0,1,1,12,0,0,0,0,0,1 small/tall portrait(s) as plain markdown → render tiny & left-flush (portrait-standard violation); 12 portrait(s) inside consecutive-image grid (cover-cropped gallery); position-correctness: not verifiable (WordPress source CDN offline)
https://www.beauticate.com/interviews/models/robyn-lawley-model/,content/interviews/models/robyn-lawley-model/robyn-lawley-model.mdx,interviews,2014-11-06,True,broken,portrait-render,6,0,4,4,2,0,0,0,0,0,4 small/tall portrait(s) as plain markdown → render tiny & left-flush (portrait-standard violation); 2 portrait(s) inside consecutive-image grid (cover-cropped gallery); position-correctness: not verifiable (WordPress source CDN offline)
https://www.beauticate.com/interviews/models/rosie-huntington-whiteley-model/,content/interviews/models/rosie-huntington-whiteley-model/rosie-huntington-whiteley-model.mdx,interviews,2014-10-02,True,broken,portrait-render,11,0,11,11,0,0,0,0,0,0,11 small/tall portrait(s) as plain markdown → render tiny & left-flush (portrait-standard violation); position-correctness: not verifiable (WordPress source CDN offline)
https://www.beauticate.com/interviews/models/ruby-rose/,content/interviews/models/ruby-rose/ruby-rose.mdx,interviews,2014-06-05,True,broken,portrait-render,6,0,6,6,0,0,0,0,0,0,6 small/tall portrait(s) as plain markdown → render tiny & left-flush (portrait-standard violation); position-correctness: not verifiable (WordPress source CDN offline)
https://www.beauticate.com/interviews/models/samantha-harris-is-celebrating-the-freedom-shes-finding-in-her-thirties/,content/interviews/models/samantha-harris-is-celebrating-the-freedom-shes-finding-in-her-thirties/samantha-harris-is-celebrating-the-freedom-shes-finding-in-her-thirties.mdx,interviews,2022-02-23,True,correct,clean,19,0,0,0,0,0,0,0,0,0,position-correctness: not verifiable (WordPress source CDN offline)
https://www.beauticate.com/interviews/models/samantha-harris-model/,content/interviews/models/samantha-harris-model/samantha-harris-model.mdx,interviews,2014-06-19,True,correct,clean,8,0,0,0,0,4,0,0,0,0,4 landscape plain-md image(s) → fill body measure (acceptable); position-correctness: not verifiable (WordPress source CDN offline)
https://www.beauticate.com/interviews/models/tahnee-atkinson-model/,content/interviews/models/tahnee-atkinson-model/tahnee-atkinson-model.mdx,interviews,2017-10-26,True,correct,clean,9,0,0,0,0,0,0,0,0,0,position-correctness: not verifiable (WordPress source CDN offline)
https://www.beauticate.com/interviews/models/the-top-model-using-her-platform-to-promote-body-positivity-and-eco-awareness/,content/interviews/models/the-top-model-using-her-platform-to-promote-body-positivity-and-eco-awareness/the-top-model-using-her-platform-to-promote-body-positivity-and-eco-awareness.mdx,interviews,2020-07-08,True,correct,clean,21,0,0,0,0,0,0,0,0,0,position-correctness: not verifiable (WordPress source CDN offline)
https://www.beauticate.com/interviews/models/video-whats-in-megan-gales-bag/,content/interviews/models/video-whats-in-megan-gales-bag/video-whats-in-megan-gales-bag.mdx,interviews,2019-06-05,True,broken,portrait-render,7,0,1,1,6,0,0,0,0,0,1 small/tall portrait(s) as plain markdown → render tiny & left-flush (portrait-standard violation); 6 portrait(s) inside consecutive-image grid (cover-cropped gallery); position-correctness: not verifiable (WordPress source CDN offline)
https://www.beauticate.com/interviews/models/video-whats-inside-miranda-kerrs-handbag/,content/interviews/models/video-whats-inside-miranda-kerrs-handbag/video-whats-inside-miranda-kerrs-handbag.mdx,interviews,2016-08-04,True,correct,clean,8,0,0,0,0,0,0,0,0,0,position-correctness: not verifiable (WordPress source CDN offline)
https://www.beauticate.com/interviews/models/who-cheyenne-tozzi/,content/interviews/models/who-cheyenne-tozzi/who-cheyenne-tozzi.mdx,interviews,2014-11-27,True,correct,clean,8,0,0,0,0,6,0,0,0,0,6 landscape plain-md image(s) → fill body measure (acceptable); position-correctness: not verifiable (WordPress source CDN offline)
https://www.beauticate.com/interviews/models/who-emily-green-model/,content/interviews/models/who-emily-green-model/who-emily-green-model.mdx,interviews,2014-03-27,True,broken,portrait-render,8,0,2,2,0,6,0,0,0,0,2 small/tall portrait(s) as plain markdown → render tiny & left-flush (portrait-standard violation); 6 landscape plain-md image(s) → fill body measure (acceptable); position-correctness: not verifiable (WordPress source CDN offline)
https://www.beauticate.com/interviews/models/why-this-model-mum-of-two-doesnt-own-a-hair-dryer/,content/interviews/models/why-this-model-mum-of-two-doesnt-own-a-hair-dryer/why-this-model-mum-of-two-doesnt-own-a-hair-dryer.mdx,interviews,2020-03-24,True,correct,clean,22,0,0,0,0,0,0,0,0,0,position-correctness: not verifiable (WordPress source CDN offline)
https://www.beauticate.com/interviews/models/zippora-seven-model/,content/interviews/models/zippora-seven-model/zippora-seven-model.mdx,interviews,2015-06-18,True,broken,portrait-render,21,0,10,10,0,11,0,0,0,0,10 small/tall portrait(s) as plain markdown → render tiny & left-flush (portrait-standard violation); 11 landscape plain-md image(s) → fill body measure (acceptable); position-correctness: not verifiable (WordPress source CDN offline)
https://www.beauticate.com/interviews/tastemakers/aminata-conteh-biger-the-activist-on-how-to-dial-up-the-joy-in-your-life/,content/interviews/tastemakers/aminata-conteh-biger-the-activist-on-how-to-dial-up-the-joy-in-your-life/aminata-conteh-biger-the-activist-on-how-to-dial-up-the-joy-in-your-life.mdx,interviews,2020-12-08,True,broken,portrait-render,21,0,1,1,4,7,0,0,0,0,1 small/tall portrait(s) as plain markdown → render tiny & left-flush (portrait-standard violation); 4 portrait(s) inside consecutive-image grid (cover-cropped gallery); 7 landscape plain-md image(s) → fill body measure (acceptable); position-correctness: not verifiable (WordPress source CDN offline)
https://www.beauticate.com/interviews/tastemakers/bachelorette-brooke-blurton-on-choosing-real-life-over-picture-perfect/,content/interviews/tastemakers/bachelorette-brooke-blurton-on-choosing-real-life-over-picture-perfect/bachelorette-brooke-blurton-on-choosing-real-life-over-picture-perfect.mdx,interviews,2022-06-08,True,broken,portrait-render,16,0,10,10,2,4,0,0,0,0,10 small/tall portrait(s) as plain markdown → render tiny & left-flush (portrait-standard violation); 2 portrait(s) inside consecutive-image grid (cover-cropped gallery); 4 landscape plain-md image(s) → fill body measure (acceptable); position-correctness: not verifiable (WordPress source CDN offline)
https://www.beauticate.com/interviews/tastemakers/beauty-essentials-mastering-sofia-richies-signature-style-the-ultimate-guide-to-iconic-fashion-and-looks/,content/interviews/tastemakers/beauty-essentials-mastering-sofia-richies-signature-style-the-ultimate-guide-to-iconic-fashion-and-looks/beauty-essentials-mastering-sofia-richies-signature-style-the-ultimate-guide-to-iconic-fashion-and-looks.mdx,interviews,2023-11-13,True,broken,portrait-render,14,0,12,12,2,0,0,0,0,0,12 small/tall portrait(s) as plain markdown → render tiny & left-flush (portrait-standard violation); 2 portrait(s) inside consecutive-image grid (cover-cropped gallery); position-correctness: not verifiable (WordPress source CDN offline)
https://www.beauticate.com/interviews/tastemakers/bianca-cheah/,content/interviews/tastemakers/bianca-cheah/bianca-cheah.mdx,interviews,2013-12-18,True,broken,portrait-render,9,0,9,9,0,0,0,0,0,0,9 small/tall portrait(s) as plain markdown → render tiny & left-flush (portrait-standard violation); position-correctness: not verifiable (WordPress source CDN offline)
https://www.beauticate.com/interviews/tastemakers/bip-ling-fashion-blogger/,content/interviews/tastemakers/bip-ling-fashion-blogger/bip-ling-fashion-blogger.mdx,interviews,2015-01-01,True,broken,portrait-render,8,0,2,2,0,6,0,0,0,0,2 small/tall portrait(s) as plain markdown → render tiny & left-flush (portrait-standard violation); 6 landscape plain-md image(s) → fill body measure (acceptable); position-correctness: not verifiable (WordPress source CDN offline)
https://www.beauticate.com/interviews/tastemakers/carin-olsson-blogger/,content/interviews/tastemakers/carin-olsson-blogger/carin-olsson-blogger.mdx,interviews,2016-07-06,True,correct,clean,8,0,0,0,0,8,0,0,0,0,8 landscape plain-md image(s) → fill body measure (acceptable); position-correctness: not verifiable (WordPress source CDN offline)
https://www.beauticate.com/interviews/tastemakers/connie-cao-fashion-lifestyle-blogger/,content/interviews/tastemakers/connie-cao-fashion-lifestyle-blogger/connie-cao-fashion-lifestyle-blogger.mdx,interviews,2015-08-04,True,broken,portrait-render,9,0,9,9,0,0,0,0,0,0,9 small/tall portrait(s) as plain markdown → render tiny & left-flush (portrait-standard violation); position-correctness: not verifiable (WordPress source CDN offline)
https://www.beauticate.com/interviews/tastemakers/felicia-oreb-and-diana-johnson-personal-trainers/,content/interviews/tastemakers/felicia-oreb-and-diana-johnson-personal-trainers/felicia-oreb-and-diana-johnson-personal-trainers.mdx,interviews,2014-05-22,True,broken,portrait-render,8,0,4,4,4,0,0,0,0,0,4 small/tall portrait(s) as plain markdown → render tiny & left-flush (portrait-standard violation); 4 portrait(s) inside consecutive-image grid (cover-cropped gallery); position-correctness: not verifiable (WordPress source CDN offline)
https://www.beauticate.com/interviews/tastemakers/hannah-english-shares-the-exact-products-she-uses-to-get-that-glow/,content/interviews/tastemakers/hannah-english-shares-the-exact-products-she-uses-to-get-that-glow/hannah-english-shares-the-exact-products-she-uses-to-get-that-glow.mdx,interviews,2022-02-16,True,broken,portrait-render,13,0,13,13,0,0,0,0,0,0,13 small/tall portrait(s) as plain markdown → render tiny & left-flush (portrait-standard violation); position-correctness: not verifiable (WordPress source CDN offline)
https://www.beauticate.com/interviews/tastemakers/hannah-english-the-scientist-and-skinfluencer-encouraging-self-awareness-and-self-acceptance/,content/interviews/tastemakers/hannah-english-the-scientist-and-skinfluencer-encouraging-self-awareness-and-self-acceptance/hannah-english-the-scientist-and-skinfluencer-encouraging-self-awareness-and-self-acceptance.mdx,interviews,2021-11-09,True,broken,portrait-render,13,0,13,13,0,0,0,0,0,0,13 small/tall portrait(s) as plain markdown → render tiny & left-flush (portrait-standard violation); position-correctness: not verifiable (WordPress source CDN offline)
https://www.beauticate.com/interviews/tastemakers/hermione-underwood-publicist-and-travel-blogger/,content/interviews/tastemakers/hermione-underwood-publicist-and-travel-blogger/hermione-underwood-publicist-and-travel-blogger.mdx,interviews,2015-04-02,True,broken,portrait-render,10,0,10,10,0,0,0,0,0,0,10 small/tall portrait(s) as plain markdown → render tiny & left-flush (portrait-standard violation); position-correctness: not verifiable (WordPress source CDN offline)
https://www.beauticate.com/interviews/tastemakers/how-fashionista-rozalia-russian-learned-to-be-gentler-with-herself/,content/interviews/tastemakers/how-fashionista-rozalia-russian-learned-to-be-gentler-with-herself/how-fashionista-rozalia-russian-learned-to-be-gentler-with-herself.mdx,interviews,2022-05-04,True,broken,portrait-render,18,0,11,11,1,5,0,0,0,0,11 small/tall portrait(s) as plain markdown → render tiny & left-flush (portrait-standard violation); 1 portrait(s) inside consecutive-image grid (cover-cropped gallery); 5 landscape plain-md image(s) → fill body measure (acceptable); position-correctness: not verifiable (WordPress source CDN offline)
https://www.beauticate.com/interviews/tastemakers/jacqueline-kennedy-onassis-former-first-lady-and-beauty-icon/,content/interviews/tastemakers/jacqueline-kennedy-onassis-former-first-lady-and-beauty-icon/jacqueline-kennedy-onassis-former-first-lady-and-beauty-icon.mdx,interviews,2018-07-26,True,correct,clean,7,0,0,0,0,0,0,0,0,0,position-correctness: not verifiable (WordPress source CDN offline)
https://www.beauticate.com/interviews/tastemakers/jasmin-howell-blogger/,content/interviews/tastemakers/jasmin-howell-blogger/jasmin-howell-blogger.mdx,interviews,2015-08-11,True,broken,portrait-render,15,0,15,15,0,0,0,0,0,0,15 small/tall portrait(s) as plain markdown → render tiny & left-flush (portrait-standard violation); position-correctness: not verifiable (WordPress source CDN offline)
https://www.beauticate.com/interviews/tastemakers/jessi-and-millie-poutama-the-lgbtq-activist-couple-living-a-truly-sustainable-lifestyle/,content/interviews/tastemakers/jessi-and-millie-poutama-the-lgbtq-activist-couple-living-a-truly-sustainable-lifestyle/jessi-and-millie-poutama-the-lgbtq-activist-couple-living-a-truly-sustainable-lifestyle.mdx,interviews,2021-08-31,True,broken,portrait-render,19,0,13,13,0,6,0,0,0,0,13 small/tall portrait(s) as plain markdown → render tiny & left-flush (portrait-standard violation); 6 landscape plain-md image(s) → fill body measure (acceptable); position-correctness: not verifiable (WordPress source CDN offline)
https://www.beauticate.com/interviews/tastemakers/jessica-sepel-nutritionist-health-blogger/,content/interviews/tastemakers/jessica-sepel-nutritionist-health-blogger/jessica-sepel-nutritionist-health-blogger.mdx,interviews,2014-07-24,True,correct,clean,8,0,0,0,0,8,0,0,0,0,8 landscape plain-md image(s) → fill body measure (acceptable); position-correctness: not verifiable (WordPress source CDN offline)
https://www.beauticate.com/interviews/tastemakers/jules-sebastian-on-why-it-matters-to-make-sure-kids-and-grown-ups-are-having-fun/,content/interviews/tastemakers/jules-sebastian-on-why-it-matters-to-make-sure-kids-and-grown-ups-are-having-fun/jules-sebastian-on-why-it-matters-to-make-sure-kids-and-grown-ups-are-having-fun.mdx,interviews,2021-12-15,True,broken,portrait-render,19,0,10,9,3,5,0,0,0,0,9 small/tall portrait(s) as plain markdown → render tiny & left-flush (portrait-standard violation); 3 portrait(s) inside consecutive-image grid (cover-cropped gallery); 5 landscape plain-md image(s) → fill body measure (acceptable); position-correctness: not verifiable (WordPress source CDN offline)
https://www.beauticate.com/interviews/tastemakers/kate-waterhouse/,content/interviews/tastemakers/kate-waterhouse/kate-waterhouse.mdx,interviews,2014-01-12,True,broken,portrait-render,8,0,8,8,0,0,0,0,0,0,8 small/tall portrait(s) as plain markdown → render tiny & left-flush (portrait-standard violation); position-correctness: not verifiable (WordPress source CDN offline)
https://www.beauticate.com/interviews/tastemakers/kayla-itsines-fitness-entrepreneur/,content/interviews/tastemakers/kayla-itsines-fitness-entrepreneur/kayla-itsines-fitness-entrepreneur.mdx,interviews,2019-01-31,True,correct,clean,8,0,0,0,0,0,0,0,0,0,position-correctness: not verifiable (WordPress source CDN offline)
https://www.beauticate.com/interviews/tastemakers/laura-enever-pro-surfer/,content/interviews/tastemakers/laura-enever-pro-surfer/laura-enever-pro-surfer.mdx,interviews,2015-02-19,True,broken,portrait-render,10,0,10,10,0,0,0,0,0,0,10 small/tall portrait(s) as plain markdown → render tiny & left-flush (portrait-standard violation); position-correctness: not verifiable (WordPress source CDN offline)
https://www.beauticate.com/interviews/tastemakers/laura-enever-the-pro-surfer-putting-mental-health-ahead-of-championships/,content/interviews/tastemakers/laura-enever-the-pro-surfer-putting-mental-health-ahead-of-championships/laura-enever-the-pro-surfer-putting-mental-health-ahead-of-championships.mdx,interviews,2022-06-28,True,broken,portrait-render,19,0,8,7,4,5,0,0,0,0,7 small/tall portrait(s) as plain markdown → render tiny & left-flush (portrait-standard violation); 4 portrait(s) inside consecutive-image grid (cover-cropped gallery); 5 landscape plain-md image(s) → fill body measure (acceptable); position-correctness: not verifiable (WordPress source CDN offline)
https://www.beauticate.com/interviews/tastemakers/lauren-curtis-beauty-vlogger/,content/interviews/tastemakers/lauren-curtis-beauty-vlogger/lauren-curtis-beauty-vlogger.mdx,interviews,2014-03-19,True,broken,portrait-render,9,0,3,3,6,0,0,0,0,0,3 small/tall portrait(s) as plain markdown → render tiny & left-flush (portrait-standard violation); 6 portrait(s) inside consecutive-image grid (cover-cropped gallery); position-correctness: not verifiable (WordPress source CDN offline)
https://www.beauticate.com/interviews/tastemakers/lola-berry-nutritionist/,content/interviews/tastemakers/lola-berry-nutritionist/lola-berry-nutritionist.mdx,interviews,2018-02-08,True,broken,portrait-render,9,0,1,1,8,0,0,0,0,0,1 small/tall portrait(s) as plain markdown → render tiny & left-flush (portrait-standard violation); 8 portrait(s) inside consecutive-image grid (cover-cropped gallery); position-correctness: not verifiable (WordPress source CDN offline)
https://www.beauticate.com/interviews/tastemakers/margaret-zhang/,content/interviews/tastemakers/margaret-zhang/margaret-zhang.mdx,interviews,2014-01-11,True,broken,portrait-render,9,0,7,7,0,0,0,0,0,0,7 small/tall portrait(s) as plain markdown → render tiny & left-flush (portrait-standard violation); position-correctness: not verifiable (WordPress source CDN offline)
https://www.beauticate.com/interviews/tastemakers/maria-thattil-miss-universe-australia-on-the-importance-of-representation-and-great-mascara/,content/interviews/tastemakers/maria-thattil-miss-universe-australia-on-the-importance-of-representation-and-great-mascara/maria-thattil-miss-universe-australia-on-the-importance-of-representation-and-great-mascara.mdx,interviews,2021-04-13,True,broken,portrait-render,15,0,14,14,0,0,0,0,0,0,14 small/tall portrait(s) as plain markdown → render tiny & left-flush (portrait-standard violation); position-correctness: not verifiable (WordPress source CDN offline)
https://www.beauticate.com/interviews/tastemakers/nadia-bartel-style-blogger/,content/interviews/tastemakers/nadia-bartel-style-blogger/nadia-bartel-style-blogger.mdx,interviews,2014-12-04,True,correct,clean,8,0,0,0,0,8,0,0,0,0,8 landscape plain-md image(s) → fill body measure (acceptable); position-correctness: not verifiable (WordPress source CDN offline)
https://www.beauticate.com/interviews/tastemakers/nadia-fairfax-fashion-blogger/,content/interviews/tastemakers/nadia-fairfax-fashion-blogger/nadia-fairfax-fashion-blogger.mdx,interviews,2015-07-02,True,broken,portrait-render,10,0,10,10,0,0,0,0,0,0,10 small/tall portrait(s) as plain markdown → render tiny & left-flush (portrait-standard violation); position-correctness: not verifiable (WordPress source CDN offline)
https://www.beauticate.com/interviews/tastemakers/pia-muehlenbeck-vlogger/,content/interviews/tastemakers/pia-muehlenbeck-vlogger/pia-muehlenbeck-vlogger.mdx,interviews,2018-03-08,True,correct,clean,14,0,0,0,14,0,0,0,0,0,14 portrait(s) inside consecutive-image grid (cover-cropped gallery); position-correctness: not verifiable (WordPress source CDN offline)
https://www.beauticate.com/interviews/tastemakers/princess-diana/,content/interviews/tastemakers/princess-diana/princess-diana.mdx,interviews,2019-07-01,True,broken,portrait-render,18,0,2,2,13,2,0,0,0,0,2 small/tall portrait(s) as plain markdown → render tiny & left-flush (portrait-standard violation); 13 portrait(s) inside consecutive-image grid (cover-cropped gallery); 2 landscape plain-md image(s) → fill body measure (acceptable); position-correctness: not verifiable (WordPress source CDN offline)
https://www.beauticate.com/interviews/tastemakers/riley-minford-the-trans-model-owning-her-beauty/,content/interviews/tastemakers/riley-minford-the-trans-model-owning-her-beauty/riley-minford-the-trans-model-owning-her-beauty.mdx,interviews,2022-08-24,True,broken,portrait-render,18,0,4,4,3,10,0,0,0,0,4 small/tall portrait(s) as plain markdown → render tiny & left-flush (portrait-standard violation); 3 portrait(s) inside consecutive-image grid (cover-cropped gallery); 10 landscape plain-md image(s) → fill body measure (acceptable); position-correctness: not verifiable (WordPress source CDN offline)
https://www.beauticate.com/interviews/tastemakers/rojin-torabi-the-lawyer-and-beauty-skinfluencer/,content/interviews/tastemakers/rojin-torabi-the-lawyer-and-beauty-skinfluencer/rojin-torabi-the-lawyer-and-beauty-skinfluencer.mdx,interviews,2023-10-09,True,broken,portrait-render,17,0,8,8,0,4,0,0,0,0,8 small/tall portrait(s) as plain markdown → render tiny & left-flush (portrait-standard violation); 4 landscape plain-md image(s) → fill body measure (acceptable); position-correctness: not verifiable (WordPress source CDN offline)
https://www.beauticate.com/interviews/tastemakers/rozalia-russian-influencer/,content/interviews/tastemakers/rozalia-russian-influencer/rozalia-russian-influencer.mdx,interviews,2019-03-14,True,correct,clean,11,0,0,0,0,0,0,0,0,0,position-correctness: not verifiable (WordPress source CDN offline)
https://www.beauticate.com/interviews/tastemakers/samantha-nicola-chapman-beauty-vloggers-and-entrepreneurs/,content/interviews/tastemakers/samantha-nicola-chapman-beauty-vloggers-and-entrepreneurs/samantha-nicola-chapman-beauty-vloggers-and-entrepreneurs.mdx,interviews,2016-10-13,True,broken,portrait-render,8,0,1,1,0,7,0,0,0,0,1 small/tall portrait(s) as plain markdown → render tiny & left-flush (portrait-standard violation); 7 landscape plain-md image(s) → fill body measure (acceptable); position-correctness: not verifiable (WordPress source CDN offline)
https://www.beauticate.com/interviews/tastemakers/sari-ella-thaiday-the-indigenous-beauty-influencer-using-tiktok-for-good/,content/interviews/tastemakers/sari-ella-thaiday-the-indigenous-beauty-influencer-using-tiktok-for-good/sari-ella-thaiday-the-indigenous-beauty-influencer-using-tiktok-for-good.mdx,interviews,2021-11-02,True,broken,portrait-render,13,0,9,8,0,0,0,0,0,0,8 small/tall portrait(s) as plain markdown → render tiny & left-flush (portrait-standard violation); position-correctness: not verifiable (WordPress source CDN offline)
https://www.beauticate.com/interviews/tastemakers/stella-kim/,content/interviews/tastemakers/stella-kim/stella-kim.mdx,interviews,2019-11-20,True,correct,clean,12,0,0,0,0,0,0,0,0,0,position-correctness: not verifiable (WordPress source CDN offline)
https://www.beauticate.com/interviews/tastemakers/steph-claire-smith-and-laura-henshaw-influencers/,content/interviews/tastemakers/steph-claire-smith-and-laura-henshaw-influencers/steph-claire-smith-and-laura-henshaw-influencers.mdx,interviews,2017-09-21,True,broken,portrait-render,10,0,4,4,5,0,0,0,0,0,4 small/tall portrait(s) as plain markdown → render tiny & left-flush (portrait-standard violation); 5 portrait(s) inside consecutive-image grid (cover-cropped gallery); position-correctness: not verifiable (WordPress source CDN offline)
https://www.beauticate.com/interviews/tastemakers/storm-keating-blogger-and-designer/,content/interviews/tastemakers/storm-keating-blogger-and-designer/storm-keating-blogger-and-designer.mdx,interviews,2016-08-11,True,correct,clean,12,0,0,0,0,0,0,0,0,0,position-correctness: not verifiable (WordPress source CDN offline)
https://www.beauticate.com/interviews/tastemakers/tash-and-devin-a-bikini-a-day/,content/interviews/tastemakers/tash-and-devin-a-bikini-a-day/tash-and-devin-a-bikini-a-day.mdx,interviews,2015-04-23,True,broken,portrait-render,12,0,12,12,0,0,0,0,0,0,12 small/tall portrait(s) as plain markdown → render tiny & left-flush (portrait-standard violation); position-correctness: not verifiable (WordPress source CDN offline)
https://www.beauticate.com/interviews/tastemakers/the-feminine-feminist-heart-surgeon-who-empowers-women-and-stockpiles-lipstick/,content/interviews/tastemakers/the-feminine-feminist-heart-surgeon-who-empowers-women-and-stockpiles-lipstick/the-feminine-feminist-heart-surgeon-who-empowers-women-and-stockpiles-lipstick.mdx,interviews,2020-08-19,True,broken,portrait-render,15,0,3,3,0,12,0,0,0,0,3 small/tall portrait(s) as plain markdown → render tiny & left-flush (portrait-standard violation); 12 landscape plain-md image(s) → fill body measure (acceptable); position-correctness: not verifiable (WordPress source CDN offline)
https://www.beauticate.com/interviews/tastemakers/the-injectable-free-lip-cheat-that-fashion-influencer-pepa-mack-loves-2/,content/interviews/tastemakers/the-injectable-free-lip-cheat-that-fashion-influencer-pepa-mack-loves-2/the-injectable-free-lip-cheat-that-fashion-influencer-pepa-mack-loves-2.mdx,interviews,2020-01-14,True,broken,portrait-render,10,0,10,10,0,0,0,0,0,0,10 small/tall portrait(s) as plain markdown → render tiny & left-flush (portrait-standard violation); position-correctness: not verifiable (WordPress source CDN offline)
https://www.beauticate.com/interviews/tastemakers/youtube-queen-lauren-curtis-shares-her-experience-growing-up-online/,content/interviews/tastemakers/youtube-queen-lauren-curtis-shares-her-experience-growing-up-online/youtube-queen-lauren-curtis-shares-her-experience-growing-up-online.mdx,interviews,2021-10-26,True,broken,portrait-render,11,0,9,9,0,1,0,0,0,0,9 small/tall portrait(s) as plain markdown → render tiny & left-flush (portrait-standard violation); 1 landscape plain-md image(s) → fill body measure (acceptable); position-correctness: not verifiable (WordPress source CDN offline)
https://www.beauticate.com/interviews/tastemakers/zanita-whittington-fashion-blogger/,content/interviews/tastemakers/zanita-whittington-fashion-blogger/zanita-whittington-fashion-blogger.mdx,interviews,2015-10-08,True,broken,portrait-render,9,0,9,9,0,0,0,0,0,0,9 small/tall portrait(s) as plain markdown → render tiny & left-flush (portrait-standard violation); position-correctness: not verifiable (WordPress source CDN offline)
https://www.beauticate.com/interviews/tastemakers/zoe-bingley-pullin-nutritionist-and-chef/,content/interviews/tastemakers/zoe-bingley-pullin-nutritionist-and-chef/zoe-bingley-pullin-nutritionist-and-chef.mdx,interviews,2014-04-24,True,correct,clean,8,0,0,0,0,8,0,0,0,0,8 landscape plain-md image(s) → fill body measure (acceptable); position-correctness: not verifiable (WordPress source CDN offline)
https://www.beauticate.com/living/entertaining/lazy-girls-guide-summer-entertaining/,content/living/entertaining/lazy-girls-guide-summer-entertaining/lazy-girls-guide-summer-entertaining.mdx,living,2026-01-29,True,broken,portrait-render,14,0,9,9,0,5,0,0,0,0,9 small/tall portrait(s) as plain markdown → render tiny & left-flush (portrait-standard violation); 5 landscape plain-md image(s) → fill body measure (acceptable); position-correctness: not verifiable (WordPress source CDN offline)
https://www.beauticate.com/living/entertaining/the-art-of-tablescaping-the-chic-trend-taking-over-instagram/,content/living/entertaining/the-art-of-tablescaping-the-chic-trend-taking-over-instagram/the-art-of-tablescaping-the-chic-trend-taking-over-instagram.mdx,living,2020-06-24,True,broken,portrait-render,3,0,3,3,0,0,0,0,0,0,3 small/tall portrait(s) as plain markdown → render tiny & left-flush (portrait-standard violation); position-correctness: not verifiable (WordPress source CDN offline)
https://www.beauticate.com/living/entertaining/these-7-things-make-entertaining-a-cinch/,content/living/entertaining/these-7-things-make-entertaining-a-cinch/these-7-things-make-entertaining-a-cinch.mdx,living,2021-12-14,True,broken,portrait-render,12,0,3,3,4,4,0,0,0,0,3 small/tall portrait(s) as plain markdown → render tiny & left-flush (portrait-standard violation); 4 portrait(s) inside consecutive-image grid (cover-cropped gallery); 4 landscape plain-md image(s) → fill body measure (acceptable); position-correctness: not verifiable (WordPress source CDN offline)
https://www.beauticate.com/living/entertaining/this-coffee-table-majorly-upped-our-entertaining-game/,content/living/entertaining/this-coffee-table-majorly-upped-our-entertaining-game/this-coffee-table-majorly-upped-our-entertaining-game.mdx,living,2020-11-17,True,correct,clean,6,0,0,0,0,0,0,0,0,0,position-correctness: not verifiable (WordPress source CDN offline)
https://www.beauticate.com/living/entertaining/video-how-to-host-a-party/,content/living/entertaining/video-how-to-host-a-party/video-how-to-host-a-party.mdx,living,2017-11-01,True,broken,portrait-render,21,0,21,21,0,0,0,0,0,0,21 small/tall portrait(s) as plain markdown → render tiny & left-flush (portrait-standard violation); position-correctness: not verifiable (WordPress source CDN offline)
https://www.beauticate.com/living/giving-back-became-non-negotiable/,content/living/giving-back-became-non-negotiable/giving-back-became-non-negotiable.mdx,living,2026-06-07,True,correct,clean,3,0,0,0,0,3,0,0,0,0,3 landscape plain-md image(s) → fill body measure (acceptable); position-correctness: not verifiable (WordPress source CDN offline)
https://www.beauticate.com/living/interiors/5-ways-to-instantly-make-your-home-super-cosy-this-winter/,content/living/interiors/5-ways-to-instantly-make-your-home-super-cosy-this-winter/5-ways-to-instantly-make-your-home-super-cosy-this-winter.mdx,living,2018-08-01,True,correct,clean,6,0,0,0,4,1,0,0,0,0,4 portrait(s) inside consecutive-image grid (cover-cropped gallery); 1 landscape plain-md image(s) → fill body measure (acceptable); position-correctness: not verifiable (WordPress source CDN offline)
https://www.beauticate.com/living/interiors/6-bathrooms-were-coveting-right-now-and-how-to-get-the-look/,content/living/interiors/6-bathrooms-were-coveting-right-now-and-how-to-get-the-look/6-bathrooms-were-coveting-right-now-and-how-to-get-the-look.mdx,living,2019-09-02,True,correct,clean,15,0,0,0,0,0,0,0,0,0,position-correctness: not verifiable (WordPress source CDN offline)
https://www.beauticate.com/living/interiors/affordable-interiors-pieces-make-home-luxe/,content/living/interiors/affordable-interiors-pieces-make-home-luxe/affordable-interiors-pieces-make-home-luxe.mdx,living,2018-10-22,True,correct,clean,6,0,0,0,5,1,0,0,0,0,5 portrait(s) inside consecutive-image grid (cover-cropped gallery); 1 landscape plain-md image(s) → fill body measure (acceptable); position-correctness: not verifiable (WordPress source CDN offline)
https://www.beauticate.com/living/interiors/alisa-and-lysandra-fraser-the-interior-design-duo-on-how-to-make-your-bathroom-beautiful/,content/living/interiors/alisa-and-lysandra-fraser-the-interior-design-duo-on-how-to-make-your-bathroom-beautiful/alisa-and-lysandra-fraser-the-interior-design-duo-on-how-to-make-your-bathroom-beautiful.mdx,living,2022-04-06,True,broken,portrait-render,11,0,4,3,0,2,0,0,0,0,3 small/tall portrait(s) as plain markdown → render tiny & left-flush (portrait-standard violation); 2 landscape plain-md image(s) → fill body measure (acceptable); position-correctness: not verifiable (WordPress source CDN offline)
https://www.beauticate.com/living/interiors/built-by-damo-the-best-deck-on-the-block/,content/living/interiors/built-by-damo-the-best-deck-on-the-block/built-by-damo-the-best-deck-on-the-block.mdx,living,2025-02-26,True,correct,clean,5,0,0,0,0,5,0,0,0,0,5 landscape plain-md image(s) → fill body measure (acceptable); position-correctness: not verifiable (WordPress source CDN offline)
https://www.beauticate.com/living/interiors/celebrity-interior-decorating/,content/living/interiors/celebrity-interior-decorating/celebrity-interior-decorating.mdx,living,2018-09-11,True,broken,portrait-render,6,0,2,2,0,4,0,0,0,0,2 small/tall portrait(s) as plain markdown → render tiny & left-flush (portrait-standard violation); 4 landscape plain-md image(s) → fill body measure (acceptable); position-correctness: not verifiable (WordPress source CDN offline)
https://www.beauticate.com/living/interiors/clever-ways-organise-beauty-arent-plastic-drawers/,content/living/interiors/clever-ways-organise-beauty-arent-plastic-drawers/clever-ways-organise-beauty-arent-plastic-drawers.mdx,living,2018-09-12,True,broken,portrait-render,12,0,6,6,0,1,0,0,0,0,6 small/tall portrait(s) as plain markdown → render tiny & left-flush (portrait-standard violation); 1 landscape plain-md image(s) → fill body measure (acceptable); position-correctness: not verifiable (WordPress source CDN offline)
https://www.beauticate.com/living/interiors/decorate-your-home-with-scent/,content/living/interiors/decorate-your-home-with-scent/decorate-your-home-with-scent.mdx,living,2018-09-12,True,correct,clean,6,0,0,0,0,0,0,0,0,0,position-correctness: not verifiable (WordPress source CDN offline)
https://www.beauticate.com/living/interiors/home-apartment/,content/living/interiors/home-apartment/home-apartment.mdx,living,2024-06-28,True,broken,portrait-render,9,0,6,6,0,3,0,0,0,0,6 small/tall portrait(s) as plain markdown → render tiny & left-flush (portrait-standard violation); 3 landscape plain-md image(s) → fill body measure (acceptable); position-correctness: not verifiable (WordPress source CDN offline)
https://www.beauticate.com/living/interiors/how-sheer-curtains-can-transform-a-space/,content/living/interiors/how-sheer-curtains-can-transform-a-space/how-sheer-curtains-can-transform-a-space.mdx,living,2024-11-10,True,broken,portrait-render,10,0,3,3,0,7,0,0,0,0,3 small/tall portrait(s) as plain markdown → render tiny & left-flush (portrait-standard violation); 7 landscape plain-md image(s) → fill body measure (acceptable); position-correctness: not verifiable (WordPress source CDN offline)
https://www.beauticate.com/living/interiors/how-to-create-an-inspirational-workspace-with-hayley-bonham/,content/living/interiors/how-to-create-an-inspirational-workspace-with-hayley-bonham/how-to-create-an-inspirational-workspace-with-hayley-bonham.mdx,living,2018-09-10,True,broken,portrait-render,15,0,9,9,0,4,0,0,0,0,9 small/tall portrait(s) as plain markdown → render tiny & left-flush (portrait-standard violation); 4 landscape plain-md image(s) → fill body measure (acceptable); position-correctness: not verifiable (WordPress source CDN offline)
https://www.beauticate.com/living/interiors/how-to-create-dreamy-bedrooms/,content/living/interiors/how-to-create-dreamy-bedrooms/how-to-create-dreamy-bedrooms.mdx,living,2022-03-29,True,broken,portrait-render,18,0,5,5,3,3,0,0,0,0,5 small/tall portrait(s) as plain markdown → render tiny & left-flush (portrait-standard violation); 3 portrait(s) inside consecutive-image grid (cover-cropped gallery); 3 landscape plain-md image(s) → fill body measure (acceptable); position-correctness: not verifiable (WordPress source CDN offline)
https://www.beauticate.com/living/interiors/jade-yarbrough-the-merci-maison-designers-six-styling-hacks-to-make-small-spaces-beautiful/,content/living/interiors/jade-yarbrough-the-merci-maison-designers-six-styling-hacks-to-make-small-spaces-beautiful/jade-yarbrough-the-merci-maison-designers-six-styling-hacks-to-make-small-spaces-beautiful.mdx,living,2021-10-19,True,correct,clean,7,0,0,0,0,0,0,0,0,0,position-correctness: not verifiable (WordPress source CDN offline)
https://www.beauticate.com/living/interiors/living-room-transformation/,content/living/interiors/living-room-transformation/living-room-transformation.mdx,living,2024-10-13,True,broken,portrait-render,10,0,2,2,2,5,0,0,0,0,2 small/tall portrait(s) as plain markdown → render tiny & left-flush (portrait-standard violation); 2 portrait(s) inside consecutive-image grid (cover-cropped gallery); 5 landscape plain-md image(s) → fill body measure (acceptable); position-correctness: not verifiable (WordPress source CDN offline)
https://www.beauticate.com/living/interiors/luxury-pool-design-trends-australia-2/,content/living/interiors/luxury-pool-design-trends-australia-2/luxury-pool-design-trends-australia-2.mdx,living,2025-12-19,True,correct,clean,20,0,0,0,0,7,0,0,0,0,7 landscape plain-md image(s) → fill body measure (acceptable); position-correctness: not verifiable (WordPress source CDN offline)
https://www.beauticate.com/living/interiors/magnesium-pools-wellness-design-australia/,content/living/interiors/magnesium-pools-wellness-design-australia/magnesium-pools-wellness-design-australia.mdx,living,2025-07-04,True,broken,portrait-render,9,0,4,4,0,5,0,0,0,0,4 small/tall portrait(s) as plain markdown → render tiny & left-flush (portrait-standard violation); 5 landscape plain-md image(s) → fill body measure (acceptable); position-correctness: not verifiable (WordPress source CDN offline)
https://www.beauticate.com/living/interiors/new-interiors-section/,content/living/interiors/new-interiors-section/new-interiors-section.mdx,living,2018-09-14,True,broken,portrait-render,9,0,7,7,0,2,0,0,0,0,7 small/tall portrait(s) as plain markdown → render tiny & left-flush (portrait-standard violation); 2 landscape plain-md image(s) → fill body measure (acceptable); position-correctness: not verifiable (WordPress source CDN offline)
https://www.beauticate.com/living/interiors/struggling-to-sleep-this-mattress-changed-everything-for-me/,content/living/interiors/struggling-to-sleep-this-mattress-changed-everything-for-me/struggling-to-sleep-this-mattress-changed-everything-for-me.mdx,living,2025-03-28,True,broken,portrait-render,16,0,4,4,0,6,0,0,0,0,4 small/tall portrait(s) as plain markdown → render tiny & left-flush (portrait-standard violation); 6 landscape plain-md image(s) → fill body measure (acceptable); position-correctness: not verifiable (WordPress source CDN offline)
https://www.beauticate.com/living/interiors/the-5-instagram-accounts-you-need-to-be-following-for-major-interior-inspo/,content/living/interiors/the-5-instagram-accounts-you-need-to-be-following-for-major-interior-inspo/the-5-instagram-accounts-you-need-to-be-following-for-major-interior-inspo.mdx,living,2020-03-17,True,correct,clean,5,0,0,0,0,0,0,0,0,0,position-correctness: not verifiable (WordPress source CDN offline)
https://www.beauticate.com/living/interiors/the-decorating-trends-to-create-a-chic-sanctuary-at-home/,content/living/interiors/the-decorating-trends-to-create-a-chic-sanctuary-at-home/the-decorating-trends-to-create-a-chic-sanctuary-at-home.mdx,living,2020-12-14,True,broken,portrait-render,17,0,15,15,0,2,0,0,0,0,15 small/tall portrait(s) as plain markdown → render tiny & left-flush (portrait-standard violation); 2 landscape plain-md image(s) → fill body measure (acceptable); position-correctness: not verifiable (WordPress source CDN offline)
https://www.beauticate.com/living/interiors/the-new-interiors-trends-and-how-to-work-them/,content/living/interiors/the-new-interiors-trends-and-how-to-work-them/the-new-interiors-trends-and-how-to-work-them.mdx,living,2019-04-22,True,broken,portrait-render,13,0,7,7,0,6,0,0,0,0,7 small/tall portrait(s) as plain markdown → render tiny & left-flush (portrait-standard violation); 6 landscape plain-md image(s) → fill body measure (acceptable); position-correctness: not verifiable (WordPress source CDN offline)
https://www.beauticate.com/living/interiors/weve-found-the-perfect-candle-you-need-for-every-season/,content/living/interiors/weve-found-the-perfect-candle-you-need-for-every-season/weve-found-the-perfect-candle-you-need-for-every-season.mdx,living,2019-07-16,True,broken,portrait-render,24,0,20,20,0,4,0,0,0,0,20 small/tall portrait(s) as plain markdown → render tiny & left-flush (portrait-standard violation); 4 landscape plain-md image(s) → fill body measure (acceptable); position-correctness: not verifiable (WordPress source CDN offline)
https://www.beauticate.com/living/interiors/who-profile-approved-interiors-styles/,content/living/interiors/who-profile-approved-interiors-styles/who-profile-approved-interiors-styles.mdx,living,2018-12-03,True,correct,clean,19,0,0,0,9,1,0,0,0,0,9 portrait(s) inside consecutive-image grid (cover-cropped gallery); 1 landscape plain-md image(s) → fill body measure (acceptable); position-correctness: not verifiable (WordPress source CDN offline)
https://www.beauticate.com/living/lifestyle/8-at-trinity/,content/living/lifestyle/8-at-trinity/8-at-trinity.mdx,living,2024-01-24,True,correct,clean,18,0,0,0,13,2,0,0,0,0,13 portrait(s) inside consecutive-image grid (cover-cropped gallery); 2 landscape plain-md image(s) → fill body measure (acceptable); position-correctness: not verifiable (WordPress source CDN offline)
https://www.beauticate.com/living/lifestyle/australian-beauty-brands-secrets-to-success/,content/living/lifestyle/australian-beauty-brands-secrets-to-success/australian-beauty-brands-secrets-to-success.mdx,living,2018-08-27,True,broken,portrait-render,4,0,3,3,0,1,0,0,0,0,3 small/tall portrait(s) as plain markdown → render tiny & left-flush (portrait-standard violation); 1 landscape plain-md image(s) → fill body measure (acceptable); position-correctness: not verifiable (WordPress source CDN offline)
https://www.beauticate.com/living/lifestyle/bangarra-dance-theatres-tyrel-dulvarie-and-lillian-banks-on-the-power-of-representation/,content/living/lifestyle/bangarra-dance-theatres-tyrel-dulvarie-and-lillian-banks-on-the-power-of-representation/bangarra-dance-theatres-tyrel-dulvarie-and-lillian-banks-on-the-power-of-representation.mdx,living,2020-11-16,True,correct,clean,6,0,0,0,0,0,0,0,0,0,position-correctness: not verifiable (WordPress source CDN offline)
https://www.beauticate.com/living/lifestyle/best-ai-image-generator-app-review-glam-ai/,content/living/lifestyle/best-ai-image-generator-app-review-glam-ai/best-ai-image-generator-app-review-glam-ai.mdx,living,2025-07-03,True,broken,portrait-render,9,0,1,1,2,3,0,0,0,0,1 small/tall portrait(s) as plain markdown → render tiny & left-flush (portrait-standard violation); 2 portrait(s) inside consecutive-image grid (cover-cropped gallery); 3 landscape plain-md image(s) → fill body measure (acceptable); position-correctness: not verifiable (WordPress source CDN offline)
https://www.beauticate.com/living/lifestyle/dyson-v16-review/,content/living/lifestyle/dyson-v16-review/dyson-v16-review.mdx,living,2026-05-29,True,broken,portrait-render,7,0,1,1,0,2,0,0,0,0,1 small/tall portrait(s) as plain markdown → render tiny & left-flush (portrait-standard violation); 2 landscape plain-md image(s) → fill body measure (acceptable); position-correctness: not verifiable (WordPress source CDN offline)
https://www.beauticate.com/living/lifestyle/how-i-navigate-working-from-home/,content/living/lifestyle/how-i-navigate-working-from-home/how-i-navigate-working-from-home.mdx,living,2021-03-12,True,correct,clean,11,0,0,0,0,0,0,0,0,0,position-correctness: not verifiable (WordPress source CDN offline)
https://www.beauticate.com/living/lifestyle/how-to-luxe-your-dogs-life/,content/living/lifestyle/how-to-luxe-your-dogs-life/how-to-luxe-your-dogs-life.mdx,living,2018-08-21,True,correct,clean,6,0,0,0,5,1,0,0,0,0,5 portrait(s) inside consecutive-image grid (cover-cropped gallery); 1 landscape plain-md image(s) → fill body measure (acceptable); position-correctness: not verifiable (WordPress source CDN offline)
https://www.beauticate.com/living/lifestyle/how-to-make-it-in-the-beauty-biz-rules-from-the-top-ceos/,content/living/lifestyle/how-to-make-it-in-the-beauty-biz-rules-from-the-top-ceos/how-to-make-it-in-the-beauty-biz-rules-from-the-top-ceos.mdx,living,2017-07-31,True,broken,portrait-render,9,0,8,8,0,1,0,0,0,0,8 small/tall portrait(s) as plain markdown → render tiny & left-flush (portrait-standard violation); 1 landscape plain-md image(s) → fill body measure (acceptable); position-correctness: not verifiable (WordPress source CDN offline)
https://www.beauticate.com/living/lifestyle/how-to-stay-sane-at-home-from-someone-who-is-always-at-home/,content/living/lifestyle/how-to-stay-sane-at-home-from-someone-who-is-always-at-home/how-to-stay-sane-at-home-from-someone-who-is-always-at-home.mdx,living,2020-04-28,True,correct,clean,14,0,0,0,0,0,0,0,0,0,position-correctness: not verifiable (WordPress source CDN offline)
https://www.beauticate.com/living/lifestyle/how-to-turn-your-home-into-a-holiday-haven-according-to-a-seasoned-pro/,content/living/lifestyle/how-to-turn-your-home-into-a-holiday-haven-according-to-a-seasoned-pro/how-to-turn-your-home-into-a-holiday-haven-according-to-a-seasoned-pro.mdx,living,2021-12-06,True,broken,portrait-render,25,0,3,3,16,0,0,0,0,0,3 small/tall portrait(s) as plain markdown → render tiny & left-flush (portrait-standard violation); 16 portrait(s) inside consecutive-image grid (cover-cropped gallery); position-correctness: not verifiable (WordPress source CDN offline)
https://www.beauticate.com/living/lifestyle/inside-the-beauticate-beauty-cupboard/,content/living/lifestyle/inside-the-beauticate-beauty-cupboard/inside-the-beauticate-beauty-cupboard.mdx,living,2022-02-15,True,broken,portrait-render,4,0,2,2,0,2,0,0,0,0,2 small/tall portrait(s) as plain markdown → render tiny & left-flush (portrait-standard violation); 2 landscape plain-md image(s) → fill body measure (acceptable); position-correctness: not verifiable (WordPress source CDN offline)
https://www.beauticate.com/living/lifestyle/lockdown-learnings-4-who-profile-alumnae-share-how-their-lives-have-evolved/,content/living/lifestyle/lockdown-learnings-4-who-profile-alumnae-share-how-their-lives-have-evolved/lockdown-learnings-4-who-profile-alumnae-share-how-their-lives-have-evolved.mdx,living,2020-06-24,True,correct,clean,5,0,0,0,0,0,0,0,0,0,position-correctness: not verifiable (WordPress source CDN offline)
https://www.beauticate.com/living/lifestyle/luxe-your-laundry-and-youll-love-doing-the-washing/,content/living/lifestyle/luxe-your-laundry-and-youll-love-doing-the-washing/luxe-your-laundry-and-youll-love-doing-the-washing.mdx,living,2020-02-17,True,broken,portrait-render,6,0,6,6,0,0,0,0,0,0,6 small/tall portrait(s) as plain markdown → render tiny & left-flush (portrait-standard violation); position-correctness: not verifiable (WordPress source CDN offline)
https://www.beauticate.com/living/lifestyle/motherhood-the-lessons-ive-learned-sigourneys-edit/,content/living/lifestyle/motherhood-the-lessons-ive-learned-sigourneys-edit/motherhood-the-lessons-ive-learned-sigourneys-edit.mdx,living,2017-05-04,True,broken,portrait-render,29,0,3,3,15,3,0,0,0,0,3 small/tall portrait(s) as plain markdown → render tiny & left-flush (portrait-standard violation); 15 portrait(s) inside consecutive-image grid (cover-cropped gallery); 3 landscape plain-md image(s) → fill body measure (acceptable); position-correctness: not verifiable (WordPress source CDN offline)
https://www.beauticate.com/living/lifestyle/pool-accessories-that-changed-our-lives/,content/living/lifestyle/pool-accessories-that-changed-our-lives/pool-accessories-that-changed-our-lives.mdx,living,2026-01-30,True,broken,portrait-render,12,0,2,2,1,3,0,0,0,0,2 small/tall portrait(s) as plain markdown → render tiny & left-flush (portrait-standard violation); 1 portrait(s) inside consecutive-image grid (cover-cropped gallery); 3 landscape plain-md image(s) → fill body measure (acceptable); position-correctness: not verifiable (WordPress source CDN offline)
https://www.beauticate.com/living/lifestyle/revealing-the-must-have-apps-for-your-most-amazing-self-portrait-yet/,content/living/lifestyle/revealing-the-must-have-apps-for-your-most-amazing-self-portrait-yet/revealing-the-must-have-apps-for-your-most-amazing-self-portrait-yet.mdx,living,2018-02-28,True,broken,portrait-render,4,0,2,2,0,2,0,0,0,0,2 small/tall portrait(s) as plain markdown → render tiny & left-flush (portrait-standard violation); 2 landscape plain-md image(s) → fill body measure (acceptable); position-correctness: not verifiable (WordPress source CDN offline)
https://www.beauticate.com/living/lifestyle/selfie-lighting-tricks/,content/living/lifestyle/selfie-lighting-tricks/selfie-lighting-tricks.mdx,living,2019-03-04,True,correct,clean,6,0,0,0,0,0,0,0,0,0,position-correctness: not verifiable (WordPress source CDN offline)
https://www.beauticate.com/living/lifestyle/shop-your-travel-ready-edit-for-your-next-getaway/,content/living/lifestyle/shop-your-travel-ready-edit-for-your-next-getaway/shop-your-travel-ready-edit-for-your-next-getaway.mdx,living,2018-01-10,True,correct,clean,1,0,0,0,0,1,0,0,0,0,1 landscape plain-md image(s) → fill body measure (acceptable); position-correctness: not verifiable (WordPress source CDN offline)
https://www.beauticate.com/living/lifestyle/the-5-chic-podcasts-were-currently-streaming/,content/living/lifestyle/the-5-chic-podcasts-were-currently-streaming/the-5-chic-podcasts-were-currently-streaming.mdx,living,2020-05-04,True,correct,clean,5,0,0,0,0,0,0,0,0,0,position-correctness: not verifiable (WordPress source CDN offline)
https://www.beauticate.com/living/lifestyle/these-home-office-beauties-will-help-make-working-from-home-a-breeze/,content/living/lifestyle/these-home-office-beauties-will-help-make-working-from-home-a-breeze/these-home-office-beauties-will-help-make-working-from-home-a-breeze.mdx,living,2020-03-30,True,correct,clean,6,0,0,0,0,0,0,0,0,0,position-correctness: not verifiable (WordPress source CDN offline)
https://www.beauticate.com/living/lifestyle/video-how-to-make-almond-milk/,content/living/lifestyle/video-how-to-make-almond-milk/video-how-to-make-almond-milk.mdx,living,2016-06-14,True,correct,clean,3,0,0,0,3,0,0,0,0,0,3 portrait(s) inside consecutive-image grid (cover-cropped gallery); position-correctness: not verifiable (WordPress source CDN offline)
https://www.beauticate.com/living/lifestyle/video-how-to-style-your-sleepwear-with-jasmine-will-2/,content/living/lifestyle/video-how-to-style-your-sleepwear-with-jasmine-will-2/video-how-to-style-your-sleepwear-with-jasmine-will-2.mdx,living,2017-11-20,True,broken,portrait-render,6,0,3,3,3,0,0,0,0,0,3 small/tall portrait(s) as plain markdown → render tiny & left-flush (portrait-standard violation); 3 portrait(s) inside consecutive-image grid (cover-cropped gallery); position-correctness: not verifiable (WordPress source CDN offline)
https://www.beauticate.com/living/lifestyle/video-how-to-style-your-sleepwear-with-jasmine-will/,content/living/lifestyle/video-how-to-style-your-sleepwear-with-jasmine-will/video-how-to-style-your-sleepwear-with-jasmine-will.mdx,living,2017-11-20,True,broken,portrait-render,6,0,3,3,3,0,0,0,0,0,3 small/tall portrait(s) as plain markdown → render tiny & left-flush (portrait-standard violation); 3 portrait(s) inside consecutive-image grid (cover-cropped gallery); position-correctness: not verifiable (WordPress source CDN offline)
https://www.beauticate.com/living/lifestyle/we-tried-samsungs-latest-statement-making-tv/,content/living/lifestyle/we-tried-samsungs-latest-statement-making-tv/we-tried-samsungs-latest-statement-making-tv.mdx,living,2022-04-26,True,broken,portrait-render,9,0,1,1,0,6,0,0,0,0,1 small/tall portrait(s) as plain markdown → render tiny & left-flush (portrait-standard violation); 6 landscape plain-md image(s) → fill body measure (acceptable); position-correctness: not verifiable (WordPress source CDN offline)
https://www.beauticate.com/living/lifestyle/when-art-and-beauty-collide/,content/living/lifestyle/when-art-and-beauty-collide/when-art-and-beauty-collide.mdx,living,2019-08-06,True,correct,clean,9,0,0,0,1,4,0,0,0,0,1 portrait(s) inside consecutive-image grid (cover-cropped gallery); 4 landscape plain-md image(s) → fill body measure (acceptable); position-correctness: not verifiable (WordPress source CDN offline)
https://www.beauticate.com/living/lifestyle/why-makeup-shaming-has-to-stop/,content/living/lifestyle/why-makeup-shaming-has-to-stop/why-makeup-shaming-has-to-stop.mdx,living,2018-02-28,True,correct,clean,1,0,0,0,0,1,0,0,0,0,1 landscape plain-md image(s) → fill body measure (acceptable); position-correctness: not verifiable (WordPress source CDN offline)
https://www.beauticate.com/living/sustainability/airgarden/,content/living/sustainability/airgarden/airgarden.mdx,living,2024-04-18,True,broken,portrait-render,12,0,6,6,0,6,0,0,0,0,6 small/tall portrait(s) as plain markdown → render tiny & left-flush (portrait-standard violation); 6 landscape plain-md image(s) → fill body measure (acceptable); position-correctness: not verifiable (WordPress source CDN offline)
https://www.beauticate.com/living/sustainability/announcing-our-new-sustainability-section-go-green/,content/living/sustainability/announcing-our-new-sustainability-section-go-green/announcing-our-new-sustainability-section-go-green.mdx,living,2021-07-12,True,broken,portrait-render,4,0,2,1,0,2,0,0,0,0,1 small/tall portrait(s) as plain markdown → render tiny & left-flush (portrait-standard violation); 2 landscape plain-md image(s) → fill body measure (acceptable); position-correctness: not verifiable (WordPress source CDN offline)
https://www.beauticate.com/living/sustainability/are-your-candles-eco-friendly/,content/living/sustainability/are-your-candles-eco-friendly/are-your-candles-eco-friendly.mdx,living,2019-10-16,True,correct,clean,5,0,0,0,0,0,0,0,0,0,position-correctness: not verifiable (WordPress source CDN offline)
https://www.beauticate.com/living/sustainability/ethical-beauty-scores-global-wins/,content/living/sustainability/ethical-beauty-scores-global-wins/ethical-beauty-scores-global-wins.mdx,living,2021-03-15,True,broken,portrait-render,2,0,1,1,0,1,0,0,0,0,1 small/tall portrait(s) as plain markdown → render tiny & left-flush (portrait-standard violation); 1 landscape plain-md image(s) → fill body measure (acceptable); position-correctness: not verifiable (WordPress source CDN offline)
https://www.beauticate.com/living/sustainability/heres-exactly-how-to-shop-beauty-according-to-your-ethical-and-skincare-concerns-2/,content/living/sustainability/heres-exactly-how-to-shop-beauty-according-to-your-ethical-and-skincare-concerns-2/heres-exactly-how-to-shop-beauty-according-to-your-ethical-and-skincare-concerns-2.mdx,living,2020-02-18,True,broken,portrait-render,11,0,8,8,0,1,0,0,0,0,8 small/tall portrait(s) as plain markdown → render tiny & left-flush (portrait-standard violation); 1 landscape plain-md image(s) → fill body measure (acceptable); position-correctness: not verifiable (WordPress source CDN offline)
https://www.beauticate.com/living/sustainability/how-to-celebrate-mothers-day-sustainably/,content/living/sustainability/how-to-celebrate-mothers-day-sustainably/how-to-celebrate-mothers-day-sustainably.mdx,living,2021-05-04,True,broken,portrait-render,11,0,5,5,6,0,0,0,0,0,5 small/tall portrait(s) as plain markdown → render tiny & left-flush (portrait-standard violation); 6 portrait(s) inside consecutive-image grid (cover-cropped gallery); position-correctness: not verifiable (WordPress source CDN offline)
https://www.beauticate.com/living/sustainability/how-to-green-up-your-workspace-for-optimal-health/,content/living/sustainability/how-to-green-up-your-workspace-for-optimal-health/how-to-green-up-your-workspace-for-optimal-health.mdx,living,2018-04-20,True,broken,portrait-render,8,0,2,2,2,1,0,0,0,0,2 small/tall portrait(s) as plain markdown → render tiny & left-flush (portrait-standard violation); 2 portrait(s) inside consecutive-image grid (cover-cropped gallery); 1 landscape plain-md image(s) → fill body measure (acceptable); position-correctness: not verifiable (WordPress source CDN offline)
https://www.beauticate.com/living/sustainability/is-your-makeup-routine-bad-for-the-planet/,content/living/sustainability/is-your-makeup-routine-bad-for-the-planet/is-your-makeup-routine-bad-for-the-planet.mdx,living,2021-08-31,True,correct,clean,8,0,0,0,0,0,0,0,0,0,position-correctness: not verifiable (WordPress source CDN offline)
https://www.beauticate.com/living/sustainability/our-top-six-tips-for-how-to-shop-your-beauty-stash/,content/living/sustainability/our-top-six-tips-for-how-to-shop-your-beauty-stash/our-top-six-tips-for-how-to-shop-your-beauty-stash.mdx,living,2021-07-14,True,broken,portrait-render,3,0,1,1,0,0,0,0,0,0,1 small/tall portrait(s) as plain markdown → render tiny & left-flush (portrait-standard violation); position-correctness: not verifiable (WordPress source CDN offline)
https://www.beauticate.com/living/sustainability/run-out-of-your-usual-products-opt-for-these-sustainable-alternatives-instead/,content/living/sustainability/run-out-of-your-usual-products-opt-for-these-sustainable-alternatives-instead/run-out-of-your-usual-products-opt-for-these-sustainable-alternatives-instead.mdx,living,2021-09-07,True,correct,clean,7,0,0,0,0,0,0,0,0,0,position-correctness: not verifiable (WordPress source CDN offline)
https://www.beauticate.com/living/sustainability/stylish-ways-to-save-water/,content/living/sustainability/stylish-ways-to-save-water/stylish-ways-to-save-water.mdx,living,2018-03-22,True,broken,portrait-render,9,0,6,6,2,1,0,0,0,0,6 small/tall portrait(s) as plain markdown → render tiny & left-flush (portrait-standard violation); 2 portrait(s) inside consecutive-image grid (cover-cropped gallery); 1 landscape plain-md image(s) → fill body measure (acceptable); position-correctness: not verifiable (WordPress source CDN offline)
https://www.beauticate.com/living/sustainability/the-body-shop-takes-on-the-united-nations-with-their-new-campaign/,content/living/sustainability/the-body-shop-takes-on-the-united-nations-with-their-new-campaign/the-body-shop-takes-on-the-united-nations-with-their-new-campaign.mdx,living,2017-06-20,True,correct,clean,1,0,0,0,0,1,0,0,0,0,1 landscape plain-md image(s) → fill body measure (acceptable); position-correctness: not verifiable (WordPress source CDN offline)
https://www.beauticate.com/living/sustainability/the-dermatologist-approved-beauty-brand-thats-doing-right-by-the-planet/,content/living/sustainability/the-dermatologist-approved-beauty-brand-thats-doing-right-by-the-planet/the-dermatologist-approved-beauty-brand-thats-doing-right-by-the-planet.mdx,living,2021-11-01,True,broken,portrait-render,7,0,3,3,0,0,0,0,0,0,3 small/tall portrait(s) as plain markdown → render tiny & left-flush (portrait-standard violation); position-correctness: not verifiable (WordPress source CDN offline)
https://www.beauticate.com/living/sustainability/the-new-beauty-rules-how-beauty-has-completely-changed-for-good/,content/living/sustainability/the-new-beauty-rules-how-beauty-has-completely-changed-for-good/the-new-beauty-rules-how-beauty-has-completely-changed-for-good.mdx,living,2021-03-02,True,broken,portrait-render,5,0,4,3,0,0,0,0,0,0,3 small/tall portrait(s) as plain markdown → render tiny & left-flush (portrait-standard violation); position-correctness: not verifiable (WordPress source CDN offline)
https://www.beauticate.com/living/sustainability/the-three-rs-of-beauty-aka-how-to-be-sustainable-and-still-have-fun/,content/living/sustainability/the-three-rs-of-beauty-aka-how-to-be-sustainable-and-still-have-fun/the-three-rs-of-beauty-aka-how-to-be-sustainable-and-still-have-fun.mdx,living,2021-07-27,True,broken,portrait-render,4,0,4,4,0,0,0,0,0,0,4 small/tall portrait(s) as plain markdown → render tiny & left-flush (portrait-standard violation); position-correctness: not verifiable (WordPress source CDN offline)
https://www.beauticate.com/living/sustainability/these-are-the-beauty-brands-working-towards-better-packaging/,content/living/sustainability/these-are-the-beauty-brands-working-towards-better-packaging/these-are-the-beauty-brands-working-towards-better-packaging.mdx,living,2021-08-25,True,broken,portrait-render,25,0,7,7,0,3,0,0,0,0,7 small/tall portrait(s) as plain markdown → render tiny & left-flush (portrait-standard violation); 3 landscape plain-md image(s) → fill body measure (acceptable); position-correctness: not verifiable (WordPress source CDN offline)
https://www.beauticate.com/living/sustainability/we-tried-period-cups-and-undies-here-are-our-honest-thoughts-2/,content/living/sustainability/we-tried-period-cups-and-undies-here-are-our-honest-thoughts-2/we-tried-period-cups-and-undies-here-are-our-honest-thoughts-2.mdx,living,2023-06-15,True,broken,portrait-render,10,0,2,2,4,1,0,0,0,0,2 small/tall portrait(s) as plain markdown → render tiny & left-flush (portrait-standard violation); 4 portrait(s) inside consecutive-image grid (cover-cropped gallery); 1 landscape plain-md image(s) → fill body measure (acceptable); position-correctness: not verifiable (WordPress source CDN offline)
https://www.beauticate.com/living/sustainability/what-clean-beauty-means-to-rose-marie-swift/,content/living/sustainability/what-clean-beauty-means-to-rose-marie-swift/what-clean-beauty-means-to-rose-marie-swift.mdx,living,2019-11-13,True,broken,portrait-render,8,0,6,6,2,0,0,0,0,0,6 small/tall portrait(s) as plain markdown → render tiny & left-flush (portrait-standard violation); 2 portrait(s) inside consecutive-image grid (cover-cropped gallery); position-correctness: not verifiable (WordPress source CDN offline)
https://www.beauticate.com/living/sustainability/when-you-should-really-insist-on-natural-products-sigourneys-edit/,content/living/sustainability/when-you-should-really-insist-on-natural-products-sigourneys-edit/when-you-should-really-insist-on-natural-products-sigourneys-edit.mdx,living,2017-08-17,True,broken,portrait-render,33,0,32,32,0,1,0,0,0,0,32 small/tall portrait(s) as plain markdown → render tiny & left-flush (portrait-standard violation); 1 landscape plain-md image(s) → fill body measure (acceptable); position-correctness: not verifiable (WordPress source CDN offline)
https://www.beauticate.com/living/sustainability/world-oceans-day-how-our-favourite-brands-are-helping-our-seas/,content/living/sustainability/world-oceans-day-how-our-favourite-brands-are-helping-our-seas/world-oceans-day-how-our-favourite-brands-are-helping-our-seas.mdx,living,2020-06-10,True,broken,portrait-render,12,0,5,5,7,0,0,0,0,0,5 small/tall portrait(s) as plain markdown → render tiny & left-flush (portrait-standard violation); 7 portrait(s) inside consecutive-image grid (cover-cropped gallery); position-correctness: not verifiable (WordPress source CDN offline)
https://www.beauticate.com/living/sustainability/zero-waste-beauty-the-sustainable-swaps-that-are-super-easy-to-adopt/,content/living/sustainability/zero-waste-beauty-the-sustainable-swaps-that-are-super-easy-to-adopt/zero-waste-beauty-the-sustainable-swaps-that-are-super-easy-to-adopt.mdx,living,2021-07-14,True,correct,clean,4,0,0,0,0,0,0,0,0,0,position-correctness: not verifiable (WordPress source CDN offline)
https://www.beauticate.com/living/sustainability/zero-waste-beauty/,content/living/sustainability/zero-waste-beauty/zero-waste-beauty.mdx,living,2018-08-15,True,broken,portrait-render,10,0,5,5,4,1,0,0,0,0,5 small/tall portrait(s) as plain markdown → render tiny & left-flush (portrait-standard violation); 4 portrait(s) inside consecutive-image grid (cover-cropped gallery); 1 landscape plain-md image(s) → fill body measure (acceptable); position-correctness: not verifiable (WordPress source CDN offline)
https://www.beauticate.com/news/most-women-have-injectables-after-this-big-life-change/,content/news/most-women-have-injectables-after-this-big-life-change/most-women-have-injectables-after-this-big-life-change.mdx,news,2017-12-11,True,correct,clean,0,0,0,0,0,0,0,0,0,0,position-correctness: not verifiable (WordPress source CDN offline)
https://www.beauticate.com/pages/,content/pages/about.mdx,pages,,False,correct,clean,8,0,0,0,0,0,0,0,0,0,position-correctness: not verifiable (WordPress source CDN offline)
https://www.beauticate.com/sigourneys-edit/beauticate-shop-launch/,content/sigourneys-edit/beauticate-shop-launch/beauticate-shop-launch.mdx,sigourneys-edit,2026-06-18,False,broken,portrait-render,8,0,1,1,0,7,0,0,0,0,1 small/tall portrait(s) as plain markdown → render tiny & left-flush (portrait-standard violation); 7 landscape plain-md image(s) → fill body measure (acceptable); position-correctness: not verifiable (WordPress source CDN offline)
https://www.beauticate.com/sigourneys-edit/beauty-expo-australia-2026-for-founders-why-im-going-and-you-should-too/,content/sigourneys-edit/beauty-expo-australia-2026-for-founders-why-im-going-and-you-should-too/beauty-expo-australia-2026-for-founders-why-im-going-and-you-should-too.mdx,sigourneys-edit,2026-07-06,False,correct,clean,6,0,0,0,0,5,0,0,0,0,5 landscape plain-md image(s) → fill body measure (acceptable); position-correctness: not verifiable (WordPress source CDN offline)
https://www.beauticate.com/sigourneys-edit/edit/5-ways-to-make-neck-and-back-pain-go-away/,content/sigourneys-edit/edit/5-ways-to-make-neck-and-back-pain-go-away/5-ways-to-make-neck-and-back-pain-go-away.mdx,sigourneys-edit,2019-04-08,True,correct,clean,10,0,0,0,0,0,0,0,0,0,position-correctness: not verifiable (WordPress source CDN offline)
https://www.beauticate.com/sigourneys-edit/edit/announcing-sigourneys-new-role-with-minenssey-skincare/,content/sigourneys-edit/edit/announcing-sigourneys-new-role-with-minenssey-skincare/announcing-sigourneys-new-role-with-minenssey-skincare.mdx,sigourneys-edit,2019-05-06,True,broken,portrait-render,12,0,11,11,0,1,0,0,0,0,11 small/tall portrait(s) as plain markdown → render tiny & left-flush (portrait-standard violation); 1 landscape plain-md image(s) → fill body measure (acceptable); position-correctness: not verifiable (WordPress source CDN offline)
https://www.beauticate.com/sigourneys-edit/edit/armani-beauty-follows-sigourney-for-a-day/,content/sigourneys-edit/edit/armani-beauty-follows-sigourney-for-a-day/armani-beauty-follows-sigourney-for-a-day.mdx,sigourneys-edit,2017-03-02,True,broken,portrait-render,16,0,3,3,6,0,0,0,0,0,3 small/tall portrait(s) as plain markdown → render tiny & left-flush (portrait-standard violation); 6 portrait(s) inside consecutive-image grid (cover-cropped gallery); position-correctness: not verifiable (WordPress source CDN offline)
https://www.beauticate.com/sigourneys-edit/edit/beautiful-inside-by-beauticate-the-podcast/,content/sigourneys-edit/edit/beautiful-inside-by-beauticate-the-podcast/beautiful-inside-by-beauticate-the-podcast.mdx,sigourneys-edit,2024-07-08,True,correct,clean,6,0,0,0,0,0,0,0,0,0,position-correctness: not verifiable (WordPress source CDN offline)
https://www.beauticate.com/sigourneys-edit/edit/do-natural-deodorants-actually-work-sigourneys-edit/,content/sigourneys-edit/edit/do-natural-deodorants-actually-work-sigourneys-edit/do-natural-deodorants-actually-work-sigourneys-edit.mdx,sigourneys-edit,2018-06-12,True,correct,clean,4,0,0,0,0,0,0,0,0,0,position-correctness: not verifiable (WordPress source CDN offline)
https://www.beauticate.com/sigourneys-edit/edit/do-regular-skin-treatments-really-make-a-difference/,content/sigourneys-edit/edit/do-regular-skin-treatments-really-make-a-difference/do-regular-skin-treatments-really-make-a-difference.mdx,sigourneys-edit,2022-04-06,True,broken,portrait-render,6,0,4,4,0,2,0,0,0,0,4 small/tall portrait(s) as plain markdown → render tiny & left-flush (portrait-standard violation); 2 landscape plain-md image(s) → fill body measure (acceptable); position-correctness: not verifiable (WordPress source CDN offline)
https://www.beauticate.com/sigourneys-edit/edit/do-virtual-beauty-consults-actually-work/,content/sigourneys-edit/edit/do-virtual-beauty-consults-actually-work/do-virtual-beauty-consults-actually-work.mdx,sigourneys-edit,2020-05-26,True,correct,clean,3,0,0,0,0,0,0,0,0,0,position-correctness: not verifiable (WordPress source CDN offline)
https://www.beauticate.com/sigourneys-edit/edit/four-new-skincare-finds-i-love-for-winter-sigourneys-edit/,content/sigourneys-edit/edit/four-new-skincare-finds-i-love-for-winter-sigourneys-edit/four-new-skincare-finds-i-love-for-winter-sigourneys-edit.mdx,sigourneys-edit,2019-07-10,True,correct,clean,9,0,0,0,0,0,0,0,0,0,position-correctness: not verifiable (WordPress source CDN offline)
https://www.beauticate.com/sigourneys-edit/edit/hismile-at-home-whitening-i-tried-the-game-changer-disrupting-the-smilecare-category/,content/sigourneys-edit/edit/hismile-at-home-whitening-i-tried-the-game-changer-disrupting-the-smilecare-category/hismile-at-home-whitening-i-tried-the-game-changer-disrupting-the-smilecare-category.mdx,sigourneys-edit,2021-05-19,True,correct,clean,6,0,0,0,0,0,0,0,0,0,position-correctness: not verifiable (WordPress source CDN offline)
https://www.beauticate.com/sigourneys-edit/edit/how-i-fell-in-love-with-sydney-again/,content/sigourneys-edit/edit/how-i-fell-in-love-with-sydney-again/how-i-fell-in-love-with-sydney-again.mdx,sigourneys-edit,2021-03-30,True,correct,clean,21,0,0,0,0,0,0,0,0,0,position-correctness: not verifiable (WordPress source CDN offline)
https://www.beauticate.com/sigourneys-edit/edit/how-i-got-my-glow-back-sigourneys-edit/,content/sigourneys-edit/edit/how-i-got-my-glow-back-sigourneys-edit/how-i-got-my-glow-back-sigourneys-edit.mdx,sigourneys-edit,2017-07-26,True,broken,portrait-render,9,0,1,1,8,0,0,0,0,0,1 small/tall portrait(s) as plain markdown → render tiny & left-flush (portrait-standard violation); 8 portrait(s) inside consecutive-image grid (cover-cropped gallery); position-correctness: not verifiable (WordPress source CDN offline)
https://www.beauticate.com/sigourneys-edit/edit/how-i-maximised-my-small-balcony-for-spring/,content/sigourneys-edit/edit/how-i-maximised-my-small-balcony-for-spring/how-i-maximised-my-small-balcony-for-spring.mdx,sigourneys-edit,2019-09-23,True,broken,portrait-render,17,0,10,10,0,5,0,0,0,0,10 small/tall portrait(s) as plain markdown → render tiny & left-flush (portrait-standard violation); 5 landscape plain-md image(s) → fill body measure (acceptable); position-correctness: not verifiable (WordPress source CDN offline)
https://www.beauticate.com/sigourneys-edit/edit/how-to-do-boat-beauty/,content/sigourneys-edit/edit/how-to-do-boat-beauty/how-to-do-boat-beauty.mdx,sigourneys-edit,2015-06-22,True,correct,clean,8,0,0,0,0,8,0,0,0,0,8 landscape plain-md image(s) → fill body measure (acceptable); position-correctness: not verifiable (WordPress source CDN offline)
https://www.beauticate.com/sigourneys-edit/edit/how-to-get-a-byron-bay-glow/,content/sigourneys-edit/edit/how-to-get-a-byron-bay-glow/how-to-get-a-byron-bay-glow.mdx,sigourneys-edit,2014-04-16,True,correct,clean,13,0,0,0,5,6,0,0,0,0,5 portrait(s) inside consecutive-image grid (cover-cropped gallery); 6 landscape plain-md image(s) → fill body measure (acceptable); position-correctness: not verifiable (WordPress source CDN offline)
https://www.beauticate.com/sigourneys-edit/edit/how-to-layer-your-skincare/,content/sigourneys-edit/edit/how-to-layer-your-skincare/how-to-layer-your-skincare.mdx,sigourneys-edit,2019-06-19,True,correct,clean,11,0,0,0,7,1,0,0,0,0,7 portrait(s) inside consecutive-image grid (cover-cropped gallery); 1 landscape plain-md image(s) → fill body measure (acceptable); position-correctness: not verifiable (WordPress source CDN offline)
https://www.beauticate.com/sigourneys-edit/edit/how-to-turn-your-tv-into-an-art-piece-samsung-frame-review/,content/sigourneys-edit/edit/how-to-turn-your-tv-into-an-art-piece-samsung-frame-review/how-to-turn-your-tv-into-an-art-piece-samsung-frame-review.mdx,sigourneys-edit,2020-07-07,True,correct,clean,16,0,0,0,0,0,0,0,0,0,position-correctness: not verifiable (WordPress source CDN offline)
https://www.beauticate.com/sigourneys-edit/edit/i-reset-my-ring-and-you-can-win-the-chance-to-as-well/,content/sigourneys-edit/edit/i-reset-my-ring-and-you-can-win-the-chance-to-as-well/i-reset-my-ring-and-you-can-win-the-chance-to-as-well.mdx,sigourneys-edit,2020-10-06,True,correct,clean,10,0,0,0,0,0,0,0,0,0,position-correctness: not verifiable (WordPress source CDN offline)
https://www.beauticate.com/sigourneys-edit/edit/is-emface-the-new-needle-free-alternative-to-fillers/,content/sigourneys-edit/edit/is-emface-the-new-needle-free-alternative-to-fillers/is-emface-the-new-needle-free-alternative-to-fillers.mdx,sigourneys-edit,2024-02-23,True,broken,portrait-render,2,0,1,1,0,1,0,0,0,0,1 small/tall portrait(s) as plain markdown → render tiny & left-flush (portrait-standard violation); 1 landscape plain-md image(s) → fill body measure (acceptable); position-correctness: not verifiable (WordPress source CDN offline)
https://www.beauticate.com/sigourneys-edit/edit/lake-como-sigourneys-edit-1/,content/sigourneys-edit/edit/lake-como-sigourneys-edit-1/lake-como-sigourneys-edit-1.mdx,sigourneys-edit,2015-07-01,True,correct,clean,8,0,0,0,0,8,0,0,0,0,8 landscape plain-md image(s) → fill body measure (acceptable); position-correctness: not verifiable (WordPress source CDN offline)
https://www.beauticate.com/sigourneys-edit/edit/luxe-festive-beauty-looks/,content/sigourneys-edit/edit/luxe-festive-beauty-looks/luxe-festive-beauty-looks.mdx,sigourneys-edit,2018-11-22,True,broken,portrait-render,24,0,1,1,15,2,0,0,0,0,1 small/tall portrait(s) as plain markdown → render tiny & left-flush (portrait-standard violation); 15 portrait(s) inside consecutive-image grid (cover-cropped gallery); 2 landscape plain-md image(s) → fill body measure (acceptable); position-correctness: not verifiable (WordPress source CDN offline)
https://www.beauticate.com/sigourneys-edit/edit/madrid-sigourneys-edit/,content/sigourneys-edit/edit/madrid-sigourneys-edit/madrid-sigourneys-edit.mdx,sigourneys-edit,2019-01-30,True,broken,portrait-render,24,0,3,3,8,6,0,0,0,0,3 small/tall portrait(s) as plain markdown → render tiny & left-flush (portrait-standard violation); 8 portrait(s) inside consecutive-image grid (cover-cropped gallery); 6 landscape plain-md image(s) → fill body measure (acceptable); position-correctness: not verifiable (WordPress source CDN offline)
https://www.beauticate.com/sigourneys-edit/edit/minensseys-amazing-new-body-duo-smells-just-like-spring/,content/sigourneys-edit/edit/minensseys-amazing-new-body-duo-smells-just-like-spring/minensseys-amazing-new-body-duo-smells-just-like-spring.mdx,sigourneys-edit,2021-07-06,True,correct,clean,5,0,0,0,0,0,0,0,0,0,position-correctness: not verifiable (WordPress source CDN offline)
https://www.beauticate.com/sigourneys-edit/edit/my-current-morning-routine/,content/sigourneys-edit/edit/my-current-morning-routine/my-current-morning-routine.mdx,sigourneys-edit,2022-07-12,True,correct,clean,10,0,0,0,0,0,0,0,0,0,position-correctness: not verifiable (WordPress source CDN offline)
https://www.beauticate.com/sigourneys-edit/edit/my-festive-season-essentials-and-salon-go-tos-sigourneys-edit/,content/sigourneys-edit/edit/my-festive-season-essentials-and-salon-go-tos-sigourneys-edit/my-festive-season-essentials-and-salon-go-tos-sigourneys-edit.mdx,sigourneys-edit,2019-12-11,True,broken,portrait-render,11,0,4,4,1,2,0,0,0,0,4 small/tall portrait(s) as plain markdown → render tiny & left-flush (portrait-standard violation); 1 portrait(s) inside consecutive-image grid (cover-cropped gallery); 2 landscape plain-md image(s) → fill body measure (acceptable); position-correctness: not verifiable (WordPress source CDN offline)
https://www.beauticate.com/sigourneys-edit/edit/my-home-renovations-the-lessons-i-learnt/,content/sigourneys-edit/edit/my-home-renovations-the-lessons-i-learnt/my-home-renovations-the-lessons-i-learnt.mdx,sigourneys-edit,2019-06-26,True,correct,clean,18,0,0,0,0,0,0,0,0,0,position-correctness: not verifiable (WordPress source CDN offline)
https://www.beauticate.com/sigourneys-edit/edit/my-morning-routine-and-fiveminuteface-sigourneys-edit/,content/sigourneys-edit/edit/my-morning-routine-and-fiveminuteface-sigourneys-edit/my-morning-routine-and-fiveminuteface-sigourneys-edit.mdx,sigourneys-edit,2017-05-26,True,correct,clean,7,0,0,0,0,0,0,0,0,0,position-correctness: not verifiable (WordPress source CDN offline)
https://www.beauticate.com/sigourneys-edit/edit/my-obsessive-search-for-the-perfect-hand-wash-ends-here/,content/sigourneys-edit/edit/my-obsessive-search-for-the-perfect-hand-wash-ends-here/my-obsessive-search-for-the-perfect-hand-wash-ends-here.mdx,sigourneys-edit,2020-10-26,True,correct,clean,4,0,0,0,0,0,0,0,0,0,position-correctness: not verifiable (WordPress source CDN offline)
https://www.beauticate.com/sigourneys-edit/edit/our-new-daily-routine-sigourneys-edit/,content/sigourneys-edit/edit/our-new-daily-routine-sigourneys-edit/our-new-daily-routine-sigourneys-edit.mdx,sigourneys-edit,2020-04-07,True,broken,portrait-render,19,0,1,1,3,6,0,0,0,0,1 small/tall portrait(s) as plain markdown → render tiny & left-flush (portrait-standard violation); 3 portrait(s) inside consecutive-image grid (cover-cropped gallery); 6 landscape plain-md image(s) → fill body measure (acceptable); position-correctness: not verifiable (WordPress source CDN offline)
https://www.beauticate.com/sigourneys-edit/edit/prevage-2-0-review-sigourney-road-tests-the-antioxidant-all-in-one/,content/sigourneys-edit/edit/prevage-2-0-review-sigourney-road-tests-the-antioxidant-all-in-one/prevage-2-0-review-sigourney-road-tests-the-antioxidant-all-in-one.mdx,sigourneys-edit,2021-06-15,True,correct,clean,5,0,0,0,0,0,0,0,0,0,position-correctness: not verifiable (WordPress source CDN offline)
https://www.beauticate.com/sigourneys-edit/edit/santa-monica-sigourneys-edit/,content/sigourneys-edit/edit/santa-monica-sigourneys-edit/santa-monica-sigourneys-edit.mdx,sigourneys-edit,2015-03-18,True,correct,clean,8,0,0,0,0,8,0,0,0,0,8 landscape plain-md image(s) → fill body measure (acceptable); position-correctness: not verifiable (WordPress source CDN offline)
https://www.beauticate.com/sigourneys-edit/edit/sensitive-scalp-moogoo-shampoo-review/,content/sigourneys-edit/edit/sensitive-scalp-moogoo-shampoo-review/sensitive-scalp-moogoo-shampoo-review.mdx,sigourneys-edit,2018-04-10,True,broken,portrait-render,14,0,11,11,2,1,0,0,0,0,11 small/tall portrait(s) as plain markdown → render tiny & left-flush (portrait-standard violation); 2 portrait(s) inside consecutive-image grid (cover-cropped gallery); 1 landscape plain-md image(s) → fill body measure (acceptable); position-correctness: not verifiable (WordPress source CDN offline)
https://www.beauticate.com/sigourneys-edit/edit/sigourney-on-chanels-new-skin-tint/,content/sigourneys-edit/edit/sigourney-on-chanels-new-skin-tint/sigourney-on-chanels-new-skin-tint.mdx,sigourneys-edit,2019-06-12,True,broken,portrait-render,13,0,1,1,10,1,0,0,0,0,1 small/tall portrait(s) as plain markdown → render tiny & left-flush (portrait-standard violation); 10 portrait(s) inside consecutive-image grid (cover-cropped gallery); 1 landscape plain-md image(s) → fill body measure (acceptable); position-correctness: not verifiable (WordPress source CDN offline)
https://www.beauticate.com/sigourneys-edit/edit/sigourney-road-tests-the-latest-window-and-floor-cleaning-robots/,content/sigourneys-edit/edit/sigourney-road-tests-the-latest-window-and-floor-cleaning-robots/sigourney-road-tests-the-latest-window-and-floor-cleaning-robots.mdx,sigourneys-edit,2023-07-13,True,broken,portrait-render,7,0,1,1,0,6,0,0,0,0,1 small/tall portrait(s) as plain markdown → render tiny & left-flush (portrait-standard violation); 6 landscape plain-md image(s) → fill body measure (acceptable); position-correctness: not verifiable (WordPress source CDN offline)
https://www.beauticate.com/sigourneys-edit/edit/sigourney-visits-the-home-of-skincare-brand-bioderma-in-the-south-of-france/,content/sigourneys-edit/edit/sigourney-visits-the-home-of-skincare-brand-bioderma-in-the-south-of-france/sigourney-visits-the-home-of-skincare-brand-bioderma-in-the-south-of-france.mdx,sigourneys-edit,2017-05-23,True,broken,portrait-render,19,0,3,3,15,1,0,0,0,0,3 small/tall portrait(s) as plain markdown → render tiny & left-flush (portrait-standard violation); 15 portrait(s) inside consecutive-image grid (cover-cropped gallery); 1 landscape plain-md image(s) → fill body measure (acceptable); position-correctness: not verifiable (WordPress source CDN offline)
https://www.beauticate.com/sigourneys-edit/edit/sigourneys-edit-a-taste-of-provence/,content/sigourneys-edit/edit/sigourneys-edit-a-taste-of-provence/sigourneys-edit-a-taste-of-provence.mdx,sigourneys-edit,2016-01-12,True,correct,clean,8,0,0,0,0,8,0,0,0,0,8 landscape plain-md image(s) → fill body measure (acceptable); position-correctness: not verifiable (WordPress source CDN offline)
https://www.beauticate.com/sigourneys-edit/edit/sigourneys-edit-baby/,content/sigourneys-edit/edit/sigourneys-edit-baby/sigourneys-edit-baby.mdx,sigourneys-edit,2014-07-10,True,broken,portrait-render,18,0,5,5,4,1,0,0,0,0,5 small/tall portrait(s) as plain markdown → render tiny & left-flush (portrait-standard violation); 4 portrait(s) inside consecutive-image grid (cover-cropped gallery); 1 landscape plain-md image(s) → fill body measure (acceptable); position-correctness: not verifiable (WordPress source CDN offline)
https://www.beauticate.com/sigourneys-edit/edit/sigourneys-edit-dior-makeover/,content/sigourneys-edit/edit/sigourneys-edit-dior-makeover/sigourneys-edit-dior-makeover.mdx,sigourneys-edit,2014-10-16,True,broken,portrait-render,6,0,6,6,0,0,0,0,0,0,6 small/tall portrait(s) as plain markdown → render tiny & left-flush (portrait-standard violation); position-correctness: not verifiable (WordPress source CDN offline)
https://www.beauticate.com/sigourneys-edit/edit/sigourneys-edit-endless-summer/,content/sigourneys-edit/edit/sigourneys-edit-endless-summer/sigourneys-edit-endless-summer.mdx,sigourneys-edit,2014-02-27,True,broken,portrait-render,13,0,8,8,0,0,0,0,0,0,8 small/tall portrait(s) as plain markdown → render tiny & left-flush (portrait-standard violation); position-correctness: not verifiable (WordPress source CDN offline)
https://www.beauticate.com/sigourneys-edit/edit/sigourneys-edit-everything-im-buying-this-summer/,content/sigourneys-edit/edit/sigourneys-edit-everything-im-buying-this-summer/sigourneys-edit-everything-im-buying-this-summer.mdx,sigourneys-edit,2020-12-15,True,correct,clean,36,0,0,0,0,0,0,0,0,0,position-correctness: not verifiable (WordPress source CDN offline)
https://www.beauticate.com/sigourneys-edit/edit/taking-a-beauty-to-shanghai-sigourneys-edit/,content/sigourneys-edit/edit/taking-a-beauty-to-shanghai-sigourneys-edit/taking-a-beauty-to-shanghai-sigourneys-edit.mdx,sigourneys-edit,2019-09-18,True,broken,portrait-render,41,0,11,11,14,1,0,0,0,0,11 small/tall portrait(s) as plain markdown → render tiny & left-flush (portrait-standard violation); 14 portrait(s) inside consecutive-image grid (cover-cropped gallery); 1 landscape plain-md image(s) → fill body measure (acceptable); position-correctness: not verifiable (WordPress source CDN offline)
https://www.beauticate.com/sigourneys-edit/edit/the-backstage-multi-masking-secret-i-picked-up-at-fashion-week/,content/sigourneys-edit/edit/the-backstage-multi-masking-secret-i-picked-up-at-fashion-week/the-backstage-multi-masking-secret-i-picked-up-at-fashion-week.mdx,sigourneys-edit,2019-06-03,True,correct,clean,12,0,0,0,0,0,0,0,0,0,position-correctness: not verifiable (WordPress source CDN offline)
https://www.beauticate.com/sigourneys-edit/edit/the-gifts-youll-be-most-grateful-for/,content/sigourneys-edit/edit/the-gifts-youll-be-most-grateful-for/the-gifts-youll-be-most-grateful-for.mdx,sigourneys-edit,2018-12-17,True,correct,clean,2,0,0,0,0,0,0,0,0,0,position-correctness: not verifiable (WordPress source CDN offline)
https://www.beauticate.com/sigourneys-edit/edit/the-next-wine-country-road-trip-you-need-to-have/,content/sigourneys-edit/edit/the-next-wine-country-road-trip-you-need-to-have/the-next-wine-country-road-trip-you-need-to-have.mdx,sigourneys-edit,2019-07-22,True,broken,portrait-render,13,0,1,1,4,2,0,0,0,0,1 small/tall portrait(s) as plain markdown → render tiny & left-flush (portrait-standard violation); 4 portrait(s) inside consecutive-image grid (cover-cropped gallery); 2 landscape plain-md image(s) → fill body measure (acceptable); position-correctness: not verifiable (WordPress source CDN offline)
https://www.beauticate.com/sigourneys-edit/edit/the-one-step-cleanse-that-saves-vital-seconds/,content/sigourneys-edit/edit/the-one-step-cleanse-that-saves-vital-seconds/the-one-step-cleanse-that-saves-vital-seconds.mdx,sigourneys-edit,2021-02-15,True,correct,clean,7,0,0,0,0,0,0,0,0,0,position-correctness: not verifiable (WordPress source CDN offline)
https://www.beauticate.com/sigourneys-edit/edit/the-weho-sigourneys-edit/,content/sigourneys-edit/edit/the-weho-sigourneys-edit/the-weho-sigourneys-edit.mdx,sigourneys-edit,2015-05-19,True,correct,clean,8,0,0,0,0,8,0,0,0,0,8 landscape plain-md image(s) → fill body measure (acceptable); position-correctness: not verifiable (WordPress source CDN offline)
https://www.beauticate.com/sigourneys-edit/edit/these-budget-body-products-pack-a-powerful-punch/,content/sigourneys-edit/edit/these-budget-body-products-pack-a-powerful-punch/these-budget-body-products-pack-a-powerful-punch.mdx,sigourneys-edit,2021-06-29,True,broken,portrait-render,8,0,4,4,0,2,0,0,0,0,4 small/tall portrait(s) as plain markdown → render tiny & left-flush (portrait-standard violation); 2 landscape plain-md image(s) → fill body measure (acceptable); position-correctness: not verifiable (WordPress source CDN offline)
https://www.beauticate.com/sigourneys-edit/edit/this-cult-cream-has-expanded-into-a-range-and-were-giving-5-packs-away/,content/sigourneys-edit/edit/this-cult-cream-has-expanded-into-a-range-and-were-giving-5-packs-away/this-cult-cream-has-expanded-into-a-range-and-were-giving-5-packs-away.mdx,sigourneys-edit,2019-05-14,True,broken,portrait-render,14,0,9,9,1,3,0,0,0,0,9 small/tall portrait(s) as plain markdown → render tiny & left-flush (portrait-standard violation); 1 portrait(s) inside consecutive-image grid (cover-cropped gallery); 3 landscape plain-md image(s) → fill body measure (acceptable); position-correctness: not verifiable (WordPress source CDN offline)
https://www.beauticate.com/sigourneys-edit/edit/this-dry-shampoo-is-better-for-you-and-your-hair/,content/sigourneys-edit/edit/this-dry-shampoo-is-better-for-you-and-your-hair/this-dry-shampoo-is-better-for-you-and-your-hair.mdx,sigourneys-edit,2020-06-10,True,broken,portrait-render,11,0,6,6,2,1,0,0,0,0,6 small/tall portrait(s) as plain markdown → render tiny & left-flush (portrait-standard violation); 2 portrait(s) inside consecutive-image grid (cover-cropped gallery); 1 landscape plain-md image(s) → fill body measure (acceptable); position-correctness: not verifiable (WordPress source CDN offline)
https://www.beauticate.com/sigourneys-edit/edit/this-pharmacy-product-fixed-my-freaked-out-skin/,content/sigourneys-edit/edit/this-pharmacy-product-fixed-my-freaked-out-skin/this-pharmacy-product-fixed-my-freaked-out-skin.mdx,sigourneys-edit,2020-11-11,True,broken,portrait-render,8,0,1,1,0,4,0,0,0,0,1 small/tall portrait(s) as plain markdown → render tiny & left-flush (portrait-standard violation); 4 landscape plain-md image(s) → fill body measure (acceptable); position-correctness: not verifiable (WordPress source CDN offline)
https://www.beauticate.com/sigourneys-edit/edit/three-meadows/,content/sigourneys-edit/edit/three-meadows/three-meadows.mdx,sigourneys-edit,2024-12-18,True,correct,clean,12,0,0,0,0,0,0,0,0,0,position-correctness: not verifiable (WordPress source CDN offline)
https://www.beauticate.com/sigourneys-edit/edit/tokyo-24-hours-family-itinerary/,content/sigourneys-edit/edit/tokyo-24-hours-family-itinerary/tokyo-24-hours-family-itinerary.mdx,sigourneys-edit,2025-05-10,True,correct,clean,13,0,0,0,0,0,0,0,0,0,position-correctness: not verifiable (WordPress source CDN offline)
https://www.beauticate.com/sigourneys-edit/edit/travel-diary-soneva-kiri-sigourneys-edit/,content/sigourneys-edit/edit/travel-diary-soneva-kiri-sigourneys-edit/travel-diary-soneva-kiri-sigourneys-edit.mdx,sigourneys-edit,2019-05-13,True,broken,portrait-render,18,0,2,2,7,2,0,0,0,0,2 small/tall portrait(s) as plain markdown → render tiny & left-flush (portrait-standard violation); 7 portrait(s) inside consecutive-image grid (cover-cropped gallery); 2 landscape plain-md image(s) → fill body measure (acceptable); position-correctness: not verifiable (WordPress source CDN offline)
https://www.beauticate.com/sigourneys-edit/edit/why-facial-oil-is-my-holy-grail/,content/sigourneys-edit/edit/why-facial-oil-is-my-holy-grail/why-facial-oil-is-my-holy-grail.mdx,sigourneys-edit,2020-10-21,True,broken,portrait-render,14,0,4,4,1,6,0,0,0,0,4 small/tall portrait(s) as plain markdown → render tiny & left-flush (portrait-standard violation); 1 portrait(s) inside consecutive-image grid (cover-cropped gallery); 6 landscape plain-md image(s) → fill body measure (acceptable); position-correctness: not verifiable (WordPress source CDN offline)
https://www.beauticate.com/sigourneys-edit/edit/why-you-need-to-try-this-antioxidant-pumped-range/,content/sigourneys-edit/edit/why-you-need-to-try-this-antioxidant-pumped-range/why-you-need-to-try-this-antioxidant-pumped-range.mdx,sigourneys-edit,2020-09-23,True,correct,clean,10,0,0,0,0,0,0,0,0,0,position-correctness: not verifiable (WordPress source CDN offline)
https://www.beauticate.com/sigourneys-edit/edit/winter-beauty-rituals/,content/sigourneys-edit/edit/winter-beauty-rituals/winter-beauty-rituals.mdx,sigourneys-edit,2025-08-10,True,correct,clean,6,0,0,0,0,0,0,0,0,0,position-correctness: not verifiable (WordPress source CDN offline)
https://www.beauticate.com/sigourneys-edit/how-i-built-this/,content/sigourneys-edit/how-i-built-this/how-i-built-this.mdx,sigourneys-edit,2026-07-23,False,correct,clean,2,1,0,0,0,2,0,0,0,0,2 landscape plain-md image(s) → fill body measure (acceptable); 1 image(s) already in portrait-aware component(s); position-correctness: not verifiable (WordPress source CDN offline)
https://www.beauticate.com/sigourneys-edit/picks/sigourneys-edit-smart-women-event/,content/sigourneys-edit/picks/sigourneys-edit-smart-women-event/sigourneys-edit-smart-women-event.mdx,sigourneys-edit,2014-09-17,True,broken,portrait-render,59,0,31,31,0,28,0,0,0,0,31 small/tall portrait(s) as plain markdown → render tiny & left-flush (portrait-standard violation); 28 landscape plain-md image(s) → fill body measure (acceptable); position-correctness: not verifiable (WordPress source CDN offline)
https://www.beauticate.com/sigourneys-edit/picks/the-beauty-and-life-lessons-my-mother-taught-me-sigourneys-edit-2/,content/sigourneys-edit/picks/the-beauty-and-life-lessons-my-mother-taught-me-sigourneys-edit-2/the-beauty-and-life-lessons-my-mother-taught-me-sigourneys-edit-2.mdx,sigourneys-edit,2016-05-05,True,correct,clean,10,0,0,0,0,0,0,0,0,0,position-correctness: not verifiable (WordPress source CDN offline)
https://www.beauticate.com/sigourneys-edit/picks/the-best-baby-products-sigourneys-edit/,content/sigourneys-edit/picks/the-best-baby-products-sigourneys-edit/the-best-baby-products-sigourneys-edit.mdx,sigourneys-edit,2016-09-13,True,broken,portrait-render,14,0,2,2,0,1,0,0,0,0,2 small/tall portrait(s) as plain markdown → render tiny & left-flush (portrait-standard violation); 1 landscape plain-md image(s) → fill body measure (acceptable); position-correctness: not verifiable (WordPress source CDN offline)
https://www.beauticate.com/sigourneys-edit/picks/what-im-teaching-my-kids-about-beauty-sigourneys-edit/,content/sigourneys-edit/picks/what-im-teaching-my-kids-about-beauty-sigourneys-edit/what-im-teaching-my-kids-about-beauty-sigourneys-edit.mdx,sigourneys-edit,2018-05-02,True,broken,portrait-render,8,0,2,2,2,2,0,0,0,0,2 small/tall portrait(s) as plain markdown → render tiny & left-flush (portrait-standard violation); 2 portrait(s) inside consecutive-image grid (cover-cropped gallery); 2 landscape plain-md image(s) → fill body measure (acceptable); position-correctness: not verifiable (WordPress source CDN offline)
https://www.beauticate.com/sigourneys-edit/qure-shower-filter-review/,content/sigourneys-edit/qure-shower-filter-review/qure-shower-filter-review.mdx,sigourneys-edit,2025-06-11,True,broken,portrait-render,6,0,6,6,0,0,0,0,0,0,6 small/tall portrait(s) as plain markdown → render tiny & left-flush (portrait-standard violation); position-correctness: not verifiable (WordPress source CDN offline)
https://www.beauticate.com/vodcast/episodes/alexa-roetger-on-skin-self-worth-and-starting-over/,content/vodcast/episodes/alexa-roetger-on-skin-self-worth-and-starting-over/alexa-roetger-on-skin-self-worth-and-starting-over.mdx,vodcast,2026-04-24,True,correct,clean,0,0,0,0,0,0,0,0,0,0,position-correctness: not verifiable (WordPress source CDN offline)
https://www.beauticate.com/vodcast/episodes/amy-gerard-on-her-home-reno-social-media-and-that-sex-chapter/,content/vodcast/episodes/amy-gerard-on-her-home-reno-social-media-and-that-sex-chapter/amy-gerard-on-her-home-reno-social-media-and-that-sex-chapter.mdx,vodcast,2024-12-07,True,correct,clean,0,0,0,0,0,0,0,0,0,0,position-correctness: not verifiable (WordPress source CDN offline)
https://www.beauticate.com/vodcast/episodes/amy-gerard-on-motherhood-mental-health-life-s-curveballs-part-2/,content/vodcast/episodes/amy-gerard-on-motherhood-mental-health-life-s-curveballs-part-2/amy-gerard-on-motherhood-mental-health-life-s-curveballs-part-2.mdx,vodcast,2024-12-12,True,correct,clean,1,0,0,0,0,1,0,0,0,0,1 landscape plain-md image(s) → fill body measure (acceptable); position-correctness: not verifiable (WordPress source CDN offline)
https://www.beauticate.com/vodcast/episodes/ashaya-founder-jodie-matthews-on-perimenopause-and-ayurveda/,content/vodcast/episodes/ashaya-founder-jodie-matthews-on-perimenopause-and-ayurveda/ashaya-founder-jodie-matthews-on-perimenopause-and-ayurveda.mdx,vodcast,2024-10-10,True,correct,clean,1,0,0,0,0,1,0,0,0,0,1 landscape plain-md image(s) → fill body measure (acceptable); position-correctness: not verifiable (WordPress source CDN offline)
https://www.beauticate.com/vodcast/episodes/bianca-dye-on-pressure-performance-and-panic-attacks/,content/vodcast/episodes/bianca-dye-on-pressure-performance-and-panic-attacks/bianca-dye-on-pressure-performance-and-panic-attacks.mdx,vodcast,2024-10-18,True,uncertain,portrait-nonstandard,1,0,1,0,0,0,0,0,0,0,1 portrait(s) as plain markdown → not routed through a portrait container; flag: 1-lone-portrait-plain-md; position-correctness: not verifiable (WordPress source CDN offline)
https://www.beauticate.com/vodcast/episodes/celeste-barber-on-adhd-bullying-boundaries-and-the-battle-with-social-media/,content/vodcast/episodes/celeste-barber-on-adhd-bullying-boundaries-and-the-battle-with-social-media/celeste-barber-on-adhd-bullying-boundaries-and-the-battle-with-social-media.mdx,vodcast,2025-10-20,True,correct,clean,3,0,0,0,0,3,0,0,0,0,3 landscape plain-md image(s) → fill body measure (acceptable); position-correctness: not verifiable (WordPress source CDN offline)
https://www.beauticate.com/vodcast/episodes/david-the-medium-on-intuition-healing-and-life-after-death/,content/vodcast/episodes/david-the-medium-on-intuition-healing-and-life-after-death/david-the-medium-on-intuition-healing-and-life-after-death.mdx,vodcast,2025-11-26,True,correct,clean,0,0,0,0,0,0,0,0,0,0,position-correctness: not verifiable (WordPress source CDN offline)
https://www.beauticate.com/vodcast/episodes/davinia-taylor-on-alcohol-addiction-mental-health/,content/vodcast/episodes/davinia-taylor-on-alcohol-addiction-mental-health/davinia-taylor-on-alcohol-addiction-mental-health.mdx,vodcast,2025-02-26,True,correct,clean,1,0,0,0,0,0,0,0,0,0,position-correctness: not verifiable (WordPress source CDN offline)
https://www.beauticate.com/vodcast/episodes/dr-sarah-jane-on-trauma-transformation-and-trusting-the-body/,content/vodcast/episodes/dr-sarah-jane-on-trauma-transformation-and-trusting-the-body/dr-sarah-jane-on-trauma-transformation-and-trusting-the-body.mdx,vodcast,2026-05-07,True,correct,clean,0,0,0,0,0,0,0,0,0,0,position-correctness: not verifiable (WordPress source CDN offline)
https://www.beauticate.com/vodcast/episodes/dr-shefali-tsabary-the-truth-about-conscious-parenting-screens-and-shame/,content/vodcast/episodes/dr-shefali-tsabary-the-truth-about-conscious-parenting-screens-and-shame/dr-shefali-tsabary-the-truth-about-conscious-parenting-screens-and-shame.mdx,vodcast,2026-04-09,True,correct,clean,1,0,0,0,0,1,0,0,0,0,1 landscape plain-md image(s) → fill body measure (acceptable); position-correctness: not verifiable (WordPress source CDN offline)
https://www.beauticate.com/vodcast/episodes/emma-lane-on-sustainability-slow-living-and-the-famous-range-estates/,content/vodcast/episodes/emma-lane-on-sustainability-slow-living-and-the-famous-range-estates/emma-lane-on-sustainability-slow-living-and-the-famous-range-estates.mdx,vodcast,2024-11-14,True,broken,portrait-render,3,0,2,2,0,1,0,0,0,0,2 small/tall portrait(s) as plain markdown → render tiny & left-flush (portrait-standard violation); 1 landscape plain-md image(s) → fill body measure (acceptable); position-correctness: not verifiable (WordPress source CDN offline)
https://www.beauticate.com/vodcast/episodes/gabby-bernstein-on-manifesting-with-compassion-healing-shame-living-the-dream/,content/vodcast/episodes/gabby-bernstein-on-manifesting-with-compassion-healing-shame-living-the-dream/gabby-bernstein-on-manifesting-with-compassion-healing-shame-living-the-dream.mdx,vodcast,2025-04-23,True,correct,clean,0,0,0,0,0,0,0,0,0,0,position-correctness: not verifiable (WordPress source CDN offline)
https://www.beauticate.com/vodcast/episodes/goldfield-banks-founder-dimitri-weber-on-fragrance-and-making-australia-his-muse/,content/vodcast/episodes/goldfield-banks-founder-dimitri-weber-on-fragrance-and-making-australia-his-muse/goldfield-banks-founder-dimitri-weber-on-fragrance-and-making-australia-his-muse.mdx,vodcast,2025-08-07,True,correct,clean,4,0,0,0,0,4,0,0,0,0,4 landscape plain-md image(s) → fill body measure (acceptable); position-correctness: not verifiable (WordPress source CDN offline)
https://www.beauticate.com/vodcast/episodes/guy-sebastian-on-identity-inner-circles-and-rebuilding-self-worth/,content/vodcast/episodes/guy-sebastian-on-identity-inner-circles-and-rebuilding-self-worth/guy-sebastian-on-identity-inner-circles-and-rebuilding-self-worth.mdx,vodcast,2026-01-07,True,correct,clean,3,0,0,0,0,3,0,0,0,0,3 landscape plain-md image(s) → fill body measure (acceptable); position-correctness: not verifiable (WordPress source CDN offline)
https://www.beauticate.com/vodcast/episodes/jane-wurwand-on-overcoming-adversity-finding-purpose-building-a-billion-dollar-brand/,content/vodcast/episodes/jane-wurwand-on-overcoming-adversity-finding-purpose-building-a-billion-dollar-brand/jane-wurwand-on-overcoming-adversity-finding-purpose-building-a-billion-dollar-brand.mdx,vodcast,2025-03-14,True,correct,clean,1,0,0,0,0,1,0,0,0,0,1 landscape plain-md image(s) → fill body measure (acceptable); position-correctness: not verifiable (WordPress source CDN offline)
https://www.beauticate.com/vodcast/episodes/jess-sepel-on-ocd-healing-from-disordered-eating-grief-and-building-jshealth-wit/,content/vodcast/episodes/jess-sepel-on-ocd-healing-from-disordered-eating-grief-and-building-jshealth-wit/jess-sepel-on-ocd-healing-from-disordered-eating-grief-and-building-jshealth-wit.mdx,vodcast,2025-05-14,True,correct,clean,1,0,0,0,0,1,0,0,0,0,1 landscape plain-md image(s) → fill body measure (acceptable); position-correctness: not verifiable (WordPress source CDN offline)
https://www.beauticate.com/vodcast/episodes/jessica-maguire-on-why-anxiety-gut-issues-and-chronic-pain-are-all-connected/,content/vodcast/episodes/jessica-maguire-on-why-anxiety-gut-issues-and-chronic-pain-are-all-connected/jessica-maguire-on-why-anxiety-gut-issues-and-chronic-pain-are-all-connected.mdx,vodcast,2025-03-26,True,correct,clean,1,0,0,0,0,1,0,0,0,0,1 landscape plain-md image(s) → fill body measure (acceptable); position-correctness: not verifiable (WordPress source CDN offline)
https://www.beauticate.com/vodcast/episodes/leigh-campbell-on-fertility-struggles-social-media-self-care-part-2/,content/vodcast/episodes/leigh-campbell-on-fertility-struggles-social-media-self-care-part-2/leigh-campbell-on-fertility-struggles-social-media-self-care-part-2.mdx,vodcast,2024-09-26,True,correct,clean,0,0,0,0,0,0,0,0,0,0,position-correctness: not verifiable (WordPress source CDN offline)
https://www.beauticate.com/vodcast/episodes/lifestyle-journalist-leigh-campbell-on-loss-love-and-adult-adhd/,content/vodcast/episodes/lifestyle-journalist-leigh-campbell-on-loss-love-and-adult-adhd/lifestyle-journalist-leigh-campbell-on-loss-love-and-adult-adhd.mdx,vodcast,2024-09-19,True,correct,clean,1,0,0,0,0,0,0,0,0,0,position-correctness: not verifiable (WordPress source CDN offline)
https://www.beauticate.com/vodcast/episodes/lindsay-price-on-healing-childhood-trauma-life-with-curtis-stone-and-her-hollywo/,content/vodcast/episodes/lindsay-price-on-healing-childhood-trauma-life-with-curtis-stone-and-her-hollywo/lindsay-price-on-healing-childhood-trauma-life-with-curtis-stone-and-her-hollywo.mdx,vodcast,2025-04-09,True,correct,clean,0,0,0,0,0,0,0,0,0,0,position-correctness: not verifiable (WordPress source CDN offline)
https://www.beauticate.com/vodcast/episodes/lipstick-queen-poppy-king-on-the-psychological-impact-of-cosmetics/,content/vodcast/episodes/lipstick-queen-poppy-king-on-the-psychological-impact-of-cosmetics/lipstick-queen-poppy-king-on-the-psychological-impact-of-cosmetics.mdx,vodcast,2024-08-08,True,correct,clean,0,0,0,0,0,0,0,0,0,0,position-correctness: not verifiable (WordPress source CDN offline)
https://www.beauticate.com/vodcast/episodes/lola-berry-on-ivf-trauma-cancel-culture-finding-peace-after-heartbreak/,content/vodcast/episodes/lola-berry-on-ivf-trauma-cancel-culture-finding-peace-after-heartbreak/lola-berry-on-ivf-trauma-cancel-culture-finding-peace-after-heartbreak.mdx,vodcast,2025-06-14,True,broken,portrait-render,2,0,1,1,0,1,0,0,0,0,1 small/tall portrait(s) as plain markdown → render tiny & left-flush (portrait-standard violation); 1 landscape plain-md image(s) → fill body measure (acceptable); position-correctness: not verifiable (WordPress source CDN offline)
https://www.beauticate.com/vodcast/episodes/miranda-kerr-on-faith-family-and-that-first-date-where-he-fell-asleep/,content/vodcast/episodes/miranda-kerr-on-faith-family-and-that-first-date-where-he-fell-asleep/miranda-kerr-on-faith-family-and-that-first-date-where-he-fell-asleep.mdx,vodcast,2025-02-12,True,broken,portrait-render,5,0,1,1,0,4,0,0,0,0,1 small/tall portrait(s) as plain markdown → render tiny & left-flush (portrait-standard violation); 4 landscape plain-md image(s) → fill body measure (acceptable); position-correctness: not verifiable (WordPress source CDN offline)
https://www.beauticate.com/vodcast/episodes/mukti-organics-founder-on-trauma-truth-and-building-a-beauty-brand-with-purpose/,content/vodcast/episodes/mukti-organics-founder-on-trauma-truth-and-building-a-beauty-brand-with-purpose/mukti-organics-founder-on-trauma-truth-and-building-a-beauty-brand-with-purpose.mdx,vodcast,2025-07-03,True,correct,clean,0,0,0,0,0,0,0,0,0,0,position-correctness: not verifiable (WordPress source CDN offline)
https://www.beauticate.com/vodcast/episodes/nagnata-founder-laura-may-gibbs-on-sustainability-style-and-self-care/,content/vodcast/episodes/nagnata-founder-laura-may-gibbs-on-sustainability-style-and-self-care/nagnata-founder-laura-may-gibbs-on-sustainability-style-and-self-care.mdx,vodcast,2024-11-21,True,correct,clean,0,0,0,0,0,0,0,0,0,0,position-correctness: not verifiable (WordPress source CDN offline)
https://www.beauticate.com/vodcast/episodes/olivia-arezzolo-interview/,content/vodcast/episodes/olivia-arezzolo-interview/olivia-arezzolo-interview.mdx,vodcast,2025-11-12,True,correct,clean,0,0,0,0,0,0,0,0,0,0,position-correctness: not verifiable (WordPress source CDN offline)
https://www.beauticate.com/vodcast/episodes/pip-edwards-from-perfectionism-to-self-compassion/,content/vodcast/episodes/pip-edwards-from-perfectionism-to-self-compassion/pip-edwards-from-perfectionism-to-self-compassion.mdx,vodcast,2024-07-22,True,correct,clean,0,0,0,0,0,0,0,0,0,0,position-correctness: not verifiable (WordPress source CDN offline)
https://www.beauticate.com/vodcast/episodes/sacred-six-6-things-from-india-that-changed-my-life/,content/vodcast/episodes/sacred-six-6-things-from-india-that-changed-my-life/sacred-six-6-things-from-india-that-changed-my-life.mdx,vodcast,2024-12-18,True,broken,portrait-render,1,0,1,1,0,0,0,0,0,0,1 small/tall portrait(s) as plain markdown → render tiny & left-flush (portrait-standard violation); position-correctness: not verifiable (WordPress source CDN offline)
https://www.beauticate.com/vodcast/episodes/sacred-six-6-ways-im-going-to-live-longer/,content/vodcast/episodes/sacred-six-6-ways-im-going-to-live-longer/sacred-six-6-ways-im-going-to-live-longer.mdx,vodcast,2024-11-02,True,correct,clean,0,0,0,0,0,0,0,0,0,0,position-correctness: not verifiable (WordPress source CDN offline)
https://www.beauticate.com/vodcast/episodes/sacred-six-on-escape-intention-and-the-spas-that-shape-us/,content/vodcast/episodes/sacred-six-on-escape-intention-and-the-spas-that-shape-us/sacred-six-on-escape-intention-and-the-spas-that-shape-us.mdx,vodcast,2026-01-22,True,correct,clean,3,0,0,0,0,3,0,0,0,0,3 landscape plain-md image(s) → fill body measure (acceptable); position-correctness: not verifiable (WordPress source CDN offline)
https://www.beauticate.com/vodcast/episodes/sacred-six-on-on-stress-sanity-and-sacred-rituals/,content/vodcast/episodes/sacred-six-on-on-stress-sanity-and-sacred-rituals/sacred-six-on-on-stress-sanity-and-sacred-rituals.mdx,vodcast,2026-06-17,True,correct,clean,0,0,0,0,0,0,0,0,0,0,position-correctness: not verifiable (WordPress source CDN offline)
https://www.beauticate.com/vodcast/episodes/sacred-six-the-rituals-practices-helping-me-heal-from-burnout/,content/vodcast/episodes/sacred-six-the-rituals-practices-helping-me-heal-from-burnout/sacred-six-the-rituals-practices-helping-me-heal-from-burnout.mdx,vodcast,2025-08-28,True,correct,clean,5,0,0,0,0,5,0,0,0,0,5 landscape plain-md image(s) → fill body measure (acceptable); position-correctness: not verifiable (WordPress source CDN offline)
https://www.beauticate.com/vodcast/episodes/sigourney-on-career-social-media-and-mental-health-struggles-part-1/,content/vodcast/episodes/sigourney-on-career-social-media-and-mental-health-struggles-part-1/sigourney-on-career-social-media-and-mental-health-struggles-part-1.mdx,vodcast,2024-07-01,True,correct,clean,0,0,0,0,0,0,0,0,0,0,position-correctness: not verifiable (WordPress source CDN offline)
https://www.beauticate.com/vodcast/episodes/sigourney-on-the-treatment-centre-and-finding-purpose-part-2/,content/vodcast/episodes/sigourney-on-the-treatment-centre-and-finding-purpose-part-2/sigourney-on-the-treatment-centre-and-finding-purpose-part-2.mdx,vodcast,2024-07-08,True,correct,clean,0,0,0,0,0,0,0,0,0,0,position-correctness: not verifiable (WordPress source CDN offline)
https://www.beauticate.com/vodcast/episodes/sigourneys-sacred-six-for-ultimate-wellness/,content/vodcast/episodes/sigourneys-sacred-six-for-ultimate-wellness/sigourneys-sacred-six-for-ultimate-wellness.mdx,vodcast,2024-08-27,True,broken,portrait-render,2,0,1,1,0,1,0,0,0,0,1 small/tall portrait(s) as plain markdown → render tiny & left-flush (portrait-standard violation); 1 landscape plain-md image(s) → fill body measure (acceptable); position-correctness: not verifiable (WordPress source CDN offline)
https://www.beauticate.com/vodcast/episodes/susan-yara-on-reinvention-resilience-and-rebuilding-trust/,content/vodcast/episodes/susan-yara-on-reinvention-resilience-and-rebuilding-trust/susan-yara-on-reinvention-resilience-and-rebuilding-trust.mdx,vodcast,2026-04-16,True,correct,clean,1,0,0,0,0,1,0,0,0,0,1 landscape plain-md image(s) → fill body measure (acceptable); position-correctness: not verifiable (WordPress source CDN offline)
https://www.beauticate.com/vodcast/episodes/synergie-skin-founder-terri-vinson-jones-on-body-image-anxiety-and-self-worth/,content/vodcast/episodes/synergie-skin-founder-terri-vinson-jones-on-body-image-anxiety-and-self-worth/synergie-skin-founder-terri-vinson-jones-on-body-image-anxiety-and-self-worth.mdx,vodcast,2025-05-29,True,broken,portrait-render,1,0,1,1,0,0,0,0,0,0,1 small/tall portrait(s) as plain markdown → render tiny & left-flush (portrait-standard violation); position-correctness: not verifiable (WordPress source CDN offline)
https://www.beauticate.com/vodcast/episodes/talking-perimenopause-with-ashaya-founder-jodie-matthews/,content/vodcast/episodes/talking-perimenopause-with-ashaya-founder-jodie-matthews/talking-perimenopause-with-ashaya-founder-jodie-matthews.mdx,vodcast,2024-10-10,True,correct,clean,0,0,0,0,0,0,0,0,0,0,position-correctness: not verifiable (WordPress source CDN offline)
https://www.beauticate.com/vodcast/episodes/tanya-ali-jalani-on-awakening-mental-health-and-the-human-side-of-healing/,content/vodcast/episodes/tanya-ali-jalani-on-awakening-mental-health-and-the-human-side-of-healing/tanya-ali-jalani-on-awakening-mental-health-and-the-human-side-of-healing.mdx,vodcast,2025-12-17,True,correct,clean,0,0,0,0,0,0,0,0,0,0,position-correctness: not verifiable (WordPress source CDN offline)
https://www.beauticate.com/vodcast/episodes/trinny-woodall-on-ivf-acne-and-boarding-school/,content/vodcast/episodes/trinny-woodall-on-ivf-acne-and-boarding-school/trinny-woodall-on-ivf-acne-and-boarding-school.mdx,vodcast,2024-06-30,True,correct,clean,0,0,0,0,0,0,0,0,0,0,position-correctness: not verifiable (WordPress source CDN offline)
https://www.beauticate.com/vodcast/episodes/trinny-woodall-on-purpose-pressure-and-picking-yourself-back-up/,content/vodcast/episodes/trinny-woodall-on-purpose-pressure-and-picking-yourself-back-up/trinny-woodall-on-purpose-pressure-and-picking-yourself-back-up.mdx,vodcast,2026-04-02,True,correct,clean,0,0,0,0,0,0,0,0,0,0,position-correctness: not verifiable (WordPress source CDN offline)
https://www.beauticate.com/vodcast/episodes/vedic-meditation-teacher-gary-gorrow-on-designing-sacred-spaces/,content/vodcast/episodes/vedic-meditation-teacher-gary-gorrow-on-designing-sacred-spaces/vedic-meditation-teacher-gary-gorrow-on-designing-sacred-spaces.mdx,vodcast,2024-11-28,True,correct,clean,0,0,0,0,0,0,0,0,0,0,position-correctness: not verifiable (WordPress source CDN offline)
https://www.beauticate.com/vodcast/episodes/welcome-to-beautiful-inside-trailer/,content/vodcast/episodes/welcome-to-beautiful-inside-trailer/welcome-to-beautiful-inside-trailer.mdx,vodcast,2024-06-30,True,correct,clean,0,0,0,0,0,0,0,0,0,0,position-correctness: not verifiable (WordPress source CDN offline)
https://www.beauticate.com/vodcast/episodes/wellness-expert-leah-simmons-on-how-to-transform-your-mind-and-body/,content/vodcast/episodes/wellness-expert-leah-simmons-on-how-to-transform-your-mind-and-body/wellness-expert-leah-simmons-on-how-to-transform-your-mind-and-body.mdx,vodcast,2024-10-03,True,correct,clean,0,0,0,0,0,0,0,0,0,0,position-correctness: not verifiable (WordPress source CDN offline)
https://www.beauticate.com/wellness/biohacking/are-at-home-led-masks-worth-the-cost/,content/wellness/biohacking/are-at-home-led-masks-worth-the-cost/are-at-home-led-masks-worth-the-cost.mdx,wellness,2023-05-10,True,broken,portrait-render,8,0,6,6,0,2,0,0,0,0,6 small/tall portrait(s) as plain markdown → render tiny & left-flush (portrait-standard violation); 2 landscape plain-md image(s) → fill body measure (acceptable); position-correctness: not verifiable (WordPress source CDN offline)
https://www.beauticate.com/wellness/biohacking/cryotherapy-the-beauty-trend-you-need-to-have-on-your-radar/,content/wellness/biohacking/cryotherapy-the-beauty-trend-you-need-to-have-on-your-radar/cryotherapy-the-beauty-trend-you-need-to-have-on-your-radar.mdx,wellness,2021-04-27,True,broken,portrait-render,9,0,3,3,0,0,0,0,0,0,3 small/tall portrait(s) as plain markdown → render tiny & left-flush (portrait-standard violation); position-correctness: not verifiable (WordPress source CDN offline)
https://www.beauticate.com/wellness/biohacking/fail-free-ways-reset-health/,content/wellness/biohacking/fail-free-ways-reset-health/fail-free-ways-reset-health.mdx,wellness,2019-01-17,True,correct,clean,11,0,0,0,0,0,0,0,0,0,position-correctness: not verifiable (WordPress source CDN offline)
https://www.beauticate.com/wellness/biohacking/how-my-smart-watch-saved-my-life-sigourneys-edit/,content/wellness/biohacking/how-my-smart-watch-saved-my-life-sigourneys-edit/how-my-smart-watch-saved-my-life-sigourneys-edit.mdx,wellness,2017-10-31,True,correct,clean,3,0,0,0,0,3,0,0,0,0,3 landscape plain-md image(s) → fill body measure (acceptable); position-correctness: not verifiable (WordPress source CDN offline)
https://www.beauticate.com/wellness/biohacking/latest-injectable-trends/,content/wellness/biohacking/latest-injectable-trends/latest-injectable-trends.mdx,wellness,2025-08-10,True,broken,portrait-render,4,1,1,1,0,3,0,0,0,0,1 small/tall portrait(s) as plain markdown → render tiny & left-flush (portrait-standard violation); 3 landscape plain-md image(s) → fill body measure (acceptable); 1 image(s) already in portrait-aware component(s); position-correctness: not verifiable (WordPress source CDN offline)
https://www.beauticate.com/wellness/biohacking/qure-neck-decolletage-led-device/,content/wellness/biohacking/qure-neck-decolletage-led-device/qure-neck-decolletage-led-device.mdx,wellness,2025-09-05,True,correct,clean,9,0,0,0,0,4,0,0,0,0,4 landscape plain-md image(s) → fill body measure (acceptable); position-correctness: not verifiable (WordPress source CDN offline)
https://www.beauticate.com/wellness/biohacking/red-light-therapy-infraredi-review/,content/wellness/biohacking/red-light-therapy-infraredi-review/red-light-therapy-infraredi-review.mdx,wellness,2025-05-14,True,broken,portrait-render,7,0,2,2,0,5,0,0,0,0,2 small/tall portrait(s) as plain markdown → render tiny & left-flush (portrait-standard violation); 5 landscape plain-md image(s) → fill body measure (acceptable); position-correctness: not verifiable (WordPress source CDN offline)
https://www.beauticate.com/wellness/biohacking/sigourneys-sleep-edit/,content/wellness/biohacking/sigourneys-sleep-edit/sigourneys-sleep-edit.mdx,wellness,2026-05-29,True,correct,clean,0,0,0,0,0,0,0,0,0,0,position-correctness: not verifiable (WordPress source CDN offline)
https://www.beauticate.com/wellness/biohacking/the-10-wellness-apps-were-obsessed-with-right-now/,content/wellness/biohacking/the-10-wellness-apps-were-obsessed-with-right-now/the-10-wellness-apps-were-obsessed-with-right-now.mdx,wellness,2020-02-11,True,correct,clean,10,0,0,0,1,5,0,0,0,0,1 portrait(s) inside consecutive-image grid (cover-cropped gallery); 5 landscape plain-md image(s) → fill body measure (acceptable); position-correctness: not verifiable (WordPress source CDN offline)
https://www.beauticate.com/wellness/biohacking/the-led-mask-the-industry-is-buzzing-about/,content/wellness/biohacking/the-led-mask-the-industry-is-buzzing-about/the-led-mask-the-industry-is-buzzing-about.mdx,wellness,2023-11-23,True,broken,portrait-render,6,0,2,2,0,4,0,0,0,0,2 small/tall portrait(s) as plain markdown → render tiny & left-flush (portrait-standard violation); 4 landscape plain-md image(s) → fill body measure (acceptable); position-correctness: not verifiable (WordPress source CDN offline)
https://www.beauticate.com/wellness/biohacking/traditional-chinese-medicine-body-clock/,content/wellness/biohacking/traditional-chinese-medicine-body-clock/traditional-chinese-medicine-body-clock.mdx,wellness,2018-06-06,True,broken,portrait-render,5,0,1,1,2,1,0,0,0,0,1 small/tall portrait(s) as plain markdown → render tiny & left-flush (portrait-standard violation); 2 portrait(s) inside consecutive-image grid (cover-cropped gallery); 1 landscape plain-md image(s) → fill body measure (acceptable); position-correctness: not verifiable (WordPress source CDN offline)
https://www.beauticate.com/wellness/biohacking/wellness-tech-red-light-sauna-sleep-tracker-review/,content/wellness/biohacking/wellness-tech-red-light-sauna-sleep-tracker-review/wellness-tech-red-light-sauna-sleep-tracker-review.mdx,wellness,2026-06-21,False,correct,clean,2,1,0,0,0,2,0,0,0,0,2 landscape plain-md image(s) → fill body measure (acceptable); 1 image(s) already in portrait-aware component(s); position-correctness: not verifiable (WordPress source CDN offline)
https://www.beauticate.com/wellness/fitness/11-things-fitspo-girls-never-do/,content/wellness/fitness/11-things-fitspo-girls-never-do/11-things-fitspo-girls-never-do.mdx,wellness,2017-02-11,True,broken,portrait-render,9,0,8,8,0,1,0,0,0,0,8 small/tall portrait(s) as plain markdown → render tiny & left-flush (portrait-standard violation); 1 landscape plain-md image(s) → fill body measure (acceptable); position-correctness: not verifiable (WordPress source CDN offline)
https://www.beauticate.com/wellness/fitness/4-exercises-the-fashion-girls-swear-by/,content/wellness/fitness/4-exercises-the-fashion-girls-swear-by/4-exercises-the-fashion-girls-swear-by.mdx,wellness,2014-02-20,True,broken,portrait-render,9,0,3,3,0,6,0,0,0,0,3 small/tall portrait(s) as plain markdown → render tiny & left-flush (portrait-standard violation); 6 landscape plain-md image(s) → fill body measure (acceptable); position-correctness: not verifiable (WordPress source CDN offline)
https://www.beauticate.com/wellness/fitness/emily-skyes-killer-workout/,content/wellness/fitness/emily-skyes-killer-workout/emily-skyes-killer-workout.mdx,wellness,2016-11-01,True,broken,portrait-render,4,0,3,3,0,1,0,0,0,0,3 small/tall portrait(s) as plain markdown → render tiny & left-flush (portrait-standard violation); 1 landscape plain-md image(s) → fill body measure (acceptable); position-correctness: not verifiable (WordPress source CDN offline)
https://www.beauticate.com/wellness/fitness/fitness-program-road-test-we-put-three-through-their-paces-1/,content/wellness/fitness/fitness-program-road-test-we-put-three-through-their-paces-1/fitness-program-road-test-we-put-three-through-their-paces-1.mdx,wellness,2016-03-15,True,correct,clean,1,0,0,0,0,0,0,0,0,0,position-correctness: not verifiable (WordPress source CDN offline)
https://www.beauticate.com/wellness/fitness/get-ready-with-rachael-finch/,content/wellness/fitness/get-ready-with-rachael-finch/get-ready-with-rachael-finch.mdx,wellness,2017-06-07,True,broken,portrait-render,6,0,5,5,0,1,0,0,0,0,5 small/tall portrait(s) as plain markdown → render tiny & left-flush (portrait-standard violation); 1 landscape plain-md image(s) → fill body measure (acceptable); position-correctness: not verifiable (WordPress source CDN offline)
https://www.beauticate.com/wellness/fitness/how-foam-rolling-can-transform-your-body-with-gwyneths-trainer-lauren-roxburgh/,content/wellness/fitness/how-foam-rolling-can-transform-your-body-with-gwyneths-trainer-lauren-roxburgh/how-foam-rolling-can-transform-your-body-with-gwyneths-trainer-lauren-roxburgh.mdx,wellness,2021-03-15,True,broken,portrait-render,6,0,2,2,0,3,0,0,0,0,2 small/tall portrait(s) as plain markdown → render tiny & left-flush (portrait-standard violation); 3 landscape plain-md image(s) → fill body measure (acceptable); position-correctness: not verifiable (WordPress source CDN offline)
https://www.beauticate.com/wellness/fitness/how-i-fit-exercise-in/,content/wellness/fitness/how-i-fit-exercise-in/how-i-fit-exercise-in.mdx,wellness,2018-10-18,True,broken,portrait-render,9,0,6,6,0,2,0,0,0,0,6 small/tall portrait(s) as plain markdown → render tiny & left-flush (portrait-standard violation); 2 landscape plain-md image(s) → fill body measure (acceptable); position-correctness: not verifiable (WordPress source CDN offline)
https://www.beauticate.com/wellness/fitness/how-i-stay-fit-with-rebecca-judd/,content/wellness/fitness/how-i-stay-fit-with-rebecca-judd/how-i-stay-fit-with-rebecca-judd.mdx,wellness,2015-10-05,True,correct,clean,9,0,0,0,0,6,0,0,0,0,6 landscape plain-md image(s) → fill body measure (acceptable); position-correctness: not verifiable (WordPress source CDN offline)
https://www.beauticate.com/wellness/fitness/how-to-get-a-base-body-babes-body/,content/wellness/fitness/how-to-get-a-base-body-babes-body/how-to-get-a-base-body-babes-body.mdx,wellness,2014-07-29,True,broken,portrait-render,11,0,3,3,5,2,0,0,0,0,3 small/tall portrait(s) as plain markdown → render tiny & left-flush (portrait-standard violation); 5 portrait(s) inside consecutive-image grid (cover-cropped gallery); 2 landscape plain-md image(s) → fill body measure (acceptable); position-correctness: not verifiable (WordPress source CDN offline)
https://www.beauticate.com/wellness/fitness/how-to-get-a-blake-lively-body-by-her-stunt-double/,content/wellness/fitness/how-to-get-a-blake-lively-body-by-her-stunt-double/how-to-get-a-blake-lively-body-by-her-stunt-double.mdx,wellness,2016-11-29,True,broken,portrait-render,8,0,7,7,0,1,0,0,0,0,7 small/tall portrait(s) as plain markdown → render tiny & left-flush (portrait-standard violation); 1 landscape plain-md image(s) → fill body measure (acceptable); position-correctness: not verifiable (WordPress source CDN offline)
https://www.beauticate.com/wellness/fitness/how-to-model-workout/,content/wellness/fitness/how-to-model-workout/how-to-model-workout.mdx,wellness,2015-01-20,True,correct,clean,13,0,0,0,0,13,0,0,0,0,13 landscape plain-md image(s) → fill body measure (acceptable); position-correctness: not verifiable (WordPress source CDN offline)
https://www.beauticate.com/wellness/fitness/how-to-pilates-for-the-ultimate-bikini-body/,content/wellness/fitness/how-to-pilates-for-the-ultimate-bikini-body/how-to-pilates-for-the-ultimate-bikini-body.mdx,wellness,2014-11-25,True,broken,portrait-render,5,0,4,4,0,1,0,0,0,0,4 small/tall portrait(s) as plain markdown → render tiny & left-flush (portrait-standard violation); 1 landscape plain-md image(s) → fill body measure (acceptable); position-correctness: not verifiable (WordPress source CDN offline)
https://www.beauticate.com/wellness/fitness/how-to-strengthen-your-core-with-kettlebells/,content/wellness/fitness/how-to-strengthen-your-core-with-kettlebells/how-to-strengthen-your-core-with-kettlebells.mdx,wellness,2014-05-21,True,broken,portrait-render,7,0,6,6,0,1,0,0,0,0,6 small/tall portrait(s) as plain markdown → render tiny & left-flush (portrait-standard violation); 1 landscape plain-md image(s) → fill body measure (acceptable); position-correctness: not verifiable (WordPress source CDN offline)
https://www.beauticate.com/wellness/fitness/how-to-workout-your-workout-bag/,content/wellness/fitness/how-to-workout-your-workout-bag/how-to-workout-your-workout-bag.mdx,wellness,2014-05-05,True,correct,clean,2,0,0,0,0,2,0,0,0,0,2 landscape plain-md image(s) → fill body measure (acceptable); position-correctness: not verifiable (WordPress source CDN offline)
https://www.beauticate.com/wellness/fitness/michelle-williams-and-busy-phillips-get-fit-by-busting-a-move/,content/wellness/fitness/michelle-williams-and-busy-phillips-get-fit-by-busting-a-move/michelle-williams-and-busy-phillips-get-fit-by-busting-a-move.mdx,wellness,2017-03-30,True,correct,clean,1,0,0,0,0,1,0,0,0,0,1 landscape plain-md image(s) → fill body measure (acceptable); position-correctness: not verifiable (WordPress source CDN offline)
https://www.beauticate.com/wellness/fitness/post-baby-workout-what-i-wish-i-knew-the-first-time-around/,content/wellness/fitness/post-baby-workout-what-i-wish-i-knew-the-first-time-around/post-baby-workout-what-i-wish-i-knew-the-first-time-around.mdx,wellness,2016-10-20,True,broken,portrait-render,8,0,7,7,0,1,0,0,0,0,7 small/tall portrait(s) as plain markdown → render tiny & left-flush (portrait-standard violation); 1 landscape plain-md image(s) → fill body measure (acceptable); position-correctness: not verifiable (WordPress source CDN offline)
https://www.beauticate.com/wellness/fitness/stuff-you-didnt-know-about-sweat-1/,content/wellness/fitness/stuff-you-didnt-know-about-sweat-1/stuff-you-didnt-know-about-sweat-1.mdx,wellness,2015-03-31,True,correct,clean,3,0,0,0,3,0,0,0,0,0,3 portrait(s) inside consecutive-image grid (cover-cropped gallery); position-correctness: not verifiable (WordPress source CDN offline)
https://www.beauticate.com/wellness/fitness/supermodel-fitness-secrets-the-best-personal-trainers-for-models/,content/wellness/fitness/supermodel-fitness-secrets-the-best-personal-trainers-for-models/supermodel-fitness-secrets-the-best-personal-trainers-for-models.mdx,wellness,2022-04-27,True,correct,clean,1,0,0,0,0,1,0,0,0,0,1 landscape plain-md image(s) → fill body measure (acceptable); position-correctness: not verifiable (WordPress source CDN offline)
https://www.beauticate.com/wellness/fitness/the-10-best-fitness-apps-2/,content/wellness/fitness/the-10-best-fitness-apps-2/the-10-best-fitness-apps-2.mdx,wellness,2018-06-13,True,broken,portrait-render,10,0,8,8,0,2,0,0,0,0,8 small/tall portrait(s) as plain markdown → render tiny & left-flush (portrait-standard violation); 2 landscape plain-md image(s) → fill body measure (acceptable); position-correctness: not verifiable (WordPress source CDN offline)
https://www.beauticate.com/wellness/fitness/the-best-instagram-workouts-for-every-type-of-exerciser/,content/wellness/fitness/the-best-instagram-workouts-for-every-type-of-exerciser/the-best-instagram-workouts-for-every-type-of-exerciser.mdx,wellness,2020-04-28,True,correct,clean,21,0,0,0,0,0,0,0,0,0,position-correctness: not verifiable (WordPress source CDN offline)
https://www.beauticate.com/wellness/fitness/the-pilates-moves-you-can-easily-sneak-into-your-day/,content/wellness/fitness/the-pilates-moves-you-can-easily-sneak-into-your-day/the-pilates-moves-you-can-easily-sneak-into-your-day.mdx,wellness,2022-09-07,True,correct,clean,6,0,0,0,0,4,0,0,0,0,4 landscape plain-md image(s) → fill body measure (acceptable); position-correctness: not verifiable (WordPress source CDN offline)
https://www.beauticate.com/wellness/fitness/these-are-the-comfiest-and-most-supportive-activewear-brands-2/,content/wellness/fitness/these-are-the-comfiest-and-most-supportive-activewear-brands-2/these-are-the-comfiest-and-most-supportive-activewear-brands-2.mdx,wellness,2022-02-22,True,broken,portrait-render,18,0,18,18,0,0,0,0,0,0,18 small/tall portrait(s) as plain markdown → render tiny & left-flush (portrait-standard violation); position-correctness: not verifiable (WordPress source CDN offline)
https://www.beauticate.com/wellness/fitness/video-hypoxi-review-on-weight-loss-and-cellulite-sigourneys-edit/,content/wellness/fitness/video-hypoxi-review-on-weight-loss-and-cellulite-sigourneys-edit/video-hypoxi-review-on-weight-loss-and-cellulite-sigourneys-edit.mdx,wellness,2018-01-31,True,correct,clean,0,0,0,0,0,0,0,0,0,0,position-correctness: not verifiable (WordPress source CDN offline)
https://www.beauticate.com/wellness/fitness/why-i-swapped-my-whoop-for-an-ultrahuman-ring-and-what-its-taught-me-about-stress-sleep-and-bio-age-copy/,content/wellness/fitness/why-i-swapped-my-whoop-for-an-ultrahuman-ring-and-what-its-taught-me-about-stress-sleep-and-bio-age-copy/why-i-swapped-my-whoop-for-an-ultrahuman-ring-and-what-its-taught-me-about-stress-sleep-and-bio-age-copy.mdx,wellness,2025-12-17,True,broken,portrait-render,2,0,1,1,0,1,0,0,0,0,1 small/tall portrait(s) as plain markdown → render tiny & left-flush (portrait-standard violation); 1 landscape plain-md image(s) → fill body measure (acceptable); position-correctness: not verifiable (WordPress source CDN offline)
https://www.beauticate.com/wellness/fitness/why-vibration-training-is-my-fitness-holy-grail/,content/wellness/fitness/why-vibration-training-is-my-fitness-holy-grail/why-vibration-training-is-my-fitness-holy-grail.mdx,wellness,2021-10-18,True,broken,portrait-render,4,0,2,2,0,2,0,0,0,0,2 small/tall portrait(s) as plain markdown → render tiny & left-flush (portrait-standard violation); 2 landscape plain-md image(s) → fill body measure (acceptable); position-correctness: not verifiable (WordPress source CDN offline)
https://www.beauticate.com/wellness/fitness/yoga-sleep-poses/,content/wellness/fitness/yoga-sleep-poses/yoga-sleep-poses.mdx,wellness,2019-01-14,True,correct,clean,3,0,0,0,0,3,0,0,0,0,3 landscape plain-md image(s) → fill body measure (acceptable); position-correctness: not verifiable (WordPress source CDN offline)
https://www.beauticate.com/wellness/health/6-reasons-to-eat-more-raw-chocolate-this-easter/,content/wellness/health/6-reasons-to-eat-more-raw-chocolate-this-easter/6-reasons-to-eat-more-raw-chocolate-this-easter.mdx,wellness,2015-04-03,True,broken,portrait-render,6,0,2,2,0,4,0,0,0,0,2 small/tall portrait(s) as plain markdown → render tiny & left-flush (portrait-standard violation); 4 landscape plain-md image(s) → fill body measure (acceptable); position-correctness: not verifiable (WordPress source CDN offline)
https://www.beauticate.com/wellness/health/9-diet-hacks-youll-thank-us-for-come-summer/,content/wellness/health/9-diet-hacks-youll-thank-us-for-come-summer/9-diet-hacks-youll-thank-us-for-come-summer.mdx,wellness,2015-09-21,True,broken,portrait-render,8,0,3,3,4,1,0,0,0,0,3 small/tall portrait(s) as plain markdown → render tiny & left-flush (portrait-standard violation); 4 portrait(s) inside consecutive-image grid (cover-cropped gallery); 1 landscape plain-md image(s) → fill body measure (acceptable); position-correctness: not verifiable (WordPress source CDN offline)
https://www.beauticate.com/wellness/health/a-nutritionist-on-binning-bad-lockdown-eating-habits/,content/wellness/health/a-nutritionist-on-binning-bad-lockdown-eating-habits/a-nutritionist-on-binning-bad-lockdown-eating-habits.mdx,wellness,2020-06-16,True,broken,portrait-render,15,0,7,7,3,2,0,0,0,0,7 small/tall portrait(s) as plain markdown → render tiny & left-flush (portrait-standard violation); 3 portrait(s) inside consecutive-image grid (cover-cropped gallery); 2 landscape plain-md image(s) → fill body measure (acceptable); position-correctness: not verifiable (WordPress source CDN offline)
https://www.beauticate.com/wellness/health/a-wellness-writers-daily-skin-glowing-food-guide/,content/wellness/health/a-wellness-writers-daily-skin-glowing-food-guide/a-wellness-writers-daily-skin-glowing-food-guide.mdx,wellness,2017-05-03,True,broken,portrait-render,2,0,1,1,0,1,0,0,0,0,1 small/tall portrait(s) as plain markdown → render tiny & left-flush (portrait-standard violation); 1 landscape plain-md image(s) → fill body measure (acceptable); position-correctness: not verifiable (WordPress source CDN offline)
https://www.beauticate.com/wellness/health/anti-ageing-banana-blueberry-pancakes/,content/wellness/health/anti-ageing-banana-blueberry-pancakes/anti-ageing-banana-blueberry-pancakes.mdx,wellness,2017-06-06,True,broken,portrait-render,3,0,2,2,0,1,0,0,0,0,2 small/tall portrait(s) as plain markdown → render tiny & left-flush (portrait-standard violation); 1 landscape plain-md image(s) → fill body measure (acceptable); position-correctness: not verifiable (WordPress source CDN offline)
https://www.beauticate.com/wellness/health/beauty-sleep-natural-toothpaste/,content/wellness/health/beauty-sleep-natural-toothpaste/beauty-sleep-natural-toothpaste.mdx,wellness,2018-03-13,True,broken,portrait-render,8,0,6,6,2,0,0,0,0,0,6 small/tall portrait(s) as plain markdown → render tiny & left-flush (portrait-standard violation); 2 portrait(s) inside consecutive-image grid (cover-cropped gallery); position-correctness: not verifiable (WordPress source CDN offline)
https://www.beauticate.com/wellness/health/beauty-sprinkles-six-nuts-and-seeds-to-consume-for-glowing-skin/,content/wellness/health/beauty-sprinkles-six-nuts-and-seeds-to-consume-for-glowing-skin/beauty-sprinkles-six-nuts-and-seeds-to-consume-for-glowing-skin.mdx,wellness,2017-07-25,True,broken,portrait-render,3,0,2,2,0,1,0,0,0,0,2 small/tall portrait(s) as plain markdown → render tiny & left-flush (portrait-standard violation); 1 landscape plain-md image(s) → fill body measure (acceptable); position-correctness: not verifiable (WordPress source CDN offline)
https://www.beauticate.com/wellness/health/breast-cancer-beauty-routine/,content/wellness/health/breast-cancer-beauty-routine/breast-cancer-beauty-routine.mdx,wellness,2026-05-03,True,broken,portrait-render,5,0,2,2,0,2,0,0,0,0,2 small/tall portrait(s) as plain markdown → render tiny & left-flush (portrait-standard violation); 2 landscape plain-md image(s) → fill body measure (acceptable); position-correctness: not verifiable (WordPress source CDN offline)
https://www.beauticate.com/wellness/health/breathwork-benefits-how-to-start/,content/wellness/health/breathwork-benefits-how-to-start/breathwork-benefits-how-to-start.mdx,wellness,2026-07-21,False,broken,portrait-render,9,4,6,6,0,3,0,0,0,0,6 small/tall portrait(s) as plain markdown → render tiny & left-flush (portrait-standard violation); 3 landscape plain-md image(s) → fill body measure (acceptable); 4 image(s) already in portrait-aware component(s); position-correctness: not verifiable (WordPress source CDN offline)
https://www.beauticate.com/wellness/health/cancer-changed-my-beauty-routine/,content/wellness/health/cancer-changed-my-beauty-routine/cancer-changed-my-beauty-routine.mdx,wellness,2026-07-21,False,broken,portrait-render,13,0,13,13,0,0,0,0,0,0,13 small/tall portrait(s) as plain markdown → render tiny & left-flush (portrait-standard violation); position-correctness: not verifiable (WordPress source CDN offline)
https://www.beauticate.com/wellness/health/crispy-coconut-chicken-with-mango-salsa/,content/wellness/health/crispy-coconut-chicken-with-mango-salsa/crispy-coconut-chicken-with-mango-salsa.mdx,wellness,2016-01-15,True,broken,portrait-render,3,0,1,1,0,1,0,0,0,0,1 small/tall portrait(s) as plain markdown → render tiny & left-flush (portrait-standard violation); 1 landscape plain-md image(s) → fill body measure (acceptable); position-correctness: not verifiable (WordPress source CDN offline)
https://www.beauticate.com/wellness/health/does-bullet-proof-coffee-live-up-to-the-hype-we-tried-it/,content/wellness/health/does-bullet-proof-coffee-live-up-to-the-hype-we-tried-it/does-bullet-proof-coffee-live-up-to-the-hype-we-tried-it.mdx,wellness,2018-04-02,True,correct,clean,4,0,0,0,0,0,0,0,0,0,position-correctness: not verifiable (WordPress source CDN offline)
https://www.beauticate.com/wellness/health/does-the-beauty-diet-actually-give-you-beautiful-skin/,content/wellness/health/does-the-beauty-diet-actually-give-you-beautiful-skin/does-the-beauty-diet-actually-give-you-beautiful-skin.mdx,wellness,2018-03-06,True,broken,portrait-render,5,0,4,4,0,1,0,0,0,0,4 small/tall portrait(s) as plain markdown → render tiny & left-flush (portrait-standard violation); 1 landscape plain-md image(s) → fill body measure (acceptable); position-correctness: not verifiable (WordPress source CDN offline)
https://www.beauticate.com/wellness/health/f257idrsg86cqyawj8durejzgkzivw/,content/wellness/health/f257idrsg86cqyawj8durejzgkzivw/f257idrsg86cqyawj8durejzgkzivw.mdx,wellness,2017-07-11,True,correct,clean,1,0,0,0,0,0,0,0,0,0,position-correctness: not verifiable (WordPress source CDN offline)
https://www.beauticate.com/wellness/health/fig-and-rosewater-chia-pudding/,content/wellness/health/fig-and-rosewater-chia-pudding/fig-and-rosewater-chia-pudding.mdx,wellness,2015-04-22,True,broken,portrait-render,6,0,1,1,4,1,0,0,0,0,1 small/tall portrait(s) as plain markdown → render tiny & left-flush (portrait-standard violation); 4 portrait(s) inside consecutive-image grid (cover-cropped gallery); 1 landscape plain-md image(s) → fill body measure (acceptable); position-correctness: not verifiable (WordPress source CDN offline)
https://www.beauticate.com/wellness/health/finally-a-diet-with-no-limit-on-calories/,content/wellness/health/finally-a-diet-with-no-limit-on-calories/finally-a-diet-with-no-limit-on-calories.mdx,wellness,2017-02-07,True,correct,clean,1,0,0,0,0,1,0,0,0,0,1 landscape plain-md image(s) → fill body measure (acceptable); position-correctness: not verifiable (WordPress source CDN offline)
https://www.beauticate.com/wellness/health/fit-into-your-fashion/,content/wellness/health/fit-into-your-fashion/fit-into-your-fashion.mdx,wellness,2017-07-07,True,broken,portrait-render,8,0,7,7,0,1,0,0,0,0,7 small/tall portrait(s) as plain markdown → render tiny & left-flush (portrait-standard violation); 1 landscape plain-md image(s) → fill body measure (acceptable); position-correctness: not verifiable (WordPress source CDN offline)
https://www.beauticate.com/wellness/health/five-cookbooks-you-need-right-now-2/,content/wellness/health/five-cookbooks-you-need-right-now-2/five-cookbooks-you-need-right-now-2.mdx,wellness,2018-05-22,True,correct,clean,6,0,0,0,0,0,0,0,0,0,position-correctness: not verifiable (WordPress source CDN offline)
https://www.beauticate.com/wellness/health/four-overnight-breakfasts-to-make-mornings-more-manageable/,content/wellness/health/four-overnight-breakfasts-to-make-mornings-more-manageable/four-overnight-breakfasts-to-make-mornings-more-manageable.mdx,wellness,2017-03-13,True,correct,clean,1,0,0,0,0,1,0,0,0,0,1 landscape plain-md image(s) → fill body measure (acceptable); position-correctness: not verifiable (WordPress source CDN offline)
https://www.beauticate.com/wellness/health/gwinganna-review-sigourneys-edit/,content/wellness/health/gwinganna-review-sigourneys-edit/gwinganna-review-sigourneys-edit.mdx,wellness,2015-01-12,True,broken,portrait-render,7,0,6,6,0,1,0,0,0,0,6 small/tall portrait(s) as plain markdown → render tiny & left-flush (portrait-standard violation); 1 landscape plain-md image(s) → fill body measure (acceptable); position-correctness: not verifiable (WordPress source CDN offline)
https://www.beauticate.com/wellness/health/healthy-snacks-that-models-eat/,content/wellness/health/healthy-snacks-that-models-eat/healthy-snacks-that-models-eat.mdx,wellness,2015-11-04,True,broken,portrait-render,6,0,6,6,0,0,0,0,0,0,6 small/tall portrait(s) as plain markdown → render tiny & left-flush (portrait-standard violation); position-correctness: not verifiable (WordPress source CDN offline)
https://www.beauticate.com/wellness/health/how-this-wellness-guru-is-navigating-isolation/,content/wellness/health/how-this-wellness-guru-is-navigating-isolation/how-this-wellness-guru-is-navigating-isolation.mdx,wellness,2020-04-07,True,broken,portrait-render,7,0,6,6,0,1,0,0,0,0,6 small/tall portrait(s) as plain markdown → render tiny & left-flush (portrait-standard violation); 1 landscape plain-md image(s) → fill body measure (acceptable); position-correctness: not verifiable (WordPress source CDN offline)
https://www.beauticate.com/wellness/health/how-to-9-easy-steps-to-a-diy-juice-cleanse/,content/wellness/health/how-to-9-easy-steps-to-a-diy-juice-cleanse/how-to-9-easy-steps-to-a-diy-juice-cleanse.mdx,wellness,2017-07-07,True,correct,clean,7,0,0,0,0,0,0,0,0,0,position-correctness: not verifiable (WordPress source CDN offline)
https://www.beauticate.com/wellness/health/how-to-be-a-healthy-bunny-this-easter/,content/wellness/health/how-to-be-a-healthy-bunny-this-easter/how-to-be-a-healthy-bunny-this-easter.mdx,wellness,2014-04-17,True,broken,portrait-render,8,0,7,7,0,1,0,0,0,0,7 small/tall portrait(s) as plain markdown → render tiny & left-flush (portrait-standard violation); 1 landscape plain-md image(s) → fill body measure (acceptable); position-correctness: not verifiable (WordPress source CDN offline)
https://www.beauticate.com/wellness/health/how-to-break-up-with-your-barista-sigourneys-edit/,content/wellness/health/how-to-break-up-with-your-barista-sigourneys-edit/how-to-break-up-with-your-barista-sigourneys-edit.mdx,wellness,2017-09-18,True,broken,portrait-render,8,0,7,7,0,1,0,0,0,0,7 small/tall portrait(s) as plain markdown → render tiny & left-flush (portrait-standard violation); 1 landscape plain-md image(s) → fill body measure (acceptable); position-correctness: not verifiable (WordPress source CDN offline)
https://www.beauticate.com/wellness/health/how-to-bring-a-skincare-routine-approach-to-your-teeth/,content/wellness/health/how-to-bring-a-skincare-routine-approach-to-your-teeth/how-to-bring-a-skincare-routine-approach-to-your-teeth.mdx,wellness,2022-11-02,True,correct,clean,11,0,0,0,0,4,0,0,0,0,4 landscape plain-md image(s) → fill body measure (acceptable); position-correctness: not verifiable (WordPress source CDN offline)
https://www.beauticate.com/wellness/health/how-to-carrots/,content/wellness/health/how-to-carrots/how-to-carrots.mdx,wellness,2014-08-20,True,correct,clean,5,0,0,0,4,1,0,0,0,0,4 portrait(s) inside consecutive-image grid (cover-cropped gallery); 1 landscape plain-md image(s) → fill body measure (acceptable); position-correctness: not verifiable (WordPress source CDN offline)
https://www.beauticate.com/wellness/health/how-to-decadent-dairy-free-raw-hot-chocolate/,content/wellness/health/how-to-decadent-dairy-free-raw-hot-chocolate/how-to-decadent-dairy-free-raw-hot-chocolate.mdx,wellness,2020-08-05,True,correct,clean,9,0,0,0,4,1,0,0,0,0,4 portrait(s) inside consecutive-image grid (cover-cropped gallery); 1 landscape plain-md image(s) → fill body measure (acceptable); position-correctness: not verifiable (WordPress source CDN offline)
https://www.beauticate.com/wellness/health/how-to-detox-in-winter-prodjuice-cleanse-review/,content/wellness/health/how-to-detox-in-winter-prodjuice-cleanse-review/how-to-detox-in-winter-prodjuice-cleanse-review.mdx,wellness,2016-07-27,True,correct,clean,6,0,0,0,0,0,0,0,0,0,position-correctness: not verifiable (WordPress source CDN offline)
https://www.beauticate.com/wellness/health/how-to-go-raw-with-skin-loving-beetroot-ravioli/,content/wellness/health/how-to-go-raw-with-skin-loving-beetroot-ravioli/how-to-go-raw-with-skin-loving-beetroot-ravioli.mdx,wellness,2014-04-28,True,correct,clean,5,0,0,0,0,1,0,0,0,0,1 landscape plain-md image(s) → fill body measure (acceptable); position-correctness: not verifiable (WordPress source CDN offline)
https://www.beauticate.com/wellness/health/how-to-grow-herbs-for-health-and-beauty-sigourneys-edit/,content/wellness/health/how-to-grow-herbs-for-health-and-beauty-sigourneys-edit/how-to-grow-herbs-for-health-and-beauty-sigourneys-edit.mdx,wellness,2015-09-17,True,broken,portrait-render,6,0,3,3,3,0,0,0,0,0,3 small/tall portrait(s) as plain markdown → render tiny & left-flush (portrait-standard violation); 3 portrait(s) inside consecutive-image grid (cover-cropped gallery); position-correctness: not verifiable (WordPress source CDN offline)
https://www.beauticate.com/wellness/health/how-to-guilt-free-corn-fritters/,content/wellness/health/how-to-guilt-free-corn-fritters/how-to-guilt-free-corn-fritters.mdx,wellness,2014-12-09,True,correct,clean,5,0,0,0,4,1,0,0,0,0,4 portrait(s) inside consecutive-image grid (cover-cropped gallery); 1 landscape plain-md image(s) → fill body measure (acceptable); position-correctness: not verifiable (WordPress source CDN offline)
https://www.beauticate.com/wellness/health/how-to-have-a-super-food-diet-without-the-super-price-tag/,content/wellness/health/how-to-have-a-super-food-diet-without-the-super-price-tag/how-to-have-a-super-food-diet-without-the-super-price-tag.mdx,wellness,2017-04-25,True,correct,clean,1,0,0,0,0,1,0,0,0,0,1 landscape plain-md image(s) → fill body measure (acceptable); position-correctness: not verifiable (WordPress source CDN offline)
https://www.beauticate.com/wellness/health/how-to-have-cake-for-breakfast-guilt-free/,content/wellness/health/how-to-have-cake-for-breakfast-guilt-free/how-to-have-cake-for-breakfast-guilt-free.mdx,wellness,2017-07-11,True,broken,portrait-render,5,0,4,4,0,1,0,0,0,0,4 small/tall portrait(s) as plain markdown → render tiny & left-flush (portrait-standard violation); 1 landscape plain-md image(s) → fill body measure (acceptable); position-correctness: not verifiable (WordPress source CDN offline)
https://www.beauticate.com/wellness/health/how-to-how-to-the-oil-pulling-detox-and-why-you-should-be-doing-it/,content/wellness/health/how-to-how-to-the-oil-pulling-detox-and-why-you-should-be-doing-it/how-to-how-to-the-oil-pulling-detox-and-why-you-should-be-doing-it.mdx,wellness,2014-09-19,True,correct,clean,5,0,0,0,0,1,0,0,0,0,1 landscape plain-md image(s) → fill body measure (acceptable); position-correctness: not verifiable (WordPress source CDN offline)
https://www.beauticate.com/wellness/health/how-to-make-a-beauty-smoothie-with-zoe-bingley-pullin/,content/wellness/health/how-to-make-a-beauty-smoothie-with-zoe-bingley-pullin/how-to-make-a-beauty-smoothie-with-zoe-bingley-pullin.mdx,wellness,2014-04-24,True,broken,portrait-render,3,0,3,3,0,0,0,0,0,0,3 small/tall portrait(s) as plain markdown → render tiny & left-flush (portrait-standard violation); position-correctness: not verifiable (WordPress source CDN offline)
https://www.beauticate.com/wellness/health/how-to-make-a-delicious-immune-boosting-bone-broth/,content/wellness/health/how-to-make-a-delicious-immune-boosting-bone-broth/how-to-make-a-delicious-immune-boosting-bone-broth.mdx,wellness,2015-07-29,True,broken,portrait-render,5,0,2,2,2,1,0,0,0,0,2 small/tall portrait(s) as plain markdown → render tiny & left-flush (portrait-standard violation); 2 portrait(s) inside consecutive-image grid (cover-cropped gallery); 1 landscape plain-md image(s) → fill body measure (acceptable); position-correctness: not verifiable (WordPress source CDN offline)
https://www.beauticate.com/wellness/health/how-to-make-a-super-healthy-fig-and-pear-loaf/,content/wellness/health/how-to-make-a-super-healthy-fig-and-pear-loaf/how-to-make-a-super-healthy-fig-and-pear-loaf.mdx,wellness,2015-05-06,True,correct,clean,4,0,0,0,2,2,0,0,0,0,2 portrait(s) inside consecutive-image grid (cover-cropped gallery); 2 landscape plain-md image(s) → fill body measure (acceptable); position-correctness: not verifiable (WordPress source CDN offline)
https://www.beauticate.com/wellness/health/how-to-make-an-antioxidant-rainbow-salad/,content/wellness/health/how-to-make-an-antioxidant-rainbow-salad/how-to-make-an-antioxidant-rainbow-salad.mdx,wellness,2014-11-05,True,correct,clean,7,0,0,0,6,1,0,0,0,0,6 portrait(s) inside consecutive-image grid (cover-cropped gallery); 1 landscape plain-md image(s) → fill body measure (acceptable); position-correctness: not verifiable (WordPress source CDN offline)
https://www.beauticate.com/wellness/health/how-to-make-jessica-sepels-beauty-brownie/,content/wellness/health/how-to-make-jessica-sepels-beauty-brownie/how-to-make-jessica-sepels-beauty-brownie.mdx,wellness,2014-10-22,True,broken,portrait-render,8,0,6,6,0,2,0,0,0,0,6 small/tall portrait(s) as plain markdown → render tiny & left-flush (portrait-standard violation); 2 landscape plain-md image(s) → fill body measure (acceptable); position-correctness: not verifiable (WordPress source CDN offline)
https://www.beauticate.com/wellness/health/how-to-make-kombucha/,content/wellness/health/how-to-make-kombucha/how-to-make-kombucha.mdx,wellness,2015-06-10,True,broken,portrait-render,3,0,3,3,0,0,0,0,0,0,3 small/tall portrait(s) as plain markdown → render tiny & left-flush (portrait-standard violation); position-correctness: not verifiable (WordPress source CDN offline)
https://www.beauticate.com/wellness/health/how-to-make-protein-balls-with-zoe-bingley-pullin/,content/wellness/health/how-to-make-protein-balls-with-zoe-bingley-pullin/how-to-make-protein-balls-with-zoe-bingley-pullin.mdx,wellness,2014-06-17,True,broken,portrait-render,5,0,5,5,0,0,0,0,0,0,5 small/tall portrait(s) as plain markdown → render tiny & left-flush (portrait-standard violation); position-correctness: not verifiable (WordPress source CDN offline)
https://www.beauticate.com/wellness/health/how-to-make-raw-chocolate-with-abigail-oneill/,content/wellness/health/how-to-make-raw-chocolate-with-abigail-oneill/how-to-make-raw-chocolate-with-abigail-oneill.mdx,wellness,2014-11-18,True,broken,portrait-render,4,0,2,2,2,0,0,0,0,0,2 small/tall portrait(s) as plain markdown → render tiny & left-flush (portrait-standard violation); 2 portrait(s) inside consecutive-image grid (cover-cropped gallery); position-correctness: not verifiable (WordPress source CDN offline)
https://www.beauticate.com/wellness/health/how-to-make-sauerkraut-for-gut-health-and-that-glow/,content/wellness/health/how-to-make-sauerkraut-for-gut-health-and-that-glow/how-to-make-sauerkraut-for-gut-health-and-that-glow.mdx,wellness,2015-02-23,True,broken,portrait-render,5,0,3,3,2,0,0,0,0,0,3 small/tall portrait(s) as plain markdown → render tiny & left-flush (portrait-standard violation); 2 portrait(s) inside consecutive-image grid (cover-cropped gallery); position-correctness: not verifiable (WordPress source CDN offline)
https://www.beauticate.com/wellness/health/how-to-turn-one-chicken-recipe-into-a-weeks-worth-of-different-lunches/,content/wellness/health/how-to-turn-one-chicken-recipe-into-a-weeks-worth-of-different-lunches/how-to-turn-one-chicken-recipe-into-a-weeks-worth-of-different-lunches.mdx,wellness,2017-04-03,True,correct,clean,1,0,0,0,0,1,0,0,0,0,1 landscape plain-md image(s) → fill body measure (acceptable); position-correctness: not verifiable (WordPress source CDN offline)
https://www.beauticate.com/wellness/health/i-spent-a-week-living-like-miranda-kerr-heres-what-happened/,content/wellness/health/i-spent-a-week-living-like-miranda-kerr-heres-what-happened/i-spent-a-week-living-like-miranda-kerr-heres-what-happened.mdx,wellness,2018-01-22,True,broken,portrait-render,4,0,3,3,0,1,0,0,0,0,3 small/tall portrait(s) as plain markdown → render tiny & left-flush (portrait-standard violation); 1 landscape plain-md image(s) → fill body measure (acceptable); position-correctness: not verifiable (WordPress source CDN offline)
https://www.beauticate.com/wellness/health/its-time-to-spring-clean-your-routine-with-these-wellness-inspired-buys/,content/wellness/health/its-time-to-spring-clean-your-routine-with-these-wellness-inspired-buys/its-time-to-spring-clean-your-routine-with-these-wellness-inspired-buys.mdx,wellness,2021-10-04,True,broken,portrait-render,10,0,5,5,0,3,0,0,0,0,5 small/tall portrait(s) as plain markdown → render tiny & left-flush (portrait-standard violation); 3 landscape plain-md image(s) → fill body measure (acceptable); position-correctness: not verifiable (WordPress source CDN offline)
https://www.beauticate.com/wellness/health/jessica-sepel-food-to-avoid/,content/wellness/health/jessica-sepel-food-to-avoid/jessica-sepel-food-to-avoid.mdx,wellness,2018-10-16,True,correct,clean,5,0,0,0,0,0,0,0,0,0,position-correctness: not verifiable (WordPress source CDN offline)
https://www.beauticate.com/wellness/health/jessica-sepel-smoothie-bowl/,content/wellness/health/jessica-sepel-smoothie-bowl/jessica-sepel-smoothie-bowl.mdx,wellness,2019-01-09,True,correct,clean,1,0,0,0,0,1,0,0,0,0,1 landscape plain-md image(s) → fill body measure (acceptable); position-correctness: not verifiable (WordPress source CDN offline)
https://www.beauticate.com/wellness/health/kick-your-water-chugging-woes-to-the-curb-heres-how-to-stay-hydrated-through-some-tasty-foods/,content/wellness/health/kick-your-water-chugging-woes-to-the-curb-heres-how-to-stay-hydrated-through-some-tasty-foods/kick-your-water-chugging-woes-to-the-curb-heres-how-to-stay-hydrated-through-some-tasty-foods.mdx,wellness,2017-02-15,True,broken,portrait-render,6,0,5,5,0,1,0,0,0,0,5 small/tall portrait(s) as plain markdown → render tiny & left-flush (portrait-standard violation); 1 landscape plain-md image(s) → fill body measure (acceptable); position-correctness: not verifiable (WordPress source CDN offline)
https://www.beauticate.com/wellness/health/nourishing-summer-chicken-salad/,content/wellness/health/nourishing-summer-chicken-salad/nourishing-summer-chicken-salad.mdx,wellness,2015-12-21,True,broken,portrait-render,3,0,2,2,0,1,0,0,0,0,2 small/tall portrait(s) as plain markdown → render tiny & left-flush (portrait-standard violation); 1 landscape plain-md image(s) → fill body measure (acceptable); position-correctness: not verifiable (WordPress source CDN offline)
https://www.beauticate.com/wellness/health/piri-piri-chicken-skewers-with-corn-red-cabbage-slaw/,content/wellness/health/piri-piri-chicken-skewers-with-corn-red-cabbage-slaw/piri-piri-chicken-skewers-with-corn-red-cabbage-slaw.mdx,wellness,2016-03-01,True,broken,portrait-render,3,0,2,2,0,1,0,0,0,0,2 small/tall portrait(s) as plain markdown → render tiny & left-flush (portrait-standard violation); 1 landscape plain-md image(s) → fill body measure (acceptable); position-correctness: not verifiable (WordPress source CDN offline)
https://www.beauticate.com/wellness/health/pregnancy-essentials-sigourneys-edit/,content/wellness/health/pregnancy-essentials-sigourneys-edit/pregnancy-essentials-sigourneys-edit.mdx,wellness,2016-01-07,True,broken,portrait-render,11,0,9,9,0,1,0,0,0,0,9 small/tall portrait(s) as plain markdown → render tiny & left-flush (portrait-standard violation); 1 landscape plain-md image(s) → fill body measure (acceptable); position-correctness: not verifiable (WordPress source CDN offline)
https://www.beauticate.com/wellness/health/recipe-complexion-loving-crusted-coconut-prawns/,content/wellness/health/recipe-complexion-loving-crusted-coconut-prawns/recipe-complexion-loving-crusted-coconut-prawns.mdx,wellness,2016-04-04,True,broken,portrait-render,3,0,2,2,0,1,0,0,0,0,2 small/tall portrait(s) as plain markdown → render tiny & left-flush (portrait-standard violation); 1 landscape plain-md image(s) → fill body measure (acceptable); position-correctness: not verifiable (WordPress source CDN offline)
https://www.beauticate.com/wellness/health/recipe-detoxing-plant-based-green-noodle-bowl/,content/wellness/health/recipe-detoxing-plant-based-green-noodle-bowl/recipe-detoxing-plant-based-green-noodle-bowl.mdx,wellness,2016-09-26,True,broken,portrait-render,2,0,1,1,0,1,0,0,0,0,1 small/tall portrait(s) as plain markdown → render tiny & left-flush (portrait-standard violation); 1 landscape plain-md image(s) → fill body measure (acceptable); position-correctness: not verifiable (WordPress source CDN offline)
https://www.beauticate.com/wellness/health/recipe-guilt-free-skin-loving-pasta-recipe/,content/wellness/health/recipe-guilt-free-skin-loving-pasta-recipe/recipe-guilt-free-skin-loving-pasta-recipe.mdx,wellness,2015-11-25,True,broken,portrait-render,3,0,3,3,0,0,0,0,0,0,3 small/tall portrait(s) as plain markdown → render tiny & left-flush (portrait-standard violation); position-correctness: not verifiable (WordPress source CDN offline)
https://www.beauticate.com/wellness/health/recipe-skin-clearing-chilli-chia-jam/,content/wellness/health/recipe-skin-clearing-chilli-chia-jam/recipe-skin-clearing-chilli-chia-jam.mdx,wellness,2017-05-15,True,broken,portrait-render,4,0,1,1,2,1,0,0,0,0,1 small/tall portrait(s) as plain markdown → render tiny & left-flush (portrait-standard violation); 2 portrait(s) inside consecutive-image grid (cover-cropped gallery); 1 landscape plain-md image(s) → fill body measure (acceptable); position-correctness: not verifiable (WordPress source CDN offline)
https://www.beauticate.com/wellness/health/recipe-the-ultimate-kale-salad/,content/wellness/health/recipe-the-ultimate-kale-salad/recipe-the-ultimate-kale-salad.mdx,wellness,2016-03-14,True,broken,portrait-render,3,0,2,2,0,1,0,0,0,0,2 small/tall portrait(s) as plain markdown → render tiny & left-flush (portrait-standard violation); 1 landscape plain-md image(s) → fill body measure (acceptable); position-correctness: not verifiable (WordPress source CDN offline)
https://www.beauticate.com/wellness/health/skin-loving-pulled-salmon-salad/,content/wellness/health/skin-loving-pulled-salmon-salad/skin-loving-pulled-salmon-salad.mdx,wellness,2015-11-02,True,correct,clean,2,0,0,0,0,0,0,0,0,0,position-correctness: not verifiable (WordPress source CDN offline)
https://www.beauticate.com/wellness/health/smoothies-to-transform-skin/,content/wellness/health/smoothies-to-transform-skin/smoothies-to-transform-skin.mdx,wellness,2024-06-02,True,broken,portrait-render,6,0,6,6,0,0,0,0,0,0,6 small/tall portrait(s) as plain markdown → render tiny & left-flush (portrait-standard violation); position-correctness: not verifiable (WordPress source CDN offline)
https://www.beauticate.com/wellness/health/spring-wellness-reboot/,content/wellness/health/spring-wellness-reboot/spring-wellness-reboot.mdx,wellness,2023-11-06,True,broken,portrait-render,10,0,3,3,6,1,0,0,0,0,3 small/tall portrait(s) as plain markdown → render tiny & left-flush (portrait-standard violation); 6 portrait(s) inside consecutive-image grid (cover-cropped gallery); 1 landscape plain-md image(s) → fill body measure (acceptable); position-correctness: not verifiable (WordPress source CDN offline)
https://www.beauticate.com/wellness/health/superfoods-bloggers-swear-by/,content/wellness/health/superfoods-bloggers-swear-by/superfoods-bloggers-swear-by.mdx,wellness,2017-07-11,True,broken,portrait-render,4,0,4,4,0,0,0,0,0,0,4 small/tall portrait(s) as plain markdown → render tiny & left-flush (portrait-standard violation); position-correctness: not verifiable (WordPress source CDN offline)
https://www.beauticate.com/wellness/health/teas-to-make-you-more-beautiful/,content/wellness/health/teas-to-make-you-more-beautiful/teas-to-make-you-more-beautiful.mdx,wellness,2016-09-06,True,correct,clean,5,0,0,0,4,1,0,0,0,0,4 portrait(s) inside consecutive-image grid (cover-cropped gallery); 1 landscape plain-md image(s) → fill body measure (acceptable); position-correctness: not verifiable (WordPress source CDN offline)
https://www.beauticate.com/wellness/health/teresa-palmer-and-chrissy-duigan-on-their-new-supplements/,content/wellness/health/teresa-palmer-and-chrissy-duigan-on-their-new-supplements/teresa-palmer-and-chrissy-duigan-on-their-new-supplements.mdx,wellness,2019-05-24,True,broken,portrait-render,11,0,5,5,0,2,0,0,0,0,5 small/tall portrait(s) as plain markdown → render tiny & left-flush (portrait-standard violation); 2 landscape plain-md image(s) → fill body measure (acceptable); position-correctness: not verifiable (WordPress source CDN offline)
https://www.beauticate.com/wellness/health/the-5-yummiest-guilt-free-pasta-and-rice-alternatives/,content/wellness/health/the-5-yummiest-guilt-free-pasta-and-rice-alternatives/the-5-yummiest-guilt-free-pasta-and-rice-alternatives.mdx,wellness,2016-09-14,True,broken,portrait-render,6,0,5,5,0,1,0,0,0,0,5 small/tall portrait(s) as plain markdown → render tiny & left-flush (portrait-standard violation); 1 landscape plain-md image(s) → fill body measure (acceptable); position-correctness: not verifiable (WordPress source CDN offline)
https://www.beauticate.com/wellness/health/the-best-basked-pumpkin-of-all-time/,content/wellness/health/the-best-basked-pumpkin-of-all-time/the-best-basked-pumpkin-of-all-time.mdx,wellness,2015-09-07,True,broken,portrait-render,8,0,7,7,0,1,0,0,0,0,7 small/tall portrait(s) as plain markdown → render tiny & left-flush (portrait-standard violation); 1 landscape plain-md image(s) → fill body measure (acceptable); position-correctness: not verifiable (WordPress source CDN offline)
https://www.beauticate.com/wellness/health/the-best-tea-for-beautiful-skin/,content/wellness/health/the-best-tea-for-beautiful-skin/the-best-tea-for-beautiful-skin.mdx,wellness,2016-05-10,True,correct,clean,1,0,0,0,0,1,0,0,0,0,1 landscape plain-md image(s) → fill body measure (acceptable); position-correctness: not verifiable (WordPress source CDN offline)
https://www.beauticate.com/wellness/health/the-only-cinco-de-mayo-recipes-youll-need/,content/wellness/health/the-only-cinco-de-mayo-recipes-youll-need/the-only-cinco-de-mayo-recipes-youll-need.mdx,wellness,2018-05-05,True,correct,clean,6,0,0,0,0,0,0,0,0,0,position-correctness: not verifiable (WordPress source CDN offline)
https://www.beauticate.com/wellness/health/the-top-superfoods-for-spring/,content/wellness/health/the-top-superfoods-for-spring/the-top-superfoods-for-spring.mdx,wellness,2015-09-14,True,broken,portrait-render,8,0,7,7,0,1,0,0,0,0,7 small/tall portrait(s) as plain markdown → render tiny & left-flush (portrait-standard violation); 1 landscape plain-md image(s) → fill body measure (acceptable); position-correctness: not verifiable (WordPress source CDN offline)
https://www.beauticate.com/wellness/health/the-truth-about-pregnancy-sigourneys-edit/,content/wellness/health/the-truth-about-pregnancy-sigourneys-edit/the-truth-about-pregnancy-sigourneys-edit.mdx,wellness,2016-03-02,True,broken,portrait-render,3,0,3,3,0,0,0,0,0,0,3 small/tall portrait(s) as plain markdown → render tiny & left-flush (portrait-standard violation); position-correctness: not verifiable (WordPress source CDN offline)
https://www.beauticate.com/wellness/health/this-superfood-is-giving-kale-a-run-for-its-money/,content/wellness/health/this-superfood-is-giving-kale-a-run-for-its-money/this-superfood-is-giving-kale-a-run-for-its-money.mdx,wellness,2017-02-28,True,broken,portrait-render,3,0,3,3,0,0,0,0,0,0,3 small/tall portrait(s) as plain markdown → render tiny & left-flush (portrait-standard violation); position-correctness: not verifiable (WordPress source CDN offline)
https://www.beauticate.com/wellness/health/what-nobody-told-me-about-my-body-after-40/,content/wellness/health/what-nobody-told-me-about-my-body-after-40/what-nobody-told-me-about-my-body-after-40.mdx,wellness,2026-06-21,False,correct,clean,2,0,0,0,0,2,0,0,0,0,2 landscape plain-md image(s) → fill body measure (acceptable); position-correctness: not verifiable (WordPress source CDN offline)
https://www.beauticate.com/wellness/health/why-soup-cleanses-are-the-latest-detox-see-ya-juicing/,content/wellness/health/why-soup-cleanses-are-the-latest-detox-see-ya-juicing/why-soup-cleanses-are-the-latest-detox-see-ya-juicing.mdx,wellness,2017-08-07,True,correct,clean,6,0,0,0,0,0,0,0,0,0,position-correctness: not verifiable (WordPress source CDN offline)
https://www.beauticate.com/wellness/health/why-you-should-be-paying-more-attention-to-your-microbiome/,content/wellness/health/why-you-should-be-paying-more-attention-to-your-microbiome/why-you-should-be-paying-more-attention-to-your-microbiome.mdx,wellness,2019-11-06,True,broken,portrait-render,10,0,1,1,6,1,0,0,0,0,1 small/tall portrait(s) as plain markdown → render tiny & left-flush (portrait-standard violation); 6 portrait(s) inside consecutive-image grid (cover-cropped gallery); 1 landscape plain-md image(s) → fill body measure (acceptable); position-correctness: not verifiable (WordPress source CDN offline)
https://www.beauticate.com/wellness/mindset/12-apps-every-busy-woman-needs/,content/wellness/mindset/12-apps-every-busy-woman-needs/12-apps-every-busy-woman-needs.mdx,wellness,2018-06-27,True,broken,portrait-render,10,0,4,4,6,0,0,0,0,0,4 small/tall portrait(s) as plain markdown → render tiny & left-flush (portrait-standard violation); 6 portrait(s) inside consecutive-image grid (cover-cropped gallery); position-correctness: not verifiable (WordPress source CDN offline)
https://www.beauticate.com/wellness/mindset/beauty-products-that-alleviate-anxiety/,content/wellness/mindset/beauty-products-that-alleviate-anxiety/beauty-products-that-alleviate-anxiety.mdx,wellness,2018-04-09,True,broken,portrait-render,5,0,2,2,2,0,0,0,0,0,2 small/tall portrait(s) as plain markdown → render tiny & left-flush (portrait-standard violation); 2 portrait(s) inside consecutive-image grid (cover-cropped gallery); position-correctness: not verifiable (WordPress source CDN offline)
https://www.beauticate.com/wellness/mindset/beauty-revolution-overcoming-the-self-love-crisis-with-the-beauty-cure/,content/wellness/mindset/beauty-revolution-overcoming-the-self-love-crisis-with-the-beauty-cure/beauty-revolution-overcoming-the-self-love-crisis-with-the-beauty-cure.mdx,wellness,2023-11-23,True,broken,portrait-render,5,0,2,2,0,3,0,0,0,0,2 small/tall portrait(s) as plain markdown → render tiny & left-flush (portrait-standard violation); 3 landscape plain-md image(s) → fill body measure (acceptable); position-correctness: not verifiable (WordPress source CDN offline)
https://www.beauticate.com/wellness/mindset/beauty-secrets-from-the-happiest-kingdom-on-earth/,content/wellness/mindset/beauty-secrets-from-the-happiest-kingdom-on-earth/beauty-secrets-from-the-happiest-kingdom-on-earth.mdx,wellness,2023-06-15,True,broken,portrait-render,12,0,5,5,1,5,0,0,0,0,5 small/tall portrait(s) as plain markdown → render tiny & left-flush (portrait-standard violation); 1 portrait(s) inside consecutive-image grid (cover-cropped gallery); 5 landscape plain-md image(s) → fill body measure (acceptable); position-correctness: not verifiable (WordPress source CDN offline)
https://www.beauticate.com/wellness/mindset/celebrating-strong-successful-and-smart-women-with-armani-beauty/,content/wellness/mindset/celebrating-strong-successful-and-smart-women-with-armani-beauty/celebrating-strong-successful-and-smart-women-with-armani-beauty.mdx,wellness,2019-12-17,True,broken,portrait-render,36,0,10,10,20,2,0,0,0,0,10 small/tall portrait(s) as plain markdown → render tiny & left-flush (portrait-standard violation); 20 portrait(s) inside consecutive-image grid (cover-cropped gallery); 2 landscape plain-md image(s) → fill body measure (acceptable); position-correctness: not verifiable (WordPress source CDN offline)
https://www.beauticate.com/wellness/mindset/chrissy-teigen-posts-refreshing-approach-to-stretch-marks/,content/wellness/mindset/chrissy-teigen-posts-refreshing-approach-to-stretch-marks/chrissy-teigen-posts-refreshing-approach-to-stretch-marks.mdx,wellness,2017-01-24,True,correct,clean,1,0,0,0,0,1,0,0,0,0,1 landscape plain-md image(s) → fill body measure (acceptable); position-correctness: not verifiable (WordPress source CDN offline)
https://www.beauticate.com/wellness/mindset/drastically-reduce-your-chances-of-developing-dementia/,content/wellness/mindset/drastically-reduce-your-chances-of-developing-dementia/drastically-reduce-your-chances-of-developing-dementia.mdx,wellness,2018-03-19,True,correct,clean,9,0,0,0,0,9,0,0,0,0,9 landscape plain-md image(s) → fill body measure (acceptable); position-correctness: not verifiable (WordPress source CDN offline)
https://www.beauticate.com/wellness/mindset/elyse-taylor-on-how-to-be-happy/,content/wellness/mindset/elyse-taylor-on-how-to-be-happy/elyse-taylor-on-how-to-be-happy.mdx,wellness,2019-03-07,True,broken,portrait-render,7,0,2,2,4,1,0,0,0,0,2 small/tall portrait(s) as plain markdown → render tiny & left-flush (portrait-standard violation); 4 portrait(s) inside consecutive-image grid (cover-cropped gallery); 1 landscape plain-md image(s) → fill body measure (acceptable); position-correctness: not verifiable (WordPress source CDN offline)
https://www.beauticate.com/wellness/mindset/how-to-break-up-with-a-negative-insta-feed/,content/wellness/mindset/how-to-break-up-with-a-negative-insta-feed/how-to-break-up-with-a-negative-insta-feed.mdx,wellness,2017-04-12,True,correct,clean,1,0,0,0,0,1,0,0,0,0,1 landscape plain-md image(s) → fill body measure (acceptable); position-correctness: not verifiable (WordPress source CDN offline)
https://www.beauticate.com/wellness/mindset/how-to-detox-digitally/,content/wellness/mindset/how-to-detox-digitally/how-to-detox-digitally.mdx,wellness,2018-10-29,True,broken,portrait-render,3,0,2,2,0,1,0,0,0,0,2 small/tall portrait(s) as plain markdown → render tiny & left-flush (portrait-standard violation); 1 landscape plain-md image(s) → fill body measure (acceptable); position-correctness: not verifiable (WordPress source CDN offline)
https://www.beauticate.com/wellness/mindset/how-to-have-a-girls-weekend-away-without-the-fuss-your-health-demands-it/,content/wellness/mindset/how-to-have-a-girls-weekend-away-without-the-fuss-your-health-demands-it/how-to-have-a-girls-weekend-away-without-the-fuss-your-health-demands-it.mdx,wellness,2017-08-22,True,correct,clean,7,0,0,0,0,0,0,0,0,0,position-correctness: not verifiable (WordPress source CDN offline)
https://www.beauticate.com/wellness/mindset/i-learned-vedic-meditation-and-this-is-how-it-changed-my-life/,content/wellness/mindset/i-learned-vedic-meditation-and-this-is-how-it-changed-my-life/i-learned-vedic-meditation-and-this-is-how-it-changed-my-life.mdx,wellness,2019-10-01,True,broken,portrait-render,10,0,6,6,0,4,0,0,0,0,6 small/tall portrait(s) as plain markdown → render tiny & left-flush (portrait-standard violation); 4 landscape plain-md image(s) → fill body measure (acceptable); position-correctness: not verifiable (WordPress source CDN offline)
https://www.beauticate.com/wellness/mindset/i-thought-i-wasnt-enough-terri-vinson-jones-on-body-image-anxiety-and-self-worth/,content/wellness/mindset/i-thought-i-wasnt-enough-terri-vinson-jones-on-body-image-anxiety-and-self-worth/i-thought-i-wasnt-enough-terri-vinson-jones-on-body-image-anxiety-and-self-worth.mdx,wellness,2025-05-29,True,broken,portrait-render,7,0,3,3,0,3,0,0,0,0,3 small/tall portrait(s) as plain markdown → render tiny & left-flush (portrait-standard violation); 3 landscape plain-md image(s) → fill body measure (acceptable); position-correctness: not verifiable (WordPress source CDN offline)
https://www.beauticate.com/wellness/mindset/i-was-trying-so-hard-to-keep-up-friends-star-admits-to-overdoing-fillers/,content/wellness/mindset/i-was-trying-so-hard-to-keep-up-friends-star-admits-to-overdoing-fillers/i-was-trying-so-hard-to-keep-up-friends-star-admits-to-overdoing-fillers.mdx,wellness,2017-08-01,True,correct,clean,1,0,0,0,0,1,0,0,0,0,1 landscape plain-md image(s) → fill body measure (acceptable); position-correctness: not verifiable (WordPress source CDN offline)
https://www.beauticate.com/wellness/mindset/jess-sepel-on-ocd-healing-from-disordered-eating-grief-and-building-jshealth-with-heart/,content/wellness/mindset/jess-sepel-on-ocd-healing-from-disordered-eating-grief-and-building-jshealth-with-heart/jess-sepel-on-ocd-healing-from-disordered-eating-grief-and-building-jshealth-with-heart.mdx,wellness,2025-05-14,True,broken,portrait-render,8,0,3,3,0,4,0,0,0,0,3 small/tall portrait(s) as plain markdown → render tiny & left-flush (portrait-standard violation); 4 landscape plain-md image(s) → fill body measure (acceptable); position-correctness: not verifiable (WordPress source CDN offline)
https://www.beauticate.com/wellness/mindset/jessica-maguire-on-why-anxiety-gut-issues-and-chronic-pain-are-all-connected/,content/wellness/mindset/jessica-maguire-on-why-anxiety-gut-issues-and-chronic-pain-are-all-connected/jessica-maguire-on-why-anxiety-gut-issues-and-chronic-pain-are-all-connected.mdx,wellness,2025-03-26,True,broken,portrait-render,7,0,3,3,0,3,0,0,0,0,3 small/tall portrait(s) as plain markdown → render tiny & left-flush (portrait-standard violation); 3 landscape plain-md image(s) → fill body measure (acceptable); position-correctness: not verifiable (WordPress source CDN offline)
https://www.beauticate.com/wellness/mindset/kill-signs-of-aging-with-kindness/,content/wellness/mindset/kill-signs-of-aging-with-kindness/kill-signs-of-aging-with-kindness.mdx,wellness,2017-03-20,True,correct,clean,1,0,0,0,0,1,0,0,0,0,1 landscape plain-md image(s) → fill body measure (acceptable); position-correctness: not verifiable (WordPress source CDN offline)
https://www.beauticate.com/wellness/mindset/lindsay-price-on-healing-childhood-trauma-life-with-curtis-stone-and-her-hollywood-journey/,content/wellness/mindset/lindsay-price-on-healing-childhood-trauma-life-with-curtis-stone-and-her-hollywood-journey/lindsay-price-on-healing-childhood-trauma-life-with-curtis-stone-and-her-hollywood-journey.mdx,wellness,2025-04-09,True,broken,portrait-render,7,0,3,3,0,3,0,0,0,0,3 small/tall portrait(s) as plain markdown → render tiny & left-flush (portrait-standard violation); 3 landscape plain-md image(s) → fill body measure (acceptable); position-correctness: not verifiable (WordPress source CDN offline)
https://www.beauticate.com/wellness/mindset/lola-berry-on-ivf-trauma-cancel-culture-finding-peace-after-heartbreak/,content/wellness/mindset/lola-berry-on-ivf-trauma-cancel-culture-finding-peace-after-heartbreak/lola-berry-on-ivf-trauma-cancel-culture-finding-peace-after-heartbreak.mdx,wellness,2025-06-14,True,broken,portrait-render,7,0,3,3,0,3,0,0,0,0,3 small/tall portrait(s) as plain markdown → render tiny & left-flush (portrait-standard violation); 3 landscape plain-md image(s) → fill body measure (acceptable); position-correctness: not verifiable (WordPress source CDN offline)
https://www.beauticate.com/wellness/mindset/miranda-kerr-on-faith-family-and-that-first-date-where-he-fell-asleep/,content/wellness/mindset/miranda-kerr-on-faith-family-and-that-first-date-where-he-fell-asleep/miranda-kerr-on-faith-family-and-that-first-date-where-he-fell-asleep.mdx,wellness,2025-02-12,True,broken,portrait-render,7,0,3,3,0,3,0,0,0,0,3 small/tall portrait(s) as plain markdown → render tiny & left-flush (portrait-standard violation); 3 landscape plain-md image(s) → fill body measure (acceptable); position-correctness: not verifiable (WordPress source CDN offline)
https://www.beauticate.com/wellness/mindset/the-upside-of-stress-sigourneys-edit/,content/wellness/mindset/the-upside-of-stress-sigourneys-edit/the-upside-of-stress-sigourneys-edit.mdx,wellness,2017-04-07,True,correct,clean,3,0,0,0,0,3,0,0,0,0,3 landscape plain-md image(s) → fill body measure (acceptable); position-correctness: not verifiable (WordPress source CDN offline)
https://www.beauticate.com/wellness/mindset/these-are-the-powerful-beauty-habits-you-can-finally-adopt-while-social-distancing/,content/wellness/mindset/these-are-the-powerful-beauty-habits-you-can-finally-adopt-while-social-distancing/these-are-the-powerful-beauty-habits-you-can-finally-adopt-while-social-distancing.mdx,wellness,2020-04-06,True,broken,portrait-render,4,0,1,1,3,0,0,0,0,0,1 small/tall portrait(s) as plain markdown → render tiny & left-flush (portrait-standard violation); 3 portrait(s) inside consecutive-image grid (cover-cropped gallery); position-correctness: not verifiable (WordPress source CDN offline)
https://www.beauticate.com/wellness/mindset/this-is-all-the-content-were-consuming-to-get-us-through-social-distancing/,content/wellness/mindset/this-is-all-the-content-were-consuming-to-get-us-through-social-distancing/this-is-all-the-content-were-consuming-to-get-us-through-social-distancing.mdx,wellness,2020-04-21,True,broken,portrait-render,18,0,18,18,0,0,0,0,0,0,18 small/tall portrait(s) as plain markdown → render tiny & left-flush (portrait-standard violation); position-correctness: not verifiable (WordPress source CDN offline)
https://www.beauticate.com/wellness/mindset/two-models-take-on-body-shamers-one-insta-at-a-time/,content/wellness/mindset/two-models-take-on-body-shamers-one-insta-at-a-time/two-models-take-on-body-shamers-one-insta-at-a-time.mdx,wellness,2017-03-10,True,correct,clean,1,0,0,0,0,1,0,0,0,0,1 landscape plain-md image(s) → fill body measure (acceptable); position-correctness: not verifiable (WordPress source CDN offline)
https://www.beauticate.com/wellness/mindset/video-how-to-voteyes-with-darren-palmer-and-husband-olivier-duvillard/,content/wellness/mindset/video-how-to-voteyes-with-darren-palmer-and-husband-olivier-duvillard/video-how-to-voteyes-with-darren-palmer-and-husband-olivier-duvillard.mdx,wellness,2017-09-12,True,correct,clean,1,0,0,0,0,1,0,0,0,0,1 landscape plain-md image(s) → fill body measure (acceptable); position-correctness: not verifiable (WordPress source CDN offline)
https://www.beauticate.com/wellness/mindset/video-we-meet-four-beauty-scholars-achieving-their-dreams/,content/wellness/mindset/video-we-meet-four-beauty-scholars-achieving-their-dreams/video-we-meet-four-beauty-scholars-achieving-their-dreams.mdx,wellness,2021-11-15,True,correct,clean,4,0,0,0,0,0,0,0,0,0,position-correctness: not verifiable (WordPress source CDN offline)
https://www.beauticate.com/wellness/mindset/what-is-beauty-anyway/,content/wellness/mindset/what-is-beauty-anyway/what-is-beauty-anyway.mdx,wellness,2015-11-30,True,broken,portrait-render,5,0,2,2,2,1,0,0,0,0,2 small/tall portrait(s) as plain markdown → render tiny & left-flush (portrait-standard violation); 2 portrait(s) inside consecutive-image grid (cover-cropped gallery); 1 landscape plain-md image(s) → fill body measure (acceptable); position-correctness: not verifiable (WordPress source CDN offline)
https://www.beauticate.com/wellness/mindset/why-giving-back-became-non-negotiable-by-shentel-lee/,content/wellness/mindset/why-giving-back-became-non-negotiable-by-shentel-lee/why-giving-back-became-non-negotiable-by-shentel-lee.mdx,wellness,2026-06-07,True,correct,clean,4,0,0,0,0,4,0,0,0,0,4 landscape plain-md image(s) → fill body measure (acceptable); position-correctness: not verifiable (WordPress source CDN offline)
